subject,trial,absolute_f1,expected_minus_actual,amplitude,percentage,target,comments
sp001,1,0,0,65,0,300,length of final window too small
sp001,5,0,0,274,0,300,length of final window too small
sp001,8,0,0,244,0,300,length of final window too small
sp001,21,0,0,282,0,300,length of final window too small
sp001,24,0,0,159,0,300,length of final window too small
sp001,30,0,0,272,0,300,length of final window too small
sp001,32,0,0,163,0,300,length of final window too small
sp001,52,0,0,245,0,300,length of final window too small
sp001,58,0,0,270,0,300,length of final window too small
sp001,63,0,0,136,0,300,length of final window too small
sp001,72,0,0,224,0,300,length of final window too small
sp001,77,0,0,156,0,300,length of final window too small
sp001,81,0,0,295,0,300,length of final window too small
sp001,88,0,0,139,0,300,length of final window too small
sp001,95,0,0,203,0,300,length of final window too small
sp001,144,0,0,211,0,300,length of final window too small
sp001,152,0,0,219,0,300,length of final window too small
sp001,168,0,0,129,0,300,length of final window too small
sp001,183,0,0,194,0,300,length of final window too small
sp001,192,0,0,133,0,300,length of final window too small
sp001,208,0,0,275,0,300,length of final window too small
sp001,228,0,0,113,0,300,length of final window too small
sp001,235,0,0,235,0,300,length of final window too small
sp001,264,0,0,73,0,300,length of final window too small
sp001,286,0,0,54,0,300,length of final window too small
sp001,312,0,0,139,0,300,length of final window too small
sp001,314,0,0,256,0,300,length of final window too small
sp001,354,0,0,288,0,300,length of final window too small
sp001,355,0,0,117,0,300,length of final window too small
sp002,7,0,0,246,0,300,length of final window too small
sp002,142,0,0,265,0,300,length of final window too small
sp002,169,0,0,216,0,300,length of final window too small
sp002,184,0,0,186,0,300,length of final window too small
sp002,188,0,0,157,0,300,length of final window too small
sp002,236,0,0,175,0,300,length of final window too small
sp002,245,0,0,77,0,300,length of final window too small
sp002,260,0,0,235,0,300,length of final window too small
sp002,353,0,0,257,0,300,length of final window too small
sp003,11,0,0,82,0,300,length of final window too small
sp003,13,0,0,290,0,300,length of final window too small
sp003,14,0,0,238,0,300,length of final window too small
sp003,27,0,0,146,0,300,length of final window too small
sp003,67,0,0,165,0,300,length of final window too small
sp003,69,0,0,249,0,300,length of final window too small
sp003,102,0,0,247,0,300,length of final window too small
sp003,128,0,0,238,0,300,length of final window too small
sp003,147,0,0,206,0,300,length of final window too small
sp003,168,0,0,285,0,300,length of final window too small
sp003,181,0,0,178,0,300,length of final window too small
sp003,185,0,0,217,0,300,length of final window too small
sp003,189,0,0,213,0,300,length of final window too small
sp003,196,0,0,262,0,300,length of final window too small
sp003,202,0,0,195,0,300,length of final window too small
sp003,248,0,0,75,0,300,length of final window too small
sp003,251,0,0,102,0,300,length of final window too small
sp003,267,0,0,273,0,300,length of final window too small
sp003,270,0,0,116,0,300,length of final window too small
sp003,275,0,0,0,0,300,length of final window too small
sp003,278,0,0,236,0,300,length of final window too small
sp003,291,0,0,250,0,300,length of final window too small
sp003,294,0,0,142,0,300,length of final window too small
sp003,295,0,0,299,0,300,length of final window too small
sp003,307,0,0,29,0,300,length of final window too small
sp003,315,0,0,238,0,300,length of final window too small
sp004,46,0,0,271,0,300,length of final window too small
sp004,264,0,0,94,0,300,length of final window too small
sp004,352,0,0,278,0,300,length of final window too small
sp005,25,0,0,136,0,300,length of final window too small
sp005,34,0,0,231,0,300,length of final window too small
sp005,60,0,0,0,0,300,length of final window too small
sp005,62,0,0,291,0,300,length of final window too small
sp005,65,0,0,2,0,300,length of final window too small
sp005,66,0,0,62,0,300,length of final window too small
sp005,76,0,0,173,0,300,length of final window too small
sp005,77,0,0,121,0,300,length of final window too small
sp005,78,0,0,123,0,300,length of final window too small
sp005,79,0,0,104,0,300,length of final window too small
sp005,80,0,0,86,0,300,length of final window too small
sp005,85,0,0,286,0,300,length of final window too small
sp005,109,0,0,229,0,300,length of final window too small
sp005,112,0,0,170,0,300,length of final window too small
sp005,115,0,0,0,0,300,length of final window too small
sp005,120,0,0,221,0,300,length of final window too small
sp005,140,0,0,0,0,300,length of final window too small
sp005,145,0,0,291,0,300,length of final window too small
sp005,154,0,0,70,0,300,length of final window too small
sp005,155,0,0,292,0,300,length of final window too small
sp005,158,0,0,299,0,300,length of final window too small
sp005,165,0,0,87,0,300,length of final window too small
sp005,168,0,0,222,0,300,length of final window too small
sp005,171,0,0,180,0,300,length of final window too small
sp005,196,0,0,194,0,300,length of final window too small
sp005,205,0,0,154,0,300,length of final window too small
sp005,229,0,0,238,0,300,length of final window too small
sp005,234,0,0,0,0,300,length of final window too small
sp005,239,0,0,0,0,300,length of final window too small
sp005,250,0,0,281,0,300,length of final window too small
sp005,253,0,0,0,0,300,length of final window too small
sp005,259,0,0,111,0,300,length of final window too small
sp005,268,0,0,0,0,300,length of final window too small
sp005,283,0,0,108,0,300,length of final window too small
sp005,299,0,0,174,0,300,length of final window too small
sp005,318,0,0,48,0,300,length of final window too small
sp005,329,0,0,276,0,300,length of final window too small
sp005,331,0,0,276,0,300,length of final window too small
sp005,334,0,0,91,0,300,length of final window too small
sp005,347,0,0,238,0,300,length of final window too small
sp007,77,0,0,221,0,300,length of final window too small
sp007,78,0,0,0,0,300,length of final window too small
sp007,82,0,0,0,0,300,length of final window too small
sp007,89,0,0,298,0,300,length of final window too small
sp007,92,0,0,207,0,300,length of final window too small
sp007,97,0,0,0,0,300,length of final window too small
sp007,115,0,0,44,0,300,length of final window too small
sp007,131,0,0,0,0,300,length of final window too small
sp007,161,0,0,31,0,300,length of final window too small
sp007,173,0,0,226,0,300,length of final window too small
sp007,175,0,0,29,0,300,length of final window too small
sp007,186,0,0,0,0,300,length of final window too small
sp007,187,0,0,216,0,300,length of final window too small
sp007,198,0,0,0,0,300,length of final window too small
sp007,200,0,0,190,0,300,length of final window too small
sp007,201,0,0,164,0,300,length of final window too small
sp007,216,0,0,239,0,300,length of final window too small
sp007,222,0,0,255,0,300,length of final window too small
sp007,230,0,0,289,0,300,length of final window too small
sp007,231,0,0,17,0,300,length of final window too small
sp007,233,0,0,273,0,300,length of final window too small
sp007,240,0,0,142,0,300,length of final window too small
sp007,241,0,0,229,0,300,length of final window too small
sp007,242,0,0,238,0,300,length of final window too small
sp007,246,0,0,288,0,300,length of final window too small
sp007,252,0,0,104,0,300,length of final window too small
sp007,254,0,0,78,0,300,length of final window too small
sp007,258,0,0,192,0,300,length of final window too small
sp007,273,0,0,251,0,300,length of final window too small
sp007,276,0,0,238,0,300,length of final window too small
sp007,277,0,0,267,0,300,length of final window too small
sp007,278,0,0,40,0,300,length of final window too small
sp007,280,0,0,141,0,300,length of final window too small
sp007,281,0,0,278,0,300,length of final window too small
sp007,286,0,0,272,0,300,length of final window too small
sp007,289,0,0,124,0,300,length of final window too small
sp007,290,0,0,28,0,300,length of final window too small
sp007,297,0,0,291,0,300,length of final window too small
sp007,299,0,0,190,0,300,length of final window too small
sp007,318,0,0,0,0,300,length of final window too small
sp007,325,0,0,260,0,300,length of final window too small
sp007,327,0,0,205,0,300,length of final window too small
sp007,329,0,0,273,0,300,length of final window too small
sp007,360,0,0,27,0,300,length of final window too small
sp008,12,0,0,75,0,300,length of final window too small
sp008,16,0,0,237,0,300,length of final window too small
sp008,19,0,0,0,0,300,length of final window too small
sp008,40,0,0,156,0,300,length of final window too small
sp008,81,0,0,293,0,300,length of final window too small
sp008,82,0,0,257,0,300,length of final window too small
sp008,85,0,0,98,0,300,length of final window too small
sp008,89,0,0,240,0,300,length of final window too small
sp008,240,0,0,286,0,300,length of final window too small
sp009,34,0,0,266,0,300,length of final window too small
sp010,135,0,0,289,0,300,length of final window too small
sp010,214,0,0,258,0,300,length of final window too small
sp010,301,0,0,189,0,300,length of final window too small
sp011,35,0,0,226,0,300,length of final window too small
sp011,48,0,0,213,0,300,length of final window too small
sp011,65,0,0,148,0,300,length of final window too small
sp011,68,0,0,182,0,300,length of final window too small
sp011,69,0,0,111,0,300,length of final window too small
sp011,155,0,0,159,0,300,length of final window too small
sp011,168,0,0,231,0,300,length of final window too small
sp011,171,0,0,104,0,300,length of final window too small
sp011,185,0,0,172,0,300,length of final window too small
sp011,275,0,0,222,0,300,length of final window too small
sp011,288,0,0,27,0,300,length of final window too small
sp011,291,0,0,110,0,300,length of final window too small
sp011,309,0,0,99,0,300,length of final window too small
sp011,318,0,0,178,0,300,length of final window too small
sp011,334,0,0,277,0,300,length of final window too small
sp011,354,0,0,226,0,300,length of final window too small
sp012,21,0,0,262,0,300,length of final window too small
sp012,169,0,0,175,0,300,length of final window too small
sp012,238,0,0,0,0,300,length of final window too small
sp012,261,0,0,0,0,300,length of final window too small
sp012,288,0,0,0,0,300,length of final window too small
sp012,300,0,0,232,0,300,length of final window too small
sp012,308,0,0,0,0,300,length of final window too small
sp012,313,0,0,0,0,300,length of final window too small
sp012,318,0,0,123,0,300,length of final window too small
sp012,320,0,0,0,0,300,length of final window too small
sp012,331,0,0,91,0,300,length of final window too small
sp012,334,0,0,0,0,300,length of final window too small
sp012,346,0,0,45,0,300,length of final window too small
sp012,351,0,0,129,0,300,length of final window too small
sp013,60,0,0,277,0,300,length of final window too small
sp013,80,0,0,294,0,300,length of final window too small
sp013,109,0,0,297,0,300,length of final window too small
sp013,111,0,0,299,0,300,length of final window too small
sp013,116,0,0,281,0,300,length of final window too small
sp013,130,0,0,239,0,300,length of final window too small
sp013,136,0,0,295,0,300,length of final window too small
sp013,146,0,0,285,0,300,length of final window too small
sp013,149,0,0,10,0,300,length of final window too small
sp013,165,0,0,254,0,300,length of final window too small
sp013,173,0,0,47,0,300,length of final window too small
sp013,176,0,0,0,0,300,length of final window too small
sp013,179,0,0,286,0,300,length of final window too small
sp013,180,0,0,229,0,300,length of final window too small
sp013,200,0,0,297,0,300,length of final window too small
sp013,229,0,0,271,0,300,length of final window too small
sp013,231,0,0,266,0,300,length of final window too small
sp013,300,0,0,273,0,300,length of final window too small
sp013,320,0,0,238,0,300,length of final window too small
sp013,349,0,0,282,0,300,length of final window too small
sp013,351,0,0,256,0,300,length of final window too small
sp015,5,0,0,239,0,300,length of final window too small
sp015,38,0,0,62,0,300,length of final window too small
sp015,56,0,0,199,0,300,length of final window too small
sp015,84,0,0,237,0,300,length of final window too small
sp015,182,0,0,274,0,300,length of final window too small
sp015,245,0,0,74,0,300,length of final window too small
sp016,21,0,0,270,0,300,length of final window too small
sp016,96,0,0,0,0,300,length of final window too small
sp016,216,0,0,293,0,300,length of final window too small
sp016,259,0,0,249,0,300,length of final window too small
sp016,261,0,0,210,0,300,length of final window too small
sp016,322,0,0,275,0,300,length of final window too small
