subject,trial,excluded,windowStart,windowEnd
sp001,1,1,0,0
sp001,2,0,568,1059
sp001,3,0,735,1342
sp001,4,0,737,1263
sp001,5,0,776,1049
sp001,6,0,780,1209
sp001,7,0,519,838
sp001,8,0,663,906
sp001,9,0,762,1174
sp001,10,0,543,1145
sp001,11,0,498,1134
sp001,12,0,606,1160
sp001,13,0,469,889
sp001,14,0,740,1162
sp001,15,0,555,1024
sp001,16,0,671,1233
sp001,17,0,580,1195
sp001,18,0,684,1137
sp001,19,0,639,976
sp001,20,0,656,1122
sp001,21,0,717,998
sp001,22,0,781,1144
sp001,23,0,586,1057
sp001,24,1,0,0
sp001,25,0,547,1029
sp001,26,0,487,1152
sp001,27,0,618,1128
sp001,28,0,814,1317
sp001,29,0,842,1152
sp001,30,0,707,978
sp001,31,0,727,1081
sp001,32,0,823,985
sp001,33,0,409,992
sp001,34,0,638,1139
sp001,35,0,427,1035
sp001,36,0,504,1059
sp001,37,0,627,1130
sp001,38,0,534,1256
sp001,39,0,643,1086
sp001,40,0,526,995
sp001,41,0,464,1208
sp001,42,0,520,1105
sp001,43,0,595,1156
sp001,44,0,547,1027
sp001,45,0,404,1041
sp001,46,0,753,1179
sp001,47,0,491,1077
sp001,48,0,513,1026
sp001,49,0,685,1089
sp001,50,0,557,1140
sp001,51,0,456,1048
sp001,52,0,458,702
sp001,53,0,694,1111
sp001,54,0,403,956
sp001,55,0,577,1110
sp001,56,0,576,1081
sp001,57,0,513,1255
sp001,58,0,751,1020
sp001,59,0,781,1195
sp001,60,0,549,1138
sp001,61,0,559,986
sp001,62,0,689,1253
sp001,63,0,556,691
sp001,64,0,333,1044
sp001,65,0,451,1152
sp001,66,0,605,1171
sp001,67,0,498,1043
sp001,68,0,421,1128
sp001,69,0,539,1162
sp001,70,0,788,1235
sp001,71,0,706,1034
sp001,72,0,390,613
sp001,73,0,426,1134
sp001,74,0,623,1082
sp001,75,0,699,1371
sp001,76,0,514,1234
sp001,77,1,0,0
sp001,78,0,490,1147
sp001,79,0,469,1132
sp001,80,0,524,1178
sp001,81,0,737,1031
sp001,82,0,581,1226
sp001,83,0,380,1171
sp001,84,0,626,1313
sp001,85,0,746,1371
sp001,86,0,644,1225
sp001,87,0,483,1020
sp001,88,0,1154,1292
sp001,89,0,629,1219
sp001,90,0,411,1107
sp001,91,0,638,1332
sp001,92,0,532,1200
sp001,93,0,455,1283
sp001,94,0,810,1481
sp001,95,0,693,895
sp001,96,0,320,1174
sp001,97,0,524,1246
sp001,98,0,554,1117
sp001,99,0,504,1206
sp001,100,0,446,1095
sp001,101,0,503,1188
sp001,102,0,567,1136
sp001,103,0,751,1259
sp001,104,0,509,1120
sp001,105,0,510,1115
sp001,106,0,336,1081
sp001,107,0,544,1232
sp001,108,0,610,1323
sp001,109,0,591,1098
sp001,110,0,598,1201
sp001,111,0,538,1098
sp001,112,0,716,1183
sp001,113,0,558,1166
sp001,114,0,554,1158
sp001,115,0,605,1206
sp001,116,0,690,1113
sp001,117,0,466,1085
sp001,118,0,590,1106
sp001,119,0,481,1124
sp001,120,0,583,1206
sp002,1,0,673,1166
sp002,2,0,693,1328
sp002,3,0,634,1432
sp002,4,0,605,1460
sp002,5,0,549,1298
sp002,6,0,594,1366
sp002,7,1,0,0
sp002,8,0,516,1351
sp002,9,0,613,1292
sp002,10,0,723,1381
sp002,11,0,533,1404
sp002,12,0,629,1403
sp002,13,0,578,1344
sp002,14,0,589,1097
sp002,15,0,587,1352
sp002,16,0,564,1266
sp002,17,0,489,1389
sp002,18,0,606,1387
sp002,19,0,586,1373
sp002,20,0,533,1379
sp002,21,0,647,1508
sp002,22,0,532,1289
sp002,23,0,524,1392
sp002,24,0,532,1320
sp002,25,0,524,1404
sp002,26,0,741,1449
sp002,27,0,651,1421
sp002,28,0,542,1416
sp002,29,0,523,1503
sp002,30,0,581,1435
sp002,31,0,720,1358
sp002,32,0,428,1314
sp002,33,0,566,1471
sp002,34,0,710,1564
sp002,35,0,662,1582
sp002,36,0,673,1386
sp002,37,0,587,1505
sp002,38,0,591,1547
sp002,39,0,440,1277
sp002,40,0,507,1204
sp002,41,0,542,1310
sp002,42,0,586,1344
sp002,43,0,659,1287
sp002,44,0,502,1478
sp002,45,0,491,1266
sp002,46,0,554,1430
sp002,47,0,673,1338
sp002,48,0,565,1319
sp002,49,1,0,0
sp002,50,0,655,1444
sp002,51,0,692,1463
sp002,52,0,592,1266
sp002,53,0,451,1166
sp002,54,0,652,1281
sp002,55,0,617,1368
sp002,56,0,568,1418
sp002,57,0,661,1405
sp002,58,0,687,1461
sp002,59,0,519,1252
sp002,60,0,528,1399
sp002,61,0,786,1417
sp002,62,0,704,1255
sp002,63,0,360,1171
sp002,64,0,585,1233
sp002,65,0,477,1185
sp002,66,0,367,1185
sp002,67,0,702,1351
sp002,68,0,608,1426
sp002,69,0,408,1143
sp002,70,0,670,1384
sp002,71,0,594,1398
sp002,72,0,523,1336
sp002,73,0,707,1486
sp002,74,0,536,1356
sp002,75,0,547,1300
sp002,76,0,555,1191
sp002,77,0,549,1264
sp002,78,0,676,1335
sp002,79,0,495,1182
sp002,80,0,582,1295
sp002,81,0,380,1268
sp002,82,0,780,1289
sp002,83,0,748,1246
sp002,84,0,490,1281
sp002,85,0,629,1303
sp002,86,0,618,1357
sp002,87,0,721,1380
sp002,88,0,779,1417
sp002,89,0,527,1385
sp002,90,0,610,1438
sp002,91,0,743,1520
sp002,92,0,534,1334
sp002,93,0,520,1466
sp002,94,0,655,1416
sp002,95,0,498,1349
sp002,96,0,566,1520
sp002,97,0,720,1401
sp002,98,0,575,1413
sp002,99,0,674,1403
sp002,100,0,678,1262
sp002,101,0,730,1296
sp002,102,0,801,1445
sp002,103,0,648,1192
sp002,104,0,635,1299
sp002,105,0,636,1277
sp002,106,0,554,1241
sp002,107,0,512,1398
sp002,108,0,544,1341
sp002,109,0,619,1386
sp002,110,0,445,1206
sp002,111,0,575,1514
sp002,112,0,386,1200
sp002,113,0,613,1536
sp002,114,0,305,1365
sp002,115,0,738,1485
sp002,116,0,517,1415
sp002,117,0,340,867
sp002,118,0,604,1190
sp002,119,0,645,1381
sp002,120,0,497,1182
sp003,1,0,529,992
sp003,2,1,0,0
sp003,3,0,552,1180
sp003,4,0,587,1298
sp003,5,0,604,1341
sp003,6,1,0,0
sp003,7,0,779,1360
sp003,8,1,0,0
sp003,9,0,715,1075
sp003,10,0,516,1235
sp003,11,1,0,0
sp003,12,0,439,1203
sp003,13,0,691,980
sp003,14,1,0,0
sp003,15,0,635,1314
sp003,16,0,740,1280
sp003,17,0,496,1195
sp003,18,0,488,1336
sp003,19,0,594,1385
sp003,20,0,648,1377
sp003,21,0,458,1252
sp003,22,0,592,1292
sp003,23,0,520,1323
sp003,24,0,706,1488
sp003,25,0,600,1469
sp003,26,0,509,1348
sp003,27,1,0,0
sp003,28,0,530,1322
sp003,29,0,576,1349
sp003,30,0,671,1467
sp003,31,0,637,1274
sp003,32,0,579,1345
sp003,33,0,642,1370
sp003,34,0,758,1444
sp003,35,0,625,1485
sp003,36,0,505,1423
sp003,37,0,528,1308
sp003,38,0,550,1265
sp003,39,0,366,1119
sp003,40,0,446,1270
sp003,41,0,551,1365
sp003,42,0,686,1516
sp003,43,0,573,1381
sp003,44,0,576,1623
sp003,45,0,704,1378
sp003,46,0,619,1377
sp003,47,0,693,1301
sp003,48,1,0,0
sp003,49,0,597,1280
sp003,50,0,712,1411
sp003,51,0,553,1083
sp003,52,0,627,1011
sp003,53,0,609,1184
sp003,54,0,573,1213
sp003,55,0,625,1275
sp003,56,0,483,1121
sp003,57,0,652,1443
sp003,58,0,734,1459
sp003,59,0,388,1456
sp003,60,0,548,1418
sp003,61,1,0,0
sp003,62,0,581,1184
sp003,63,0,639,1337
sp003,64,0,629,1333
sp003,65,0,452,960
sp003,66,0,438,1267
sp003,67,1,0,0
sp003,68,0,654,1367
sp003,69,1,0,0
sp003,70,0,422,1244
sp003,71,0,388,1004
sp003,72,0,586,1249
sp003,73,1,0,0
sp003,74,0,349,1080
sp003,75,0,518,1128
sp003,76,0,603,1351
sp003,77,0,632,1345
sp003,78,0,627,1324
sp003,79,0,619,1512
sp003,80,0,596,1410
sp003,81,0,816,1530
sp003,82,0,483,1142
sp003,83,0,563,1170
sp003,84,0,590,1421
sp003,85,0,547,1132
sp003,86,0,538,1097
sp003,87,0,470,1237
sp003,88,0,744,1321
sp003,89,0,628,1391
sp003,90,0,537,1198
sp003,91,0,484,1127
sp003,92,0,670,1300
sp003,93,1,0,0
sp003,94,0,783,1476
sp003,95,0,450,1054
sp003,96,0,684,1298
sp003,97,0,610,1124
sp003,98,0,622,1065
sp003,99,0,471,1148
sp003,100,0,593,1187
sp003,101,0,513,1276
sp003,102,1,0,0
sp003,103,0,696,1338
sp003,104,0,492,1183
sp003,105,0,455,1047
sp003,106,0,435,1093
sp003,107,0,463,1024
sp003,108,0,439,1024
sp003,109,0,428,887
sp003,110,0,588,1145
sp003,111,0,649,1578
sp003,112,0,518,1302
sp003,113,0,861,1416
sp003,114,0,503,1337
sp003,115,0,673,1254
sp003,116,0,610,1519
sp003,117,0,744,1527
sp003,118,0,523,1312
sp003,119,0,588,1674
sp003,120,0,583,1174
sp004,1,0,834,1178
sp004,2,0,700,1134
sp004,3,0,655,1426
sp004,4,0,689,1336
sp004,5,0,882,1502
sp004,6,0,739,1366
sp004,7,0,776,1359
sp004,8,0,683,1362
sp004,9,0,912,1310
sp004,10,0,765,1472
sp004,11,0,766,1145
sp004,12,0,688,1608
sp004,13,0,837,1492
sp004,14,0,695,1245
sp004,15,0,558,1230
sp004,16,0,544,1212
sp004,17,0,793,1398
sp004,18,0,616,1336
sp004,19,0,779,1556
sp004,20,0,730,1602
sp004,21,0,890,1439
sp004,22,0,1250,1860
sp004,23,0,690,1318
sp004,24,0,690,1105
sp004,25,0,537,1250
sp004,26,0,643,1369
sp004,27,0,732,1489
sp004,28,0,730,1262
sp004,29,0,645,1497
sp004,30,0,876,1188
sp004,31,0,637,1404
sp004,32,0,756,1263
sp004,33,0,642,1586
sp004,34,0,700,1330
sp004,35,0,870,1609
sp004,36,0,554,1262
sp004,37,0,649,1420
sp004,38,0,687,1354
sp004,39,0,743,1072
sp004,40,0,814,1455
sp004,41,0,597,1399
sp004,42,0,660,1529
sp004,43,0,792,1562
sp004,44,0,1057,1736
sp004,45,0,674,1367
sp004,46,0,853,1123
sp004,47,0,633,1272
sp004,48,0,725,1551
sp004,49,0,778,1459
sp004,50,0,760,1459
sp004,51,0,579,1564
sp004,52,0,701,1411
sp004,53,0,707,1574
sp004,54,0,782,1546
sp004,55,0,844,1297
sp004,56,0,847,1234
sp004,57,0,765,1121
sp004,58,0,592,1136
sp004,59,0,753,1237
sp004,60,0,642,1337
sp004,61,0,643,1379
sp004,62,0,728,1454
sp004,63,0,646,1353
sp004,64,0,630,1052
sp004,65,0,607,1254
sp004,66,0,572,1259
sp004,67,0,561,1352
sp004,68,0,661,1436
sp004,69,0,660,1477
sp004,70,0,837,1157
sp004,71,0,647,1109
sp004,72,0,649,1210
sp004,73,0,699,1412
sp004,74,0,632,1615
sp004,75,0,694,1252
sp004,76,0,744,1472
sp004,77,0,724,1409
sp004,78,0,667,1435
sp004,79,0,697,1416
sp004,80,0,571,1283
sp004,81,0,722,1536
sp004,82,0,547,1467
sp004,83,0,711,1542
sp004,84,0,707,1548
sp004,85,0,798,1258
sp004,86,0,773,1502
sp004,87,0,760,1562
sp004,88,0,862,1602
sp004,89,0,755,1849
sp004,90,0,870,1557
sp004,91,0,850,1273
sp004,92,0,622,1389
sp004,93,0,729,1522
sp004,94,0,760,1678
sp004,95,0,637,1410
sp004,96,0,644,1396
sp004,97,0,680,1577
sp004,98,0,759,1552
sp004,99,0,796,1181
sp004,100,0,676,1467
sp004,101,0,636,1463
sp004,102,0,681,1412
sp004,103,0,652,1437
sp004,104,0,639,1473
sp004,105,0,744,1512
sp004,106,0,721,1523
sp004,107,0,687,1508
sp004,108,0,517,1455
sp004,109,0,657,1056
sp004,110,0,740,1443
sp004,111,0,760,1561
sp004,112,0,882,1358
sp004,113,0,654,1499
sp004,114,0,743,1736
sp004,115,0,669,1395
sp004,116,0,716,1499
sp004,117,0,815,1743
sp004,118,0,761,1646
sp004,119,0,698,1497
sp004,120,0,714,1670
sp005,1,0,921,1529
sp005,2,0,1034,1897
sp005,3,0,807,1307
sp005,4,0,837,1379
sp005,5,0,1023,1364
sp005,6,0,909,1279
sp005,7,0,858,1393
sp005,8,0,1004,1413
sp005,9,1,0,0
sp005,10,0,938,1416
sp005,11,0,962,1442
sp005,12,0,910,1390
sp005,13,0,994,1472
sp005,14,0,951,1459
sp005,15,0,890,1356
sp005,16,0,939,1507
sp005,17,0,984,1489
sp005,18,0,902,1412
sp005,19,0,920,1481
sp005,20,0,952,1350
sp005,21,1,0,0
sp005,22,0,938,1427
sp005,23,0,938,1439
sp005,24,0,768,1356
sp005,25,1,0,0
sp005,26,0,985,1656
sp005,27,0,901,1360
sp005,28,0,839,1424
sp005,29,0,891,1403
sp005,30,0,967,1514
sp005,31,0,858,1352
sp005,32,0,1201,1656
sp005,33,0,876,1368
sp005,34,1,0,0
sp005,35,0,962,1462
sp005,36,0,854,1355
sp005,37,0,859,1410
sp005,38,0,918,1394
sp005,39,0,900,1437
sp005,40,0,910,1396
sp005,41,0,905,1381
sp005,42,0,815,1322
sp005,43,0,929,1389
sp005,44,0,906,1447
sp005,45,0,901,1339
sp005,46,0,916,1492
sp005,47,0,921,1388
sp005,48,0,932,1445
sp005,49,1,0,0
sp005,50,0,930,1393
sp005,51,0,1001,1390
sp005,52,0,845,1305
sp005,53,0,802,1374
sp005,54,0,792,1294
sp005,55,0,854,1275
sp005,56,0,916,1366
sp005,57,0,912,1333
sp005,58,0,841,1253
sp005,59,0,893,1370
sp005,60,0,0,0
sp005,61,0,965,1390
sp005,62,0,903,1193
sp005,63,0,904,1332
sp005,64,0,783,1314
sp005,65,1,0,0
sp005,66,1,0,0
sp005,67,0,841,1388
sp005,68,0,912,1584
sp005,69,0,908,1518
sp005,70,0,900,1459
sp005,71,0,888,1357
sp005,72,0,920,1394
sp005,73,0,830,1367
sp005,74,0,658,1134
sp005,75,0,863,1309
sp005,76,0,1272,1444
sp005,77,1,0,0
sp005,78,1,0,0
sp005,79,1,0,0
sp005,80,1,0,0
sp005,81,0,989,1523
sp005,82,0,966,1348
sp005,83,0,924,1437
sp005,84,1,0,0
sp005,85,1,0,0
sp005,86,0,895,1344
sp005,87,0,825,1296
sp005,88,0,839,1319
sp005,89,0,965,1526
sp005,90,0,796,1237
sp005,91,0,894,1369
sp005,92,0,876,1458
sp005,93,0,880,1355
sp005,94,0,923,1566
sp005,95,0,843,1205
sp005,96,0,837,1337
sp005,97,0,769,1294
sp005,98,0,732,1318
sp005,99,0,810,1275
sp005,100,0,869,1358
sp005,101,0,875,1311
sp005,102,0,850,1344
sp005,103,0,809,1321
sp005,104,0,902,1349
sp005,105,0,863,1268
sp005,106,0,969,1544
sp005,107,0,878,1388
sp005,108,1,0,0
sp005,109,1,0,0
sp005,110,0,884,1385
sp005,111,0,822,1324
sp005,112,0,1163,1332
sp005,113,0,826,1423
sp005,114,0,818,1291
sp005,115,1,0,0
sp005,116,0,864,1375
sp005,117,0,938,1620
sp005,118,0,853,1307
sp005,119,0,904,1448
sp005,120,0,868,1088
sp006,1,0,779,1302
sp006,2,1,0,0
sp006,3,0,776,1183
sp006,4,0,828,1295
sp006,5,0,634,1111
sp006,6,0,578,1106
sp006,7,0,706,1255
sp006,8,0,721,1287
sp006,9,0,750,1368
sp006,10,0,740,1256
sp006,11,0,580,1096
sp006,12,0,588,1217
sp006,13,0,743,1253
sp006,14,0,703,1352
sp006,15,0,626,1153
sp006,16,1,0,0
sp006,17,0,542,1090
sp006,18,0,784,1333
sp006,19,0,570,1352
sp006,20,0,537,1118
sp006,21,0,720,1247
sp006,22,0,766,1199
sp006,23,0,639,1263
sp006,24,0,775,1237
sp006,25,1,0,0
sp006,26,1,0,0
sp006,27,0,784,1401
sp006,28,0,790,1314
sp006,29,0,685,1273
sp006,30,0,564,1231
sp006,31,0,633,1269
sp006,32,0,618,1186
sp006,33,0,649,1329
sp006,34,0,727,1391
sp006,35,0,795,1320
sp006,36,0,628,1168
sp006,37,0,778,1233
sp006,38,0,688,1259
sp006,39,0,677,1126
sp006,40,0,801,1369
sp006,41,0,729,1469
sp006,42,0,670,1245
sp006,43,0,795,1506
sp006,44,0,751,1317
sp006,45,0,639,1237
sp006,46,0,765,1341
sp006,47,0,755,1346
sp006,48,0,764,1300
sp006,49,0,788,1287
sp006,50,0,629,1173
sp006,51,0,762,1424
sp006,52,0,842,1474
sp006,53,0,720,1487
sp006,54,0,862,1437
sp006,55,0,907,1498
sp006,56,0,747,1349
sp006,57,0,630,1411
sp006,58,0,667,1302
sp006,59,0,605,1203
sp006,60,0,682,1458
sp006,61,0,772,1337
sp006,62,0,783,1340
sp006,63,0,763,1309
sp006,64,0,702,1313
sp006,65,0,836,1452
sp006,66,0,569,1176
sp006,67,0,810,1393
sp006,68,0,761,1301
sp006,69,0,764,1301
sp006,70,0,639,1015
sp006,71,0,650,1114
sp006,72,0,632,1158
sp006,73,0,734,1333
sp006,74,0,642,1195
sp006,75,0,756,1305
sp006,76,0,808,1386
sp006,77,0,938,1420
sp006,78,0,615,1251
sp006,79,0,562,1295
sp006,80,0,739,1273
sp006,81,0,638,1239
sp006,82,0,764,1471
sp006,83,0,669,1249
sp006,84,0,405,1093
sp006,85,0,645,1278
sp006,86,0,667,1375
sp006,87,0,672,1355
sp006,88,0,753,1332
sp006,89,0,741,1302
sp006,90,0,644,1334
sp006,91,0,616,1166
sp006,92,0,567,1175
sp006,93,0,619,1189
sp006,94,0,616,1360
sp006,95,0,860,1451
sp006,96,0,658,1266
sp006,97,0,703,1231
sp006,98,0,562,1197
sp006,99,0,620,1054
sp006,100,0,712,1188
sp006,101,0,795,1330
sp006,102,0,729,1244
sp006,103,0,600,1203
sp006,104,0,605,1155
sp006,105,0,799,1360
sp006,106,0,621,1131
sp006,107,0,723,1273
sp006,108,0,634,1184
sp006,109,0,766,1381
sp006,110,0,731,1323
sp006,111,0,659,1178
sp006,112,0,692,1358
sp006,113,0,702,1149
sp006,114,0,661,1312
sp006,115,0,603,1104
sp006,116,0,698,1329
sp006,117,0,578,1149
sp006,118,0,696,1146
sp006,119,0,579,1359
sp006,120,0,671,1278
sp007,1,0,604,1190
sp007,2,0,570,1083
sp007,3,1,0,0
sp007,4,0,535,1169
sp007,5,0,600,1156
sp007,6,0,588,1103
sp007,7,0,622,1034
sp007,8,0,570,1041
sp007,9,0,673,1210
sp007,10,0,551,974
sp007,11,0,451,945
sp007,12,0,534,1050
sp007,13,0,522,970
sp007,14,0,519,998
sp007,15,0,520,974
sp007,16,1,0,0
sp007,17,0,525,991
sp007,18,1,0,0
sp007,19,0,587,1311
sp007,20,0,663,1065
sp007,21,0,639,1020
sp007,22,0,499,1029
sp007,23,0,416,946
sp007,24,0,403,895
sp007,25,0,531,1009
sp007,26,0,536,999
sp007,27,0,574,981
sp007,28,0,549,920
sp007,29,0,543,1019
sp007,30,0,557,1114
sp007,31,0,556,995
sp007,32,1,0,0
sp007,33,0,597,932
sp007,34,0,517,982
sp007,35,0,532,976
sp007,36,0,1089,1568
sp007,37,0,439,935
sp007,38,0,768,1166
sp007,39,1,0,0
sp007,40,0,478,988
sp007,41,0,661,1083
sp007,42,0,522,1084
sp007,43,0,470,909
sp007,44,0,532,936
sp007,45,0,572,1088
sp007,46,1,0,0
sp007,47,0,670,1010
sp007,48,0,526,961
sp007,49,0,494,874
sp007,50,0,532,1020
sp007,51,0,757,1268
sp007,52,1,0,0
sp007,53,0,708,1128
sp007,54,0,716,1180
sp007,55,0,629,996
sp007,56,0,377,936
sp007,57,0,511,881
sp007,58,0,682,987
sp007,59,0,578,1055
sp007,60,0,564,1018
sp007,61,0,536,1091
sp007,62,0,502,970
sp007,63,0,326,845
sp007,64,0,478,916
sp007,65,0,389,950
sp007,66,0,584,1028
sp007,67,0,567,1024
sp007,68,0,606,1054
sp007,69,0,438,886
sp007,70,0,600,972
sp007,71,0,683,1104
sp007,72,0,378,814
sp007,73,0,450,880
sp007,74,0,557,944
sp007,75,0,405,1004
sp007,76,0,194,693
sp007,77,0,407,627
sp007,78,1,0,0
sp007,79,0,578,1011
sp007,80,0,431,1028
sp007,81,0,512,988
sp007,82,1,0,0
sp007,83,0,1267,1677
sp007,84,1,0,0
sp007,85,0,409,718
sp007,86,0,417,814
sp007,87,1,0,0
sp007,88,0,618,995
sp007,89,1,0,0
sp007,90,0,507,927
sp007,91,0,467,959
sp007,92,0,585,791
sp007,93,0,548,986
sp007,94,0,745,1159
sp007,95,0,510,930
sp007,96,1,0,0
sp007,97,1,0,0
sp007,98,0,569,992
sp007,99,0,500,941
sp007,100,0,436,993
sp007,101,1,0,0
sp007,102,0,564,959
sp007,103,1,0,0
sp007,104,0,407,1070
sp007,105,0,530,1010
sp007,106,0,500,1093
sp007,107,0,420,942
sp007,108,0,442,961
sp007,109,0,692,1136
sp007,110,0,550,967
sp007,111,0,641,1029
sp007,112,0,457,869
sp007,113,0,461,884
sp007,114,0,752,1202
sp007,115,0,951,994
sp007,116,0,670,1069
sp007,117,0,583,950
sp007,118,0,495,898
sp007,119,0,542,905
sp007,120,0,842,1173
sp008,1,0,703,1044
sp008,2,0,628,1275
sp008,3,0,719,1161
sp008,4,0,552,926
sp008,5,0,620,1077
sp008,6,0,689,1140
sp008,7,0,618,1224
sp008,8,0,668,1128
sp008,9,0,589,1201
sp008,10,0,581,987
sp008,11,0,754,1264
sp008,12,1,0,0
sp008,13,0,743,1260
sp008,14,0,470,952
sp008,15,0,635,1091
sp008,16,1,0,0
sp008,17,0,695,1215
sp008,18,0,765,1221
sp008,19,1,0,0
sp008,20,0,619,1169
sp008,21,0,665,1206
sp008,22,0,427,1172
sp008,23,0,657,1194
sp008,24,0,538,982
sp008,25,0,558,1108
sp008,26,0,563,1010
sp008,27,0,616,1189
sp008,28,0,431,1077
sp008,29,0,604,1118
sp008,30,0,456,1066
sp008,31,0,639,949
sp008,32,0,540,1110
sp008,33,0,490,1179
sp008,34,0,418,937
sp008,35,0,676,1118
sp008,36,0,498,981
sp008,37,1,0,0
sp008,38,0,710,1110
sp008,39,0,644,1131
sp008,40,0,1221,1376
sp008,41,0,461,1103
sp008,42,0,393,1072
sp008,43,0,605,1109
sp008,44,0,570,1102
sp008,45,0,585,1168
sp008,46,0,586,1028
sp008,47,0,587,1069
sp008,48,0,472,1170
sp008,49,0,407,1134
sp008,50,0,387,1132
sp008,51,0,535,948
sp008,52,0,517,1039
sp008,53,0,533,1225
sp008,54,0,387,1078
sp008,55,0,511,858
sp008,56,0,432,1212
sp008,57,0,478,1255
sp008,58,0,579,1224
sp008,59,0,704,1289
sp008,60,0,403,1114
sp008,61,0,474,1348
sp008,62,0,561,1186
sp008,63,0,550,1163
sp008,64,0,495,976
sp008,65,0,577,921
sp008,66,0,598,1007
sp008,67,0,369,1070
sp008,68,0,430,1248
sp008,69,0,398,1147
sp008,70,0,549,987
sp008,71,0,987,1343
sp008,72,0,564,1261
sp008,73,0,694,1302
sp008,74,0,609,1022
sp008,75,0,521,1143
sp008,76,0,573,1251
sp008,77,0,415,961
sp008,78,0,541,1119
sp008,79,0,248,838
sp008,80,0,543,1257
sp008,81,0,571,863
sp008,82,1,0,0
sp008,83,0,637,1163
sp008,84,0,738,1294
sp008,85,1,0,0
sp008,86,0,578,1068
sp008,87,0,602,1159
sp008,88,0,697,1086
sp008,89,0,650,889
sp008,90,0,532,1020
sp008,91,0,412,1165
sp008,92,0,695,1189
sp008,93,0,573,1276
sp008,94,0,530,1045
sp008,95,0,562,1101
sp008,96,0,382,1135
sp008,97,0,456,1002
sp008,98,0,412,1221
sp008,99,0,542,1158
sp008,100,0,441,1131
sp008,101,0,272,1142
sp008,102,0,539,1170
sp008,103,0,723,1181
sp008,104,0,431,1352
sp008,105,0,636,1274
sp008,106,0,522,1091
sp008,107,0,543,1078
sp008,108,0,764,1348
sp008,109,0,496,1117
sp008,110,0,578,1203
sp008,111,0,321,1092
sp008,112,0,531,1083
sp008,113,0,415,1205
sp008,114,0,573,1208
sp008,115,0,621,1177
sp008,116,0,495,1178
sp008,117,0,558,1221
sp008,118,0,510,1265
sp008,119,0,625,1200
sp008,120,0,614,1387
sp009,1,0,903,1248
sp009,2,0,889,1287
sp009,3,0,812,1355
sp009,4,0,919,1283
sp009,5,0,922,1379
sp009,6,0,910,1286
sp009,7,0,900,1372
sp009,8,0,901,1335
sp009,9,0,844,1328
sp009,10,0,806,1223
sp009,11,0,717,1220
sp009,12,0,710,1232
sp009,13,1,0,0
sp009,14,0,758,1284
sp009,15,0,833,1320
sp009,16,0,742,1239
sp009,17,0,858,1301
sp009,18,0,825,1248
sp009,19,0,892,1340
sp009,20,0,839,1269
sp009,21,0,697,1075
sp009,22,0,911,1270
sp009,23,0,853,1216
sp009,24,0,766,1200
sp009,25,0,884,1274
sp009,26,0,737,1061
sp009,27,0,889,1309
sp009,28,0,862,1293
sp009,29,0,863,1345
sp009,30,0,827,1306
sp009,31,0,828,1257
sp009,32,0,796,1294
sp009,33,0,947,1339
sp009,34,0,799,1064
sp009,35,0,888,1316
sp009,36,0,709,1258
sp009,37,0,868,1461
sp009,38,0,766,1253
sp009,39,0,881,1284
sp009,40,0,876,1231
sp009,41,0,639,1224
sp009,42,0,807,1338
sp009,43,0,890,1309
sp009,44,0,818,1343
sp009,45,0,848,1348
sp009,46,0,866,1329
sp009,47,0,822,1291
sp009,48,0,842,1185
sp009,49,0,813,1265
sp009,50,0,832,1293
sp009,51,0,553,1000
sp009,52,0,657,1248
sp009,53,0,758,1204
sp009,54,0,678,1280
sp009,55,0,668,1187
sp009,56,0,671,1263
sp009,57,0,754,1298
sp009,58,0,790,1268
sp009,59,0,656,1141
sp009,60,0,701,1286
sp009,61,0,789,1453
sp009,62,0,722,1332
sp009,63,0,736,1257
sp009,64,0,832,1300
sp009,65,0,690,1245
sp009,66,0,586,1243
sp009,67,0,747,1280
sp009,68,0,765,1269
sp009,69,0,846,1355
sp009,70,0,772,1250
sp009,71,0,821,1240
sp009,72,0,891,1340
sp009,73,0,812,1201
sp009,74,0,735,1323
sp009,75,0,709,1268
sp009,76,0,732,1260
sp009,77,0,733,1335
sp009,78,0,815,1237
sp009,79,0,920,1273
sp009,80,0,802,1308
sp009,81,0,835,1268
sp009,82,0,788,1227
sp009,83,0,868,1211
sp009,84,0,888,1367
sp009,85,0,808,1284
sp009,86,0,783,1179
sp009,87,0,868,1424
sp009,88,0,796,1312
sp009,89,0,742,1410
sp009,90,0,815,1264
sp009,91,0,827,1199
sp009,92,0,704,1244
sp009,93,0,738,1286
sp009,94,0,748,1338
sp009,95,0,897,1390
sp009,96,0,817,1416
sp009,97,0,837,1385
sp009,98,0,748,1262
sp009,99,0,751,1316
sp009,100,0,850,1412
sp009,101,0,817,1355
sp009,102,0,724,1224
sp009,103,0,934,1394
sp009,104,0,717,1208
sp009,105,0,861,1378
sp009,106,0,730,1233
sp009,107,0,854,1262
sp009,108,0,904,1381
sp009,109,0,689,1341
sp009,110,0,782,1287
sp009,111,0,648,1162
sp009,112,0,679,1184
sp009,113,0,756,1173
sp009,114,0,664,1205
sp009,115,0,785,1299
sp009,116,0,653,1283
sp009,117,0,815,1394
sp009,118,0,768,1216
sp009,119,0,663,1078
sp009,120,0,678,1155
sp010,1,1,0,0
sp010,2,0,527,1185
sp010,3,0,663,1166
sp010,4,0,629,1243
sp010,5,0,567,1094
sp010,6,0,644,1254
sp010,7,0,720,1253
sp010,8,0,675,1230
sp010,9,0,633,1172
sp010,10,0,584,1209
sp010,11,0,699,1226
sp010,12,0,734,1260
sp010,13,0,558,1198
sp010,14,0,721,1252
sp010,15,0,679,1279
sp010,16,0,549,1091
sp010,17,0,676,1206
sp010,18,0,651,1175
sp010,19,0,471,1057
sp010,20,0,529,1257
sp010,21,0,717,1237
sp010,22,0,567,1258
sp010,23,0,746,1278
sp010,24,0,636,1428
sp010,25,0,663,1245
sp010,26,0,933,1349
sp010,27,0,623,1150
sp010,28,0,764,1231
sp010,29,0,676,1263
sp010,30,0,553,1166
sp010,31,0,692,1357
sp010,32,0,720,1336
sp010,33,0,744,1338
sp010,34,0,767,1316
sp010,35,0,693,1358
sp010,36,0,604,1110
sp010,37,0,632,1286
sp010,38,0,751,1339
sp010,39,1,0,0
sp010,40,0,774,1326
sp010,41,0,634,1316
sp010,42,0,631,1262
sp010,43,0,821,1207
sp010,44,0,800,1143
sp010,45,0,800,1181
sp010,46,0,796,1255
sp010,47,0,593,1182
sp010,48,0,728,1285
sp010,49,0,912,1297
sp010,50,0,1098,1537
sp010,51,0,888,1545
sp010,52,0,671,1163
sp010,53,0,776,1280
sp010,54,0,802,1370
sp010,55,0,623,1100
sp010,56,0,768,1428
sp010,57,0,671,1176
sp010,58,0,814,1424
sp010,59,0,545,1118
sp010,60,0,817,1417
sp010,61,0,818,1395
sp010,62,0,682,1340
sp010,63,0,26,393
sp010,64,0,713,1245
sp010,65,0,683,1210
sp010,66,0,836,1560
sp010,67,0,591,1245
sp010,68,0,716,1427
sp010,69,0,675,1341
sp010,70,0,674,1251
sp010,71,0,765,1182
sp010,72,0,957,1515
sp010,73,0,857,1332
sp010,74,0,996,1480
sp010,75,0,838,1374
sp010,76,0,698,1167
sp010,77,0,716,1410
sp010,78,0,746,1413
sp010,79,0,666,1325
sp010,80,0,756,1407
sp010,81,0,927,1538
sp010,82,0,729,1529
sp010,83,0,895,1509
sp010,84,0,706,1363
sp010,85,0,780,1486
sp010,86,0,779,1471
sp010,87,0,826,1316
sp010,88,0,680,1334
sp010,89,0,681,1326
sp010,90,0,735,1439
sp010,91,0,692,1449
sp010,92,0,640,1256
sp010,93,0,768,1455
sp010,94,0,723,1433
sp010,95,0,560,1148
sp010,96,0,806,1406
sp010,97,0,753,1373
sp010,98,0,767,1281
sp010,99,0,709,1395
sp010,100,0,752,1444
sp010,101,0,606,1296
sp010,102,0,864,1457
sp010,103,0,666,1404
sp010,104,0,697,1292
sp010,105,0,764,1472
sp010,106,0,906,1445
sp010,107,0,768,1369
sp010,108,0,752,1286
sp010,109,0,749,1275
sp010,110,0,812,1494
sp010,111,0,850,1316
sp010,112,0,771,1505
sp010,113,0,750,1310
sp010,114,0,813,1262
sp010,115,0,688,1289
sp010,116,0,592,1182
sp010,117,0,611,1287
sp010,118,0,668,1361
sp010,119,0,641,1269
sp010,120,0,744,1394
sp011,1,0,792,1543
sp011,2,0,940,1463
sp011,3,0,762,1336
sp011,4,0,793,1407
sp011,5,0,692,1327
sp011,6,0,702,1362
sp011,7,0,804,1344
sp011,8,0,709,1346
sp011,9,0,816,1306
sp011,10,0,720,1285
sp011,11,0,799,1254
sp011,12,0,725,1254
sp011,13,0,695,1425
sp011,14,0,782,1345
sp011,15,0,770,1358
sp011,16,0,760,1357
sp011,17,0,798,1430
sp011,18,0,708,1326
sp011,19,0,667,1337
sp011,20,0,839,1440
sp011,21,0,835,1518
sp011,22,0,870,1426
sp011,23,0,781,1390
sp011,24,0,790,1410
sp011,25,0,714,1451
sp011,26,0,742,1287
sp011,27,0,729,1428
sp011,28,0,836,1436
sp011,29,0,745,1313
sp011,30,0,809,1297
sp011,31,0,838,1414
sp011,32,0,790,1383
sp011,33,0,697,1299
sp011,34,0,770,1347
sp011,35,1,0,0
sp011,36,0,1051,1460
sp011,37,0,805,1394
sp011,38,0,770,1339
sp011,39,0,755,1271
sp011,40,0,704,1336
sp011,41,0,754,1365
sp011,42,0,678,1393
sp011,43,0,860,1358
sp011,44,0,804,1237
sp011,45,0,793,1404
sp011,46,0,863,1411
sp011,47,0,790,1400
sp011,48,1,0,0
sp011,49,0,728,1434
sp011,50,0,844,1446
sp011,51,1,0,0
sp011,52,0,845,1504
sp011,53,0,751,1461
sp011,54,0,828,1491
sp011,55,0,724,1421
sp011,56,0,759,1422
sp011,57,0,757,1348
sp011,58,0,646,1299
sp011,59,0,748,1469
sp011,60,0,893,1540
sp011,61,0,806,1484
sp011,62,0,757,1418
sp011,63,0,720,1330
sp011,64,0,868,1486
sp011,65,1,0,0
sp011,66,0,869,1429
sp011,67,0,715,1250
sp011,68,1,0,0
sp011,69,1,0,0
sp011,70,0,641,1181
sp011,71,0,862,1464
sp011,72,0,784,1380
sp011,73,0,719,1291
sp011,74,0,742,1336
sp011,75,0,853,1435
sp011,76,0,833,1467
sp011,77,0,768,1331
sp011,78,0,742,1340
sp011,79,0,747,1381
sp011,80,0,759,1356
sp011,81,0,677,1326
sp011,82,0,796,1351
sp011,83,0,641,1374
sp011,84,0,846,1460
sp011,85,0,844,1482
sp011,86,0,717,1357
sp011,87,0,816,1407
sp011,88,0,828,1404
sp011,89,0,805,1443
sp011,90,0,763,1362
sp011,91,0,824,1429
sp011,92,0,685,1310
sp011,93,0,598,1242
sp011,94,0,856,1413
sp011,95,0,918,1537
sp011,96,0,791,1395
sp011,97,0,735,1335
sp011,98,0,741,1396
sp011,99,0,741,1285
sp011,100,0,801,1420
sp011,101,0,774,1456
sp011,102,0,830,1559
sp011,103,0,750,1415
sp011,104,0,777,1391
sp011,105,0,774,1512
sp011,106,0,824,1483
sp011,107,0,819,1413
sp011,108,0,843,1386
sp011,109,0,786,1468
sp011,110,0,848,1425
sp011,111,0,732,1472
sp011,112,0,731,1474
sp011,113,0,845,1417
sp011,114,0,1030,1485
sp011,115,0,872,1432
sp011,116,0,766,1437
sp011,117,0,869,1489
sp011,118,0,689,1469
sp011,119,0,915,1540
sp011,120,0,678,1354
sp012,1,0,840,1458
sp012,2,0,784,1328
sp012,3,0,749,1256
sp012,4,0,757,1412
sp012,5,0,740,1333
sp012,6,0,754,1288
sp012,7,0,816,1303
sp012,8,0,713,1202
sp012,9,0,791,1370
sp012,10,0,644,1188
sp012,11,0,759,1184
sp012,12,0,773,1337
sp012,13,0,707,1228
sp012,14,0,618,1019
sp012,15,0,686,1178
sp012,16,0,731,1230
sp012,17,0,767,1384
sp012,18,0,700,1101
sp012,19,0,840,1371
sp012,20,0,648,1174
sp012,21,0,1268,1529
sp012,22,0,690,1194
sp012,23,0,805,1309
sp012,24,0,767,1323
sp012,25,0,651,1421
sp012,26,0,707,1416
sp012,27,0,803,1196
sp012,28,0,687,1196
sp012,29,0,790,1400
sp012,30,0,809,1294
sp012,31,0,742,1255
sp012,32,0,723,1215
sp012,33,0,808,1347
sp012,34,0,742,1383
sp012,35,0,843,1267
sp012,36,0,753,1330
sp012,37,0,783,1271
sp012,38,0,714,1208
sp012,39,0,715,1289
sp012,40,0,697,1199
sp012,41,0,781,1347
sp012,42,0,823,1377
sp012,43,0,796,1286
sp012,44,0,742,1195
sp012,45,0,725,1314
sp012,46,0,796,1351
sp012,47,0,694,1122
sp012,48,0,922,1353
sp012,49,0,820,1318
sp012,50,1,0,0
sp012,51,0,662,1267
sp012,52,0,798,1459
sp012,53,0,687,1198
sp012,54,0,0,0
sp012,55,0,774,1629
sp012,56,0,707,1307
sp012,57,0,833,1394
sp012,58,0,913,1368
sp012,59,0,896,1421
sp012,60,0,808,1217
sp012,61,0,855,1372
sp012,62,0,784,1305
sp012,63,0,880,1391
sp012,64,0,826,1384
sp012,65,0,806,1365
sp012,66,0,728,1389
sp012,67,0,818,1275
sp012,68,1,0,0
sp012,69,0,1566,1613
sp012,70,0,696,1255
sp012,71,0,697,1326
sp012,72,0,683,1368
sp012,73,0,830,1449
sp012,74,0,821,1565
sp012,75,0,880,1426
sp012,76,0,734,1508
sp012,77,0,814,1414
sp012,78,0,755,1353
sp012,79,0,775,1494
sp012,80,0,815,1515
sp012,81,0,774,1154
sp012,82,0,772,1269
sp012,83,0,737,1295
sp012,84,0,741,1255
sp012,85,0,827,1402
sp012,86,0,782,1395
sp012,87,0,764,1372
sp012,88,0,762,1249
sp012,89,0,874,1517
sp012,90,0,803,1543
sp012,91,0,1011,1469
sp012,92,0,837,1528
sp012,93,0,753,1320
sp012,94,0,920,1434
sp012,95,0,734,1381
sp012,96,0,815,1281
sp012,97,0,767,1563
sp012,98,0,731,1263
sp012,99,0,713,1204
sp012,100,0,727,1269
sp012,101,0,698,1181
sp012,102,0,772,1385
sp012,103,1,0,0
sp012,104,0,717,1322
sp012,105,0,671,1328
sp012,106,0,707,1242
sp012,107,0,762,1300
sp012,108,0,802,1270
sp012,109,0,683,1262
sp012,110,0,676,1197
sp012,111,0,732,1306
sp012,112,0,743,1241
sp012,113,1,0,0
sp012,114,0,796,1380
sp012,115,0,637,1201
sp012,116,0,789,1278
sp012,117,0,666,1173
sp012,118,0,712,1204
sp012,119,0,0,0
sp012,120,0,664,1250
sp013,1,0,771,1255
sp013,2,0,711,1241
sp013,3,0,639,1092
sp013,4,0,653,1117
sp013,5,0,410,897
sp013,6,0,599,1054
sp013,7,0,611,1092
sp013,8,0,635,985
sp013,9,0,436,1005
sp013,10,0,665,1024
sp013,11,0,627,1068
sp013,12,0,641,1085
sp013,13,0,477,960
sp013,14,0,717,1253
sp013,15,0,595,1011
sp013,16,0,652,1025
sp013,17,0,482,1055
sp013,18,0,690,1180
sp013,19,0,803,1356
sp013,20,0,556,1278
sp013,21,0,521,940
sp013,22,0,710,1323
sp013,23,1,0,0
sp013,24,0,786,1226
sp013,25,0,541,1186
sp013,26,0,571,1015
sp013,27,0,752,1320
sp013,28,0,628,1063
sp013,29,0,614,1048
sp013,30,0,696,1244
sp013,31,0,639,1180
sp013,32,0,684,1201
sp013,33,0,768,1398
sp013,34,0,703,1221
sp013,35,0,705,1199
sp013,36,0,641,1346
sp013,37,1,0,0
sp013,38,0,643,1086
sp013,39,0,750,1156
sp013,40,0,676,1153
sp013,41,0,680,1285
sp013,42,0,613,1125
sp013,43,1,0,0
sp013,44,0,685,1199
sp013,45,0,546,968
sp013,46,0,581,1045
sp013,47,0,555,1081
sp013,48,0,565,1082
sp013,49,0,664,1205
sp013,50,0,667,1067
sp013,51,0,614,1151
sp013,52,0,641,1063
sp013,53,0,454,987
sp013,54,0,656,1069
sp013,55,0,739,1141
sp013,56,0,468,938
sp013,57,0,1280,1651
sp013,58,0,610,1023
sp013,59,0,556,910
sp013,60,0,700,976
sp013,61,0,577,1023
sp013,62,1,0,0
sp013,63,0,709,1122
sp013,64,0,554,941
sp013,65,0,658,1148
sp013,66,0,716,1141
sp013,67,0,650,1229
sp013,68,0,371,924
sp013,69,0,691,1124
sp013,70,0,830,1353
sp013,71,0,609,1077
sp013,72,0,609,1127
sp013,73,0,577,1234
sp013,74,0,502,963
sp013,75,0,714,1221
sp013,76,0,612,1087
sp013,77,0,535,1027
sp013,78,0,707,1261
sp013,79,0,886,1334
sp013,80,0,781,1074
sp013,81,0,516,1036
sp013,82,0,647,1154
sp013,83,0,596,1074
sp013,84,0,682,1077
sp013,85,0,622,1086
sp013,86,0,414,935
sp013,87,0,748,1178
sp013,88,0,543,992
sp013,89,0,813,1373
sp013,90,0,650,1161
sp013,91,0,768,1284
sp013,92,1,0,0
sp013,93,0,509,945
sp013,94,0,724,1223
sp013,95,0,803,1301
sp013,96,0,553,1114
sp013,97,0,732,1321
sp013,98,0,725,1350
sp013,99,0,703,1177
sp013,100,0,758,1339
sp013,101,0,635,1072
sp013,102,0,572,1070
sp013,103,0,583,1021
sp013,104,0,451,885
sp013,105,0,767,1399
sp013,106,0,639,1188
sp013,107,0,559,1041
sp013,108,0,663,1262
sp013,109,0,613,909
sp013,110,0,822,1308
sp013,111,0,806,1104
sp013,112,0,586,1190
sp013,113,0,742,1315
sp013,114,0,649,1320
sp013,115,0,617,1233
sp013,116,0,727,1007
sp013,117,0,622,991
sp013,118,0,613,1046
sp013,119,0,684,1098
sp013,120,0,729,1180
sp015,1,0,946,1370
sp015,2,0,972,1452
sp015,3,0,950,1457
sp015,4,0,889,1490
sp015,5,0,839,1077
sp015,6,0,1072,1564
sp015,7,0,953,1478
sp015,8,0,874,1415
sp015,9,0,925,1476
sp015,10,0,913,1487
sp015,11,0,974,1511
sp015,12,0,883,1447
sp015,13,0,938,1409
sp015,14,0,996,1652
sp015,15,0,1111,1740
sp015,16,0,967,1589
sp015,17,0,958,1396
sp015,18,0,1040,1574
sp015,19,0,1034,1352
sp015,20,0,1057,1636
sp015,21,0,1096,1784
sp015,22,0,864,1351
sp015,23,0,798,1429
sp015,24,0,862,1351
sp015,25,0,932,1489
sp015,26,0,1145,1761
sp015,27,0,981,1510
sp015,28,0,795,1330
sp015,29,0,858,1499
sp015,30,0,1061,1665
sp015,31,0,901,1538
sp015,32,0,643,1170
sp015,33,0,973,1531
sp015,34,0,1086,1646
sp015,35,0,943,1605
sp015,36,0,910,1535
sp015,37,0,1070,1706
sp015,38,0,1009,1070
sp015,39,0,949,1527
sp015,40,0,887,1489
sp015,41,0,1049,1567
sp015,42,0,1120,1757
sp015,43,0,766,1414
sp015,44,0,936,1605
sp015,45,0,868,1548
sp015,46,0,1086,1677
sp015,47,0,876,1389
sp015,48,0,922,1616
sp015,49,0,973,1644
sp015,50,0,991,1629
sp015,51,0,990,1647
sp015,52,0,1007,1611
sp015,53,0,997,1476
sp015,54,0,939,1564
sp015,55,0,953,1683
sp015,56,0,935,1133
sp015,57,0,989,1479
sp015,58,0,926,1691
sp015,59,0,1040,1668
sp015,60,0,998,1574
sp015,61,0,984,1598
sp015,62,0,1003,1548
sp015,63,0,796,1467
sp015,64,0,967,1644
sp015,65,0,942,1537
sp015,66,0,941,1602
sp015,67,0,935,1604
sp015,68,0,938,1571
sp015,69,0,945,1469
sp015,70,0,986,1553
sp015,71,0,884,1450
sp015,72,0,957,1672
sp015,73,0,1014,1634
sp015,74,0,904,1518
sp015,75,0,966,1476
sp015,76,0,1033,1613
sp015,77,0,949,1392
sp015,78,0,951,1295
sp015,79,0,1073,1677
sp015,80,0,968,1582
sp015,81,0,869,1433
sp015,82,0,897,1408
sp015,83,0,1043,1539
sp015,84,0,1447,1683
sp015,85,0,1053,1627
sp015,86,0,991,1621
sp015,87,0,995,1631
sp015,88,0,888,1618
sp015,89,0,980,1477
sp015,90,0,962,1621
sp015,91,0,898,1524
sp015,92,0,1043,1711
sp015,93,0,1049,1671
sp015,94,0,967,1593
sp015,95,0,969,1688
sp015,96,0,904,1439
sp015,97,0,907,1509
sp015,98,0,950,1485
sp015,99,0,936,1505
sp015,100,0,1032,1647
sp015,101,0,922,1571
sp015,102,0,1015,1532
sp015,103,0,892,1612
sp015,104,0,970,1640
sp015,105,0,961,1510
sp015,106,0,991,1742
sp015,107,0,920,1529
sp015,108,0,866,1474
sp015,109,0,956,1556
sp015,110,0,951,1459
sp015,111,0,1081,1706
sp015,112,0,919,1559
sp015,113,0,953,1628
sp015,114,0,940,1566
sp015,115,0,991,1575
sp015,116,0,976,1578
sp015,117,0,1078,1620
sp015,118,0,1017,1661
sp015,119,0,1018,1640
sp015,120,0,1108,1629
sp016,1,0,652,1248
sp016,2,0,647,1263
sp016,3,0,668,1339
sp016,4,0,578,1045
sp016,5,0,645,1072
sp016,6,0,703,1198
sp016,7,0,723,1335
sp016,8,0,503,1241
sp016,9,0,405,1072
sp016,10,0,638,1155
sp016,11,0,538,1143
sp016,12,0,491,1159
sp016,13,0,570,1143
sp016,14,0,618,1197
sp016,15,0,496,1004
sp016,16,0,355,862
sp016,17,0,468,1010
sp016,18,0,529,959
sp016,19,0,507,969
sp016,20,0,389,1046
sp016,21,0,648,917
sp016,22,0,393,1095
sp016,23,0,452,1127
sp016,24,0,471,1014
sp016,25,0,561,1168
sp016,26,0,566,1112
sp016,27,0,469,981
sp016,28,0,475,1032
sp016,29,0,588,1192
sp016,30,0,530,1051
sp016,31,0,557,1047
sp016,32,0,571,1081
sp016,33,0,554,995
sp016,34,0,616,1175
sp016,35,0,465,1156
sp016,36,0,689,1040
sp016,37,0,480,946
sp016,38,0,538,1176
sp016,39,0,556,1157
sp016,40,0,411,1045
sp016,41,0,522,1156
sp016,42,0,535,1107
sp016,43,0,531,1193
sp016,44,0,489,963
sp016,45,0,649,1245
sp016,46,0,510,1075
sp016,47,0,518,975
sp016,48,0,508,954
sp016,49,0,382,962
sp016,50,0,416,1008
sp016,51,0,532,1125
sp016,52,0,442,933
sp016,53,0,560,1173
sp016,54,0,505,944
sp016,55,0,535,1048
sp016,56,0,491,1066
sp016,57,0,641,1315
sp016,58,0,433,1245
sp016,59,0,392,1116
sp016,60,0,534,1074
sp016,61,0,592,1129
sp016,62,0,399,936
sp016,63,0,467,1069
sp016,64,0,476,1130
sp016,65,0,295,815
sp016,66,0,451,1185
sp016,67,0,459,1166
sp016,68,0,599,1241
sp016,69,0,501,1146
sp016,70,0,584,1212
sp016,71,0,502,1017
sp016,72,0,421,1088
sp016,73,0,418,1127
sp016,74,0,511,1253
sp016,75,0,427,1046
sp016,76,0,551,1162
sp016,77,0,407,1059
sp016,78,0,348,1004
sp016,79,0,320,1030
sp016,80,0,575,1207
sp016,81,0,520,1204
sp016,82,0,633,972
sp016,83,0,510,1148
sp016,84,0,536,1107
sp016,85,0,511,1142
sp016,86,0,581,1355
sp016,87,0,454,1057
sp016,88,0,592,1012
sp016,89,0,456,989
sp016,90,0,521,1138
sp016,91,0,392,922
sp016,92,0,570,1065
sp016,93,0,408,1041
sp016,94,0,333,1104
sp016,95,0,258,967
sp016,96,0,0,0
sp016,97,0,166,658
sp016,98,0,335,1035
sp016,99,0,532,1190
sp016,100,0,506,871
sp016,101,0,526,956
sp016,102,0,649,1159
sp016,103,0,460,1010
sp016,104,0,561,1230
sp016,105,0,676,1311
sp016,106,0,650,1269
sp016,107,0,619,1333
sp016,108,0,592,1303
sp016,109,0,554,1129
sp016,110,0,424,1071
sp016,111,0,541,1167
sp016,112,0,402,1084
sp016,113,0,520,987
sp016,114,0,379,853
sp016,115,0,589,1349
sp016,116,0,661,1389
sp016,117,0,538,1265
sp016,118,0,324,851
sp016,119,0,491,1123
sp016,120,0,443,1035
