0,401.7058578,465.5223469,460.4263242,429.1382613,650.299082,532.6248292,433.6172655,448.2674926,729.4277692,593.586661,551.1761557,457.1251316,533.4696436,426.8375196,499.0161484
0,406.6115895,468.5670528,462.4703757,429.3921889,651.565332,522.9773845,435.9962593,450.1915075,730.4648966,595.9699064,553.1021537,458.3446154,531.6856746,426.0124237,498.3812441
0,411.2255049,471.5158669,466.0941533,429.6659092,652.709077,515.759268,438.332878,452.3242521,730.7667292,598.3925759,554.2324456,459.1247169,530.3451883,424.9126934,498.6062306
0,415.4767732,474.4863594,468.783064,430.1521317,653.5121509,507.5971352,440.6794314,454.6034887,730.2698901,600.9627718,555.2441023,459.9156891,529.4318605,423.74428,499.7395427
0,419.5370705,476.7221863,479.1324687,430.6889794,654.5206567,501.0794806,443.0687481,456.7082845,728.2801844,602.8462112,558.2361861,460.8657007,528.6368626,422.8572994,501.1791463
0,423.1199188,478.9204212,482.6677349,431.5366731,654.5601607,497.5468839,445.5267326,459.0865071,725.1283963,604.4874576,561.3096886,462.0128784,527.9879364,422.6969556,502.7051977
0,426.3870195,481.3282574,486.7093807,432.3570337,654.4807918,495.4965622,448.0725275,461.6123471,721.3845985,606.0090392,564.1540852,463.4476233,527.1780361,423.6967393,504.0783609
0,429.3940182,481.4135612,491.4766766,433.4839847,654.36602,493.9032637,450.6639365,464.0216443,717.2623658,606.5501267,565.5313622,464.9383671,525.6957611,424.6954631,505.8832797
0,432.33862,480.488891,495.3500915,434.7179353,654.4176209,495.3941909,453.351479,466.3788234,713.4122759,606.5546077,564.9490616,466.6435697,523.6231912,425.74421,507.9787173
0,435.1467993,481.5676828,499.3183125,435.8402449,654.7268901,498.0603815,456.0820735,468.8301446,710.4342128,606.3872655,565.1948702,468.4769609,520.8436094,426.912027,510.5837352
0,437.989952,483.1987861,503.5515274,436.8549061,656.2386821,501.5189473,458.8353185,471.628856,707.2391235,605.6907927,564.8397268,470.304208,518.8372431,428.3209171,512.7216708
0,440.9626355,486.6066463,508.6220895,437.9158564,657.8259371,506.6213379,461.661248,475.0570373,705.9045891,603.5182916,564.7363157,472.1326372,518.1105656,429.969188,515.3468257
0,443.8780107,490.0406347,513.3716079,439.0642246,659.3257535,511.8098366,464.5502625,478.6196369,705.9614786,602.340638,565.3638808,474.0086531,517.9700572,432.0784724,517.7791373
0,446.8456777,493.4790571,517.7795619,440.3053397,661.3486274,516.7907207,467.4086751,482.2843126,706.0458587,601.6530642,567.512998,475.8947445,517.6773702,434.4272979,520.2384449
0,449.67558,496.9108654,522.4480021,441.6404839,663.3533552,521.5771357,470.2391075,486.083496,706.5197336,599.4531587,568.6884175,477.699845,517.7084095,436.8471937,522.5920299
0,452.4469535,500.3290791,526.9952888,443.0682398,665.2405888,526.2502923,473.0839322,489.9419969,706.8282824,598.2271219,570.0240749,479.5058092,517.9869505,439.454871,524.3942943
0,454.379694,503.7290942,531.2868378,444.5865093,666.9810547,530.9244314,475.9296522,494.0365738,706.3040004,597.1212486,571.8745314,481.2714208,518.3338727,442.3213065,526.3157576
0,455.5952691,578.7843437,535.3263087,446.1915598,668.2956051,534.9284629,478.7588896,498.0201054,704.9518333,596.4541548,574.012947,483.0574141,518.8189541,445.1199748,528.0838123
0,456.6209392,584.2141565,539.2006207,447.865937,669.1890164,538.1287834,481.5505141,501.8292444,703.0556768,596.7345533,576.5222493,484.796596,519.1815499,447.8900435,529.5446117
0,457.5480852,589.2614246,543.3881726,449.5643168,670.1459477,540.7572075,484.2719056,505.4480645,700.8071439,595.6127379,578.9985704,486.5645668,519.3867474,450.7450203,530.9394253
0,458.3588809,593.9148459,547.6052676,451.1771469,670.8753456,543.2957537,486.8821485,508.8994614,698.0727518,593.8956837,581.5097501,488.3319223,519.4750446,453.2450193,532.1844404
0,459.8485453,598.4821758,551.8768268,452.5594132,671.4221855,545.8028468,489.3876917,512.224425,694.5208426,593.7745623,583.7515282,490.1067142,519.5470871,455.7776811,533.3130382
0,462.6275956,602.8008542,556.195957,454.1287857,671.8257896,548.3263605,491.7391925,515.4649376,691.0549056,594.6647584,585.9939468,491.885931,519.5021355,458.3143225,534.6766397
0,465.386858,606.8094161,560.9131741,456.7021949,672.0738215,550.87693,493.8733445,518.6537658,687.8551917,596.657749,588.1877155,493.6619297,519.8047209,460.9057954,535.5545489
0,468.1267844,610.7463615,565.5782676,459.4876034,672.5208845,553.3659644,495.8772478,522.1640361,686.1848194,597.6431183,590.2950201,495.4207905,521.0622303,463.5416656,536.2695201
0,470.9503088,614.5038598,570.0822238,462.494056,672.9226556,555.6451329,497.82723,525.6552344,685.0239912,599.8713623,592.3624693,497.1628938,522.6850163,466.3123878,537.1631733
0,473.7656689,618.1183914,574.4062847,465.7260272,673.6088583,557.895603,499.7273631,529.1315819,684.136595,601.8286512,594.2981463,498.836393,524.3994098,469.1339555,538.4007179
0,476.6193905,621.5985666,578.5674784,469.1683557,674.1615702,559.8669333,501.5816363,532.5941226,683.3101606,603.490618,596.0626743,500.4371251,526.2135736,471.9865862,539.0428316
0,479.4425908,624.9142982,582.6501928,472.8039,674.5223915,562.1101173,503.3931852,536.0411279,682.7733641,604.9899903,597.352124,501.9665664,528.0703607,474.8446267,538.7317618
0,482.2233366,628.0958385,586.7131766,476.632154,674.9845862,564.4669613,505.1313694,539.4342213,680.1044744,604.8718477,599.3659406,503.4245008,530.8641985,477.7067803,538.6152621
0,483.2246645,631.0222882,590.7690968,480.6039565,675.5076646,566.5860897,506.7999493,542.8298419,676.3055612,604.8501092,601.4575489,504.8022887,533.6223824,480.4590681,539.1912787
0,485.8132261,633.8657019,594.7482966,484.7351479,675.7890878,566.9746405,508.4180063,546.2323356,671.8257778,604.807954,603.7359749,506.0931134,536.2783979,483.1979632,540.1080971
0,488.2529548,636.6269871,598.6095035,488.9963445,676.6429875,567.5738459,510.0051524,549.645754,667.571627,604.9811537,606.2389606,507.2890789,538.7305157,485.3307715,541.2454441
0,490.613642,639.3308361,602.2767347,493.3479819,676.9955493,568.8422247,511.5663485,553.0730181,663.43805,605.4341292,609.3399911,508.4068972,540.8090552,487.1267092,542.5024976
0,493.0840304,641.9919323,605.7347559,497.7741633,677.5094378,570.7759576,513.0832451,556.5126605,658.8256837,605.6693064,612.5092594,509.4813261,542.7794677,488.8447334,543.935427
0,495.3669071,644.58109,609.0050766,502.3813226,677.9896572,572.8188409,514.5590453,559.9556527,655.0277902,605.8175022,615.6460117,510.5192031,544.4679144,490.8625857,545.2336472
0,497.366636,647.1106238,612.2273823,506.9915855,677.7191769,574.9353553,515.9685979,563.3834662,651.3566194,606.4654141,618.4711329,511.5200085,546.4146311,492.9857541,546.7793139
0,499.1781193,649.6151979,615.3255942,511.5625015,677.1980506,577.0702978,517.3658197,566.7699084,649.3652728,607.3279525,620.8704139,512.491949,548.8016552,495.0292755,547.6341455
0,500.9824704,652.0977182,618.3424967,516.057642,676.4249801,579.1755666,518.7481227,570.0898842,648.3764043,608.2944249,622.9684285,513.43642,550.5573214,497.0342024,548.4388026
0,502.6995118,654.5537439,621.3039057,520.4430291,675.6824124,580.882464,520.1080158,573.3259481,648.2278723,609.2542851,624.4113805,514.3563829,552.1527185,498.993456,549.1547418
0,504.3811891,656.9873496,624.1721054,524.7595882,676.0377249,582.4368873,521.4271758,576.4700443,648.8981095,610.3136755,625.3356804,515.2550278,553.6197799,500.8944766,549.2435926
0,506.0578208,659.3949743,626.9772208,529.0067521,676.1614184,584.0804333,522.7093362,579.4906639,649.4168495,610.7180148,626.7265042,516.1346585,556.2866753,502.6207043,549.8902666
0,507.6112461,578.3571083,629.7797319,533.180151,676.1937254,585.6461251,523.9505086,582.3175155,650.7489439,611.1542553,628.0211848,516.9969105,559.1611582,504.2195414,550.5807601
0,509.2140382,580.7216305,632.5890644,537.2647844,676.2121891,587.1778143,525.1502881,585.0495018,651.9368828,611.6640484,629.4305653,517.8430666,561.9513545,505.6959646,551.4671506
0,510.8501505,583.0751777,635.4125808,541.2254471,676.3722731,588.5934454,526.3120524,587.7237133,652.9219573,612.3761274,630.8676882,518.6744524,565.072631,507.0619417,552.3948901
0,512.4605554,585.3831162,638.2532968,545.0488384,676.396742,589.9862731,527.4418903,590.3298636,653.5642057,612.6528044,632.104458,519.4928189,568.0431485,508.3427896,553.2952032
0,514.0706692,587.6497277,641.091785,548.716549,676.4011674,591.3839251,528.5389651,592.9039147,653.9820846,613.1497997,633.1841335,520.3003949,570.9219175,509.5644274,554.1203748
0,515.6806477,589.8926112,643.9532862,552.1572074,676.3280315,592.7621887,529.5900809,595.4517549,654.1280994,613.7447518,634.1105912,521.099501,572.6736652,510.7296418,554.8851535
0,517.0469016,592.1116558,646.9247364,555.4044126,676.5727804,594.0486561,530.5919165,597.9822344,653.8605894,614.1960296,634.9809107,521.8891159,574.1506284,511.972331,555.5165082
0,518.3831715,594.2977795,650.0831345,558.488791,676.4663811,594.6191359,531.5749835,600.4973365,653.5751535,614.829516,635.7674714,522.6749238,575.196277,513.1864863,555.0558006
0,519.5255933,596.4589331,653.2806228,561.4302124,676.3307105,595.4669846,532.5403397,603.0007111,654.2571412,615.4386589,636.2336319,523.4573364,575.1689478,514.4190585,554.3224285
0,520.5974235,598.578638,656.4903229,564.2362132,676.1846906,596.1752418,533.4528418,605.4988731,655.1104329,616.0687114,636.8138797,524.2363272,574.0897786,516.1062594,553.4083825
0,521.5284592,600.6536703,659.6804431,566.9019315,676.4777715,596.7881425,534.3467627,607.9209183,655.8834004,616.7385993,637.3056013,525.0116823,573.2673434,518.3491733,552.2776491
0,522.4559054,602.7048715,662.822103,569.4368887,676.898947,597.4454239,535.2290762,610.2223917,656.6272985,617.4913589,637.8323256,525.7779353,572.0814509,520.5832417,551.49063
0,523.3394946,604.7306573,665.8794962,571.8603177,677.7656896,598.1279078,536.1066845,612.5380641,656.4836367,618.2995524,638.5725925,526.5422117,571.5955759,522.7833166,550.6888649
0,524.2565216,607.0226988,668.8241227,574.1635728,678.5726177,598.7552944,536.9899908,614.883346,657.2102939,619.2605552,639.3094386,527.3151562,571.7863496,524.887186,550.9505198
0,525.0988839,609.2742543,671.6134487,576.375876,679.3154675,599.3247675,537.8983927,617.1815806,657.8307447,620.4962886,640.136418,528.0999283,573.5166715,526.990848,549.9138209
0,525.9876227,611.5018699,674.2315968,578.5102349,679.9959571,599.9179788,538.8063194,619.3104254,658.3829626,621.735112,640.5863375,528.8936768,575.2598176,529.0998609,549.3940205
0,526.7202425,613.7131135,676.6600241,580.573184,680.6294053,600.4780015,539.6965206,621.4452852,658.8411113,623.0601452,640.899657,529.7002216,576.0255345,531.2027827,549.5747795
0,527.4177649,615.8985779,678.9480759,582.5630587,681.2186262,600.9499047,540.5676817,623.4680104,659.2716943,624.4127665,641.0275518,530.5203868,575.7068394,533.282411,550.2196686
0,528.0088469,618.0559458,681.1034757,584.473137,681.7388918,601.3440599,541.4385764,625.461435,659.6430061,625.8432366,641.0823795,531.3551982,574.9496468,535.3314393,550.8830478
0,528.5716197,620.1863053,683.1352588,586.2971829,682.1961274,601.5940954,542.3056556,627.44964,660.019895,627.0321147,640.999578,532.2031342,574.1273763,537.2924033,551.5187392
0,529.2758186,622.2624564,685.0346231,588.0504987,682.619189,601.8617003,543.1947236,629.4506637,660.338948,627.5354851,640.8300431,533.063202,573.4214572,539.1893988,552.1260771
0,529.9214323,624.2824698,686.8492626,589.7400228,683.0107924,602.0536506,544.1382176,631.5196967,660.9238111,628.4707001,640.729315,533.9263377,572.66041,541.021238,552.7052484
0,530.5915342,626.2654501,688.5917334,591.3692236,683.3818744,602.210067,545.0696421,633.6179499,661.5009862,629.3772887,640.5249332,534.7958126,571.8443815,543.259946,553.2498165
0,531.2060119,628.2118157,690.2698733,592.9392362,683.7116522,602.441629,546.3698527,635.7417878,662.0465677,630.2637147,640.234565,535.670468,570.9517564,545.3357134,553.7572193
0,531.8053043,630.1070357,691.8939152,594.4518964,684.0724619,602.6557324,547.2385556,637.925414,662.5833818,631.1328005,640.0303528,536.5456152,570.1845995,547.253719,553.9292544
0,532.2787936,631.9582331,693.4716225,595.9104172,685.1470269,602.8463137,548.1002204,640.167471,663.1281277,631.98596,638.6215549,537.4160894,569.4922185,549.0666924,554.408054
0,532.7580212,633.7569291,695.0091596,597.3193773,686.0666417,603.0181999,548.9493491,642.3745968,663.7682624,632.8412906,638.1481768,538.2766433,569.3355454,550.8105768,554.2813083
0,533.2722715,635.502187,696.5108927,598.6846747,686.780093,603.1786168,549.849929,644.2626777,664.3921223,633.6980492,637.7517098,539.1192836,569.7573764,552.5030678,554.1071586
0,533.8656843,637.1864259,697.9754884,600.0120074,687.2988244,603.3111091,550.751719,646.1084904,664.9371059,634.5387982,637.5564846,539.9449555,570.4811604,554.166647,554.0286885
0,534.4180266,638.8110414,699.2561219,601.3039068,687.6608516,603.4759199,551.5989801,647.8198028,665.4630838,635.3615182,637.488585,540.7501632,570.3823694,555.8113352,554.2798288
0,534.9766385,640.3764457,700.5449393,602.5499999,687.1951824,603.7009188,552.4185325,649.5016394,665.9895799,636.177772,637.4899656,541.5328673,570.7907627,557.4416476,554.5365137
0,535.5347639,641.8800161,701.7902276,603.7670693,687.3487493,603.9256069,553.2139782,651.1311799,666.4736259,636.9825982,637.5703195,542.2919663,571.7939866,559.0616786,554.95143
0,536.1201721,643.3195565,702.9803633,604.9464204,687.4818337,604.209966,554.0123636,652.6638237,666.8764594,637.7331574,637.7028425,543.0271981,574.0150703,560.6722879,555.3558184
0,536.6851329,644.6577023,704.1340608,606.1068616,687.609829,604.5149942,554.8672394,654.1611929,667.2481983,638.5118884,637.7107528,543.7388241,576.0060792,562.2646077,555.7137205
0,537.1802741,645.9103518,705.2289212,607.2642413,687.7551297,604.8172168,555.7036956,655.6487596,667.6240268,639.2609156,637.7766421,544.4172055,578.1002604,563.8470162,556.0789834
0,537.5913564,647.0714703,706.2929378,608.4288192,687.9189628,605.1442491,556.524779,657.1478422,668.0058689,639.8768891,637.8413701,545.0679242,579.5857195,565.4063368,556.4613379
0,537.8424956,648.1876641,707.3197239,609.6083633,688.1183402,605.5064358,557.3309836,658.6002969,668.3724796,640.3769057,637.8721081,545.697553,580.787795,566.91418,556.8590918
0,537.9694523,649.2488095,708.3155583,610.8087953,688.3253561,605.7768532,558.1412951,660.0386024,668.7090836,640.8517565,637.950688,546.2860095,581.9188029,568.3856814,557.3021863
0,537.8853345,650.2163965,709.2869302,612.027796,688.5334852,606.0511458,558.9435475,661.4003508,669.0699744,641.3181924,638.0893951,546.817084,583.0438814,569.7938318,557.7582378
0,537.6356057,651.1284657,710.2361079,613.2762982,688.7232026,606.3002542,559.7073798,662.4660035,669.4292789,641.770087,638.0209871,547.3389221,584.227321,571.1792022,558.215355
0,537.2878893,652.005931,711.1669548,614.5527186,688.9170591,606.5353181,560.4748904,663.6762335,669.7110757,642.2071266,638.364675,547.8544696,585.2998397,572.5497678,558.6709665
0,536.8588842,652.8527368,712.0232471,615.8721138,689.073339,606.7698944,561.2364188,664.7363223,669.6608033,642.6105174,638.761235,548.3629025,586.5096766,573.9104295,559.1257112
0,536.4037615,653.6722495,712.724595,617.243542,689.2360777,606.9781307,561.9974936,665.7178081,669.5266863,642.9883292,639.2185271,548.8629038,587.6242624,575.2657576,559.5826524
0,535.9049696,654.4675585,713.4478335,618.6711754,689.4009123,607.1721402,562.7425631,666.6759223,669.3247264,643.3410922,639.0363226,549.3529745,589.0501477,576.6144934,560.0442575
0,535.4025134,655.2352017,714.0997758,620.1588596,689.5656898,607.319071,563.4129398,667.6416947,669.0435287,643.7205129,639.5828588,549.8316122,590.6871452,577.9541936,560.5699469
0,534.9211015,655.9904642,714.6593009,621.7097114,689.7311192,607.4722895,564.0686264,668.6255848,668.7340966,644.1090869,640.144932,550.2879096,592.3174958,579.2815908,561.1964257
0,534.4794669,656.7302097,715.1649729,623.3258215,689.8877094,607.6218713,564.7011892,669.5951995,668.4166365,644.4333477,640.6539573,550.7287198,594.3846414,580.5936994,561.8973995
0,534.3090313,657.4597855,715.6376157,625.0083423,690.0081554,607.7817432,565.3113596,670.7049407,668.1237126,644.9913989,641.1276699,551.1310779,596.4001508,581.8829652,562.6429663
0,534.2269152,658.1806076,716.1398978,626.7575041,690.1184827,607.9697592,565.9155209,671.8671914,667.8967615,645.5227832,642.4995358,551.510027,598.4099734,583.1543781,563.3628057
0,534.0702986,658.8985654,716.5570385,628.5722682,690.2441906,608.1273788,566.5064322,673.1143531,667.7589913,646.0171584,643.0073608,551.8724,600.6231361,584.4191382,564.0490953
0,533.9133836,659.6047368,716.9219376,630.4345974,690.3758233,608.3021166,567.0676807,674.5145364,667.6978485,646.4917094,643.7784287,552.213438,602.2118572,585.6705914,564.7253837
0,533.7254759,660.188725,717.2736408,632.3427546,690.5107381,608.5281557,567.5716858,675.9483207,667.3326889,646.9523486,644.3500214,552.5334362,603.8249457,586.8888319,565.3661404
0,533.5111611,660.81006,717.6093546,634.2956615,690.6271242,608.7896059,568.3628957,677.4835529,666.9722621,647.4013332,645.0549294,552.8441878,605.3739653,588.1192295,566.0179712
0,533.2893894,661.4294175,717.9540134,636.2900518,690.7404548,609.0528838,568.8067147,679.4255226,666.5709513,647.8311925,645.7746082,553.1459848,607.249754,589.3653513,566.6630395
0,533.0155424,662.0500036,718.2888395,638.3183739,690.8032582,609.3200593,569.1806002,681.3454998,666.1859652,648.2686299,646.5232663,553.4492664,608.9960624,590.6276521,567.286714
0,532.7959212,662.6748465,718.6065322,640.365354,690.8539895,609.5873642,569.5120472,683.0958621,665.8271323,648.6981917,647.3221749,553.7314773,610.5769542,591.8857026,567.8964082
0,532.5741491,663.306036,718.8132716,642.4147491,690.8966673,609.8311085,569.7916329,684.8048901,665.5069929,649.1403465,648.1408919,553.9727292,612.0580618,593.1581,568.4869334
0,532.3658526,663.9433043,718.9826981,644.4739893,690.9260221,610.0107534,569.9720418,686.3983131,665.2237753,649.5967197,648.9735887,554.1980786,613.4017795,594.4411527,569.0640082
0,532.0430906,664.5778344,719.1548853,646.513526,690.9443433,610.1691395,570.1191554,687.8061269,664.9843134,650.0458497,649.8212457,554.3971022,614.5876597,595.732343,569.6240027
0,531.8157098,665.2509017,719.3255525,648.5074779,690.9543718,610.3238145,570.277839,689.1281563,664.7094985,650.5109192,650.7095651,554.5822637,615.6281224,597.0204485,570.2148032
0,531.7591362,665.938779,719.506519,650.4446126,690.960978,610.4913899,570.413438,690.3316586,664.4477416,651.1945335,651.6397084,554.7494861,616.4710928,598.3056505,570.7572159
0,531.684473,666.6222523,719.644001,652.3546519,690.9576909,610.6560568,570.6275188,691.374679,664.1873652,651.8449055,652.5416739,554.8513245,616.9862395,599.5749713,571.2623364
0,531.5951082,667.2955465,719.7100193,654.2332642,691.0115657,610.7680438,570.8093118,692.4020185,663.9392914,652.4837068,653.420995,554.9345328,617.4653602,600.8318211,571.7275611
0,531.4236072,667.9751412,720.0923924,656.0773106,691.0850882,610.8574046,570.930057,693.1993595,663.6498907,653.1222393,654.258908,555.0117877,618.159069,602.0730482,572.1541566
0,531.268737,668.757039,720.5739775,657.8845826,691.1441216,610.2037864,571.0832202,693.7668841,663.3051307,653.709956,655.0850618,555.0875664,618.9727993,603.2912505,572.5517355
0,531.1904327,669.5557386,721.1069552,659.6538179,691.2016917,610.2632463,571.1616804,694.2392654,662.9424187,654.2572065,655.9136299,555.174674,619.6495422,604.474887,572.927067
0,531.0634608,670.3640755,721.6149251,661.3852336,691.257913,610.2639202,571.2621068,694.6322222,662.567613,654.7933033,656.6926536,555.26666,620.2522089,605.6218252,573.2830744
0,530.7829658,671.1698177,722.1215442,663.0809549,691.2891565,610.2511101,571.3107486,695.0347177,662.1920832,655.290861,657.426474,555.3588235,620.8332119,606.7395472,573.6011681
0,530.4947923,671.9522034,722.6103829,664.7450773,691.3266814,610.2414959,571.354238,695.2687936,661.8086639,655.7197305,658.1113963,555.4566492,621.3823401,607.8259558,573.9053279
0,530.2879687,672.7122086,723.1214966,666.3829324,691.3496482,610.1812068,571.3522334,695.4653079,661.4197222,656.0423426,658.7464822,555.5645447,621.919466,608.8790805,574.1839452
0,529.9268302,673.4610865,723.5934447,668.0000034,691.3687794,610.1316635,571.378139,695.7597717,660.9931734,657.4431269,659.3471478,555.6837057,622.4437472,609.8922538,574.4550339
0,529.5991977,674.1931378,724.0444514,669.565258,691.3877624,610.0631045,571.3907453,695.9201295,660.5521958,657.7167253,659.9169713,555.8190601,622.9529062,610.8695676,574.7191755
0,529.2808992,674.818212,724.4732371,671.1013883,691.410737,610.0266558,571.3889507,696.1086183,660.1357841,657.9686899,660.4748723,555.9638135,623.4651002,611.811169,574.9618292
0,529.0354828,675.4040607,724.8802933,672.625442,691.4461658,610.0131109,571.4214181,696.283702,659.7157627,658.1959213,661.018924,556.1074616,623.8930594,612.7140195,575.1901031
0,528.7337629,675.9752557,725.2803626,674.1384661,691.4719979,610.0509842,571.4786724,696.4589763,659.3143714,658.3571265,661.6054625,556.2557219,624.1551269,613.5747726,575.4108736
0,528.4231482,676.5295312,725.8695108,675.6401525,691.5191101,610.0454215,571.5406561,696.5403244,658.9495565,658.5019996,662.1653273,556.4003557,624.3780395,614.3915556,575.6109576
0,528.0960546,677.07006,726.5200597,677.1290077,691.5624073,610.0769096,571.5737193,696.1346642,658.6034333,658.5995001,662.9915327,556.543536,624.7116087,615.1664126,575.7844144
0,527.8024941,677.596484,727.1263564,678.6029204,691.5899762,610.0818005,571.6307209,695.5385765,657.7767998,658.6872075,663.456594,556.6719988,625.0419536,615.8628103,575.9584194
0,527.5459708,678.0918376,727.6414494,680.0597336,691.6137213,610.0525722,571.7077187,694.8117932,657.4934159,658.7920962,663.9180459,556.7929924,625.37544,616.4894787,576.1465119
0,527.324733,678.5581972,728.0555254,681.497477,691.6478153,609.9791256,571.783703,693.9446328,657.2256715,658.9099338,664.3430374,556.9196126,625.7032365,617.0687888,576.3204616
0,527.0796039,679.006957,728.4079139,682.9143639,691.6371555,609.8716293,571.9196853,692.9358316,656.9283113,659.0108589,664.7595666,557.0442831,625.9936959,617.6224477,576.520609
0,526.8451914,679.4093501,728.7604381,684.308364,691.6541014,609.7472288,572.0572875,691.9317075,656.6154844,659.1010597,665.1328216,557.1761839,626.2907644,618.1517084,576.7341168
0,526.6628015,679.7732155,729.1026437,685.6773966,691.661351,609.6114684,572.1900445,690.9426936,656.2999995,659.2221596,665.4484592,557.3148302,626.6108936,618.6486693,576.9469649
0,526.512587,680.1205688,729.3840877,687.0198277,691.6790859,609.4393829,572.3325866,690.1111958,655.9911588,659.3478873,665.7366691,557.4263674,626.9353665,619.1014091,577.1746623
0,526.3976756,680.4552253,729.6640764,688.3122953,691.6977816,609.2490808,572.474104,689.5731908,655.6668146,659.4841381,665.9569429,557.5310719,627.2133821,619.5336211,577.4097318
0,526.2867718,680.6778985,729.9073404,689.5339627,691.7110368,609.0798491,572.5601621,689.6241355,655.3458493,659.613986,666.0567388,557.6263557,627.3738278,619.945528,577.6150644
0,526.2750883,680.8786718,730.1247999,690.716631,691.7160916,608.9280464,572.6079134,690.0753389,655.0197275,659.7952707,666.1308107,557.724124,627.5331585,620.3523646,577.8217741
0,526.2974533,681.0422804,730.3896599,691.8742759,691.7226607,608.814692,572.631572,690.2654627,654.7036588,659.973487,666.1033678,557.819898,627.6856759,620.7646242,578.0309091
0,526.3172509,681.2440121,730.6669472,693.0081083,691.7229805,608.7423243,572.5679131,690.4397213,654.4056859,660.1232891,665.9971665,557.9044595,627.802608,621.1684098,578.2351566
0,526.2862986,681.4382287,730.8390979,694.1193562,691.707035,608.6772037,572.5142941,690.6198694,654.1249812,660.256772,665.8314637,557.9800434,627.8579389,621.5698903,578.4336837
0,526.2624321,681.6131533,731.0026067,695.2067893,691.6745846,608.6380501,572.4694813,690.7018363,653.8483121,660.3766443,665.5622044,558.0477254,627.918911,621.9565408,578.6318238
0,526.1973202,681.7666803,731.1570794,696.2415503,691.6393723,608.6048124,572.4142895,690.7733937,653.5876023,660.5021375,664.7372022,558.1229962,627.966549,622.3113063,578.8392904
0,526.0900431,681.9161305,731.2976709,697.2454941,691.6098682,608.5461535,572.367325,690.763555,653.3113954,660.5990319,664.3633186,558.1994199,628.0033445,622.6332796,579.0529214
0,525.9412907,682.0684057,731.4439652,698.2278598,691.5609647,608.4859055,572.2998075,690.6773294,653.0327534,660.674131,664.0070021,558.284007,628.0495255,622.9372464,579.273035
0,525.7185975,682.2191254,731.569053,699.1868411,691.4922498,608.4073989,572.2087776,690.5735789,652.7642281,660.7539621,663.6507357,558.3665008,628.0891451,623.2275459,579.4962864
0,525.5174468,682.3798837,731.6540059,700.1247161,691.4272582,608.3064429,572.15381,690.5531436,652.5124546,660.8306144,663.3158023,558.4411002,628.1975454,623.4467443,579.7154012
0,525.4188892,682.5205609,731.7313973,701.0425097,691.3628294,608.2168351,572.0867215,690.7481946,652.2711681,660.9005222,663.0166325,558.5035792,628.2869684,623.6350732,579.8840736
0,525.3384901,682.6923727,731.7429624,701.9396797,691.296684,608.1397943,571.9992322,691.0855893,652.0388595,660.9000058,662.6679494,558.5655059,628.3631763,623.8203672,580.0522331
0,525.3012202,682.8986774,731.6973794,702.81186,691.2243,608.1056894,571.9063924,691.7145658,651.8033015,660.8484282,662.3362769,558.6266787,628.4324352,624.0002076,580.2132272
0,525.377243,683.0995677,731.6317256,703.6727119,691.1569324,608.12363,571.793032,692.7734383,651.5626435,660.8551284,661.0823439,558.6937523,628.4842788,624.1948868,580.3670438
0,525.398343,683.291402,731.5653371,704.4697915,691.0906947,608.1741237,571.6074848,693.7950111,651.355985,660.8217399,660.8429399,558.7618768,628.5157919,624.3794812,580.513204
0,525.4357296,683.4878942,731.4051813,705.2595245,691.0203443,608.191653,571.4227189,694.9190687,651.1450316,660.7849188,660.6415185,558.8353914,628.5391859,624.5490646,580.6483775
0,525.4806339,683.6703414,731.1398484,706.0408185,690.9512761,608.2209164,571.2419469,696.0025834,650.9095593,660.7440225,660.5213107,558.9119566,628.5718337,624.7111339,580.7922295
0,525.4339392,683.852796,730.8568127,706.8110268,690.8830059,608.2120392,571.1477414,697.1052558,650.6602093,660.6413186,660.3182402,558.9905269,628.6003859,624.8895683,580.9406548
0,525.2732708,684.0256776,730.7918371,707.5834533,690.8086005,608.1811337,571.0633374,698.2122575,650.3799941,660.5357237,660.1503056,559.0717115,628.5467809,625.0718981,581.113961
0,525.0779012,684.2072917,730.9076435,708.3393971,690.7417397,608.0964543,570.9764189,699.2588434,650.1059921,660.4614144,659.9594453,559.1702889,628.4291708,625.2368426,581.2925702
0,524.7682339,684.3941356,730.8617662,709.0987568,690.7019591,607.9647297,570.8766374,700.3137271,649.8448696,660.4025902,659.7339896,559.2732211,628.3873883,625.4019667,581.4681197
0,524.439278,684.5769918,730.7922004,709.860221,690.656888,607.8227865,570.7652956,701.2413587,649.6164301,660.3542639,659.4882851,559.3813384,628.287377,625.5240516,581.6442022
0,524.0875198,684.7355812,730.6712165,710.6281292,690.5946416,607.6828533,570.6462466,701.885791,649.4108975,660.3548628,659.5443222,559.4920607,628.1782712,625.6116681,581.7669501
0,523.9318118,684.8629624,730.5216533,711.3950008,690.5268726,607.5632615,570.6097431,702.5625898,649.1913817,660.3653271,659.2950153,559.6041567,628.0518373,625.7229243,581.8826645
0,523.8534083,684.9665492,730.334417,712.1645525,690.4476503,607.4344384,570.5519246,703.2403809,648.9799204,660.3767839,659.0254404,559.7060315,627.918305,625.8334388,581.9946706
0,523.8095038,685.0757137,730.174829,712.9291224,690.3426241,607.3412345,570.556896,704.1980114,648.7773852,660.3799506,658.8081825,559.8095874,627.7231546,625.9427944,582.1126515
0,523.7876809,685.146534,729.9905566,713.6897842,690.2397148,607.27826,570.5566486,705.3685284,648.5822513,660.4091246,658.5813057,559.8856515,627.5298855,626.0517766,582.2390303
0,523.7757302,685.2544199,729.761957,714.3990872,690.1412319,607.2306765,570.5339749,706.5425285,648.4101366,660.4625418,658.4264854,559.9630611,627.3543029,626.166953,582.4013735
0,523.7973676,685.3562188,729.4960444,715.0823112,690.0512927,607.2190268,570.5013085,707.604306,648.2413827,660.4844998,658.4443108,560.025753,627.1890586,626.2928727,582.5614015
0,523.6630523,685.4512433,729.1731419,715.7495629,689.9767705,607.2358235,570.462281,708.6380683,648.0762203,660.4755908,658.4797947,560.0873048,627.0345188,626.427127,582.7353318
0,523.5388812,685.5303782,728.6949371,716.3874113,689.9085257,607.1816093,570.4661527,709.6066705,647.9004157,660.4377629,658.5671904,560.1350784,626.874476,626.5683234,582.9308793
0,523.4277959,685.6041905,728.3373239,716.9812232,689.8427594,607.1320245,570.4861849,710.5131299,647.7158313,660.3703834,658.634234,560.1678823,626.7270678,626.7064272,583.1243004
0,523.3003694,685.6841842,727.9531257,717.5504697,689.8239978,607.0372784,570.5018582,711.1697882,647.5346759,660.269376,658.6751853,560.212303,626.5723416,626.8575556,583.3138192
0,523.1839993,685.7421612,727.5327217,718.0205615,689.8050438,606.951024,570.5123464,711.7375668,647.3621352,660.1394877,658.7098896,560.2324778,626.420121,626.9816801,583.4924548
0,523.0741464,685.8144992,727.0313707,718.4610735,689.7743599,606.8876899,570.4845733,711.8917814,647.1490858,660.0586496,658.7210613,560.2500355,626.2796352,627.0645532,583.6545386
0,522.9666574,685.8924659,726.5437765,718.8803724,689.7475795,606.8020622,570.4530465,711.8152957,646.9240021,659.9870765,658.7532537,560.2656049,626.1483101,627.1778444,583.7737433
0,523.1919965,685.9600372,726.160303,719.2737515,689.7085318,606.7179911,570.4575771,711.6916727,646.698315,659.9175546,658.6902268,560.2831498,626.0233168,627.3031751,583.8721165
0,523.4343852,686.0146441,725.7902778,719.636779,689.6581382,606.5915545,570.4634082,711.5798388,646.4636201,659.8580689,658.3671865,560.2833478,625.9111029,627.4390516,583.9672858
0,523.5992537,686.070535,725.4415316,719.9753563,689.5973365,606.4548072,570.4862273,711.5023179,646.2262365,659.7936899,658.0541968,560.2972297,625.7963529,627.5765381,584.0536987
0,523.7519648,686.1355394,725.0994061,720.2839637,689.5253844,606.3993848,570.5124239,711.6210083,645.9874812,659.7099029,657.6832041,560.3304068,625.6666944,627.7133169,584.1277024
0,523.8709104,686.2473739,724.7596503,720.6013807,689.4460669,606.3340267,570.4667978,711.6459256,645.7487619,659.6000917,657.3586573,560.3673767,625.5330183,627.8345508,584.2386369
0,523.9219222,686.3700723,724.4135967,720.901523,689.3556551,606.3083141,570.3740863,711.5975768,645.5191835,659.4235131,656.9921909,560.3892693,625.3863422,627.9188856,584.3566743
0,523.9001896,686.4957652,723.9987999,721.1911275,689.2637203,606.2825053,570.2458075,711.4031281,645.287045,659.2537519,656.6575108,560.4106334,625.2476307,627.9797708,584.4785004
0,523.7195648,686.6399099,723.3849685,721.4759753,689.1724616,606.2408933,570.1370401,711.2023151,645.0586168,659.0883113,656.3688864,560.4343435,625.1163785,628.0307159,584.5856264
0,523.4602197,686.7795227,722.7534652,721.7767179,689.0771985,606.1946403,570.0776073,710.9993012,644.8205885,658.9159698,656.1542329,560.4429176,624.9831681,628.0715039,584.6900625
0,523.0027809,686.9004195,722.1170789,722.1094753,688.9732029,606.1262533,570.0340664,710.4040516,644.5840152,658.7621167,655.9439182,560.4520139,624.8691783,628.1105935,584.7822302
0,522.540802,687.0279921,721.4334816,722.442052,688.8494902,606.0765527,569.9768615,709.6163012,644.3374195,658.608928,655.7434066,560.4530215,624.7441696,628.1617084,584.8692695
0,522.1846184,687.1819414,720.7509335,722.7763195,688.7138524,606.0575382,569.9128885,708.5934084,644.0440761,658.5521686,655.5728092,560.4450555,624.6153997,628.1978154,584.9284449
0,521.8447231,687.3322095,720.1770682,723.098758,688.5671505,606.0891503,569.8663057,707.7068122,643.7325761,658.5310364,655.2622972,560.4429101,624.4886107,628.2421852,584.9750571
0,521.4942674,687.478665,719.6577941,723.4146482,688.4132935,606.0925987,569.8231234,706.9175129,643.3640463,658.5434864,654.9295177,560.4443229,624.3620816,628.2710241,585.0191813
0,521.1707408,687.6225963,719.2026394,723.7119208,688.2544967,606.0921443,569.7681919,706.1828432,643.0167392,658.5309215,654.6250955,560.4422403,624.227601,628.2881546,585.0541361
0,520.7577647,687.764875,718.7470602,723.9871867,688.0728674,606.1524094,569.7158323,705.5109056,642.6378837,658.5047986,654.2706171,560.4392869,624.0702985,628.3176223,585.0712766
0,520.3497943,687.8905836,718.2975728,724.2438343,687.8926577,606.2112419,569.6979948,704.9633178,642.2486069,658.471021,653.8951676,560.4441695,623.8853515,628.3637462,585.0694001
0,519.878687,687.9780945,717.8266903,724.4977285,687.698629,606.2881018,569.6328274,704.4567361,641.8851448,658.4008819,653.4928305,560.4562035,623.714102,628.4285498,585.0720419
0,519.3409741,688.0657074,717.3850268,724.7455219,687.49796,606.3626379,569.4684938,703.9389013,641.5303749,658.250346,653.0966183,560.470585,623.533568,628.4913846,585.0918901
0,518.7736783,688.1340784,716.9276317,724.9622791,687.2973459,606.4637031,569.3527917,703.6516071,641.1784207,658.0691486,652.6866181,560.4869631,623.2960371,628.5552669,585.0763093
0,518.126495,688.1964755,716.475961,725.1657366,687.0920175,606.5514957,569.2270536,703.3277115,640.8630906,657.8186781,652.322039,560.4887979,623.0612468,628.6110318,585.0411596
0,517.3419992,688.2580816,716.0526511,725.3655467,686.8815157,606.6112047,569.1071145,703.1318998,640.5875251,657.5544439,651.9813743,560.4876036,622.872483,628.6638549,584.9971485
0,516.4864964,688.3275256,715.6467137,725.5577079,686.6672442,606.6337945,568.9931871,702.9865959,640.3343677,657.2856698,651.5802962,560.4867289,622.6978203,628.7108884,584.9449581
0,515.7022366,688.3954906,715.2416915,725.7499525,686.4534947,606.6027978,568.9307332,702.7654869,640.0758948,657.0163439,651.2102605,560.4851549,622.5246124,628.7704913,584.9014432
0,515.0198462,688.5016985,714.845509,725.9633396,686.2369358,606.5691438,568.8990675,702.6966988,639.833607,656.7258216,650.7817865,560.4784282,622.355258,628.8555568,584.8376426
0,514.2433925,688.6033364,714.5083515,726.1993341,686.0481441,606.5154182,568.8616045,702.796079,639.5975798,656.4697243,650.345583,560.4565954,622.161137,628.8875037,584.7748742
0,513.4747183,688.672376,714.1917352,726.4448887,685.8607603,606.4623277,568.7884197,703.1417099,639.3708471,656.2180199,649.9278521,560.4287002,622.0200554,628.8337048,584.7236713
0,512.7701667,688.7312146,713.8938787,726.7049985,685.6773357,606.4004367,568.693513,703.543673,639.0846166,655.9898354,649.5164888,560.3517525,621.8643319,628.770301,584.6746601
0,512.0656321,688.7703044,713.5892254,726.9716531,685.5054652,606.2410653,568.6415849,704.0757096,638.775079,655.7519392,649.1045812,560.2755756,621.7217035,628.7113532,584.6196952
0,511.3486267,688.7819965,713.2874851,727.2459132,685.3366914,606.0878409,568.6122819,704.4923611,638.4876026,655.4945392,648.6916037,560.2035619,621.5781601,628.6382378,584.5625287
0,510.6148522,688.8122235,712.9572871,727.5249014,685.153875,605.9526264,568.5532868,704.9000382,638.204001,655.2353056,648.2045724,560.1118506,621.4527771,628.5778201,584.531501
0,509.7652825,688.8526574,712.6575235,727.8090648,684.9728676,605.8387333,568.4907366,705.3515161,637.9060557,654.9905428,647.698111,560.0169422,621.3245985,628.5554302,584.4993341
0,508.8838845,688.8597886,712.2828198,728.083543,684.7920497,605.7298336,568.4604058,705.9377283,637.5969381,654.7097281,647.2022054,559.9237146,621.1886899,628.5876131,584.4658236
0,507.9776019,688.8405003,711.8715698,728.3439034,684.6118148,605.6322397,568.4360088,706.3920545,637.308317,654.4333226,646.6597976,559.8288567,621.0484496,628.6131808,584.4577415
0,507.0458227,688.8188347,711.4258802,728.6014896,684.4306334,605.5423203,568.413327,706.8416141,637.0345902,654.1864363,646.0377431,559.7196108,620.8915836,628.6463593,584.4660736
0,506.1785481,688.8017634,710.9523476,728.8125901,684.2455857,605.4563758,568.4614202,707.3211585,636.7805332,653.9622221,645.4178772,559.6174374,620.730544,628.6754161,584.488043
0,505.3457893,688.7817713,710.4282448,729.0025568,684.053461,605.3588232,568.5491663,707.6901231,636.5557034,653.7493005,644.8210868,559.5175695,620.5783079,628.6787538,584.5219841
0,504.5672376,688.7639698,709.7717045,729.2103279,683.861484,605.3089315,568.6665132,708.1039045,636.3651175,653.5195085,644.2079796,559.4427265,620.4189433,628.6667218,584.5374697
0,503.8286785,688.7242029,708.994619,729.4231003,683.6826365,605.2876092,568.7860342,708.5053736,636.1746759,653.2768046,643.7199141,559.3782453,620.2253577,628.626606,584.5246389
0,503.3692315,688.7058625,708.279815,729.6239946,683.5149503,605.2776445,568.8717489,708.8842252,635.979629,653.049072,643.2638646,559.3077977,620.0170803,628.5767331,584.4892694
0,502.9081829,688.644077,707.5796433,729.8043703,683.342716,605.2336442,568.970324,709.3574999,635.8020472,652.8481043,642.8160854,559.23762,619.817079,628.5221101,584.4493356
0,502.4269632,688.5576132,706.9077282,729.9244334,683.1601049,605.2129037,569.0786463,709.7282519,635.6357298,652.5655635,642.3735878,559.1691665,619.6194077,628.4437169,584.3913305
0,501.9407121,688.4699666,706.2512665,730.0436207,682.9841179,605.2118859,569.1937237,709.9292294,635.4789089,652.2211818,641.9910234,559.1159914,619.4215049,628.3530538,584.3120492
0,501.4855296,688.472932,705.6082859,730.1598302,682.827154,605.2631113,569.2766814,709.930744,635.3337799,651.8857097,641.6148211,559.0641124,619.2289377,628.2582922,584.1877875
0,501.0239981,688.4918053,705.0451297,730.264201,682.6569694,605.3135648,569.3522487,709.9281264,635.204739,651.5446455,641.254888,559.0065581,619.0425671,628.2113064,584.0538368
0,500.5712888,688.4893143,704.5245699,730.3427192,682.4812293,605.340765,569.4319601,709.939531,635.0649131,651.1959125,640.9729364,558.9586876,618.8625464,628.1908177,583.9141917
0,500.1267486,688.4816977,704.0049274,730.4098747,682.2946538,605.3826682,569.4948159,710.021874,634.9283697,650.8366166,640.6621482,558.914055,618.6881481,628.179865,583.7719098
0,499.6502525,688.4738744,703.4930053,730.474825,682.0894495,605.4341913,569.5084493,710.0481235,634.7684819,650.519238,640.2266979,558.8608415,618.5177647,628.1767802,583.6377224
0,499.1720629,688.466955,703.0664813,730.5323361,681.8748326,605.4612639,569.4807379,709.8879529,634.6245095,650.2171794,639.7964757,558.8219556,618.3487358,628.1644544,583.5271215
0,498.7371871,688.4547782,702.6829829,730.571678,681.6517352,605.5195427,569.4435763,709.6163688,634.4981685,649.9174216,639.3153951,558.7824831,618.1775439,628.2007472,583.44378
0,498.3062947,688.4615987,702.3472701,730.6266148,681.4187038,605.5856752,569.445228,709.3490325,634.3703648,649.6417388,638.8891027,558.7433187,617.9040952,628.2244568,583.3610144
0,497.8990072,688.4968563,702.0114345,730.6979861,681.1709938,605.6637789,569.4089333,709.0510635,634.2382684,649.4002938,638.5069635,558.7115329,617.615632,628.2392927,583.2714715
0,497.5976093,688.5438813,701.6914901,730.7488342,680.9253142,605.7245933,569.3140246,708.6052488,634.0887951,649.2559762,638.1526828,558.6803815,617.3456832,628.2486372,583.1847831
0,497.2778396,688.6075184,701.4463986,730.8037207,680.7036672,605.7478828,569.2140634,708.0897359,633.9340324,649.1400915,637.8169098,558.6527832,617.0680682,628.272933,583.1121066
0,496.9972559,688.6781116,701.2361855,730.822071,680.478557,605.768954,569.1347932,707.5416364,633.7278434,649.0209204,637.5004441,558.6278319,616.7858924,628.2977856,583.0366237
0,496.7219659,688.747143,700.987585,730.8358445,680.255045,605.775874,569.0591373,706.9748779,633.5147069,648.9038586,637.2427258,558.6134114,616.5070421,628.3117575,582.9982722
0,496.463962,688.8965809,700.7860158,730.8006948,680.03877,605.8060581,568.9710506,706.582724,633.2925967,648.856213,636.9973878,558.5852273,616.2322915,628.3393202,582.9244361
0,496.2579112,689.0412363,700.621921,730.7709488,679.8305015,605.83606,568.8599106,706.2065745,633.0639922,648.8130949,636.8724407,558.5493673,615.961983,628.354051,582.8401312
0,496.1156264,689.1776969,700.4194319,730.7467036,679.6333138,605.8819713,568.7417961,705.4393133,632.8132095,648.7754293,636.7798705,558.5056043,615.6975474,628.3771888,582.7717974
0,496.0636514,689.2506206,700.2019821,730.7201357,679.4506342,605.9381966,568.6082184,704.7267385,632.5711604,648.7177938,636.6426388,558.4494885,615.436876,628.3669426,582.7156608
0,496.0039348,689.2652837,699.9668713,730.7211736,679.2714207,605.9934667,568.4155108,703.7678456,632.3314116,648.5667223,636.4664666,558.3950881,615.180975,628.3596417,582.6663628
0,495.9098725,689.2394447,699.7175816,730.726263,679.0856495,606.0415601,568.2250478,702.780859,632.0931116,648.4114072,636.2199739,558.3434847,614.9416711,628.4073589,582.6212504
0,495.7128128,689.2072995,699.4687606,730.7265391,678.8870185,606.0899959,568.0339773,701.8423488,631.8764519,648.2918165,635.8858227,558.3006433,614.5827223,628.475815,582.5979095
0,495.4026942,689.1706061,699.2263185,730.7482966,678.6979267,606.1184179,567.8404681,700.9793876,631.662563,648.1740404,635.5695503,558.2710923,614.2258286,628.5508226,582.6016083
0,495.0055217,689.196888,699.0045302,730.7746836,678.5102084,606.1344073,567.6222309,700.3220739,631.4042256,648.0392896,635.3107521,558.2511613,613.8845167,628.5963125,582.6029065
0,494.5381908,689.2777181,698.8192408,730.8058865,678.3669366,606.1372532,567.3552399,699.7688728,631.1527741,647.8431187,635.0340474,558.2311132,613.5586805,628.6727771,582.5892489
0,494.0438146,689.3481681,698.65366,730.8110087,678.2476953,606.0809497,567.0805429,699.2548503,630.9137433,647.6140749,634.7467975,558.2099155,613.2189013,628.7091775,582.5893693
0,493.5799976,689.4180694,698.5175406,730.8117965,678.1197086,606.0085513,566.8036134,698.7558915,630.679659,647.3779589,634.4670535,558.1892877,612.8611267,628.6890773,582.5886995
0,493.1170398,689.4795217,698.4347465,730.8077758,677.9954553,605.9241732,566.5921268,698.2720002,630.4346045,647.1309817,634.1901989,558.1316519,612.5066126,628.6774552,582.5744765
0,492.7616665,689.555446,698.4006844,730.7986551,677.8991978,605.8347725,566.4047967,697.7705027,630.2062051,646.8737434,633.908755,558.0606695,612.1580689,628.6710774,582.5639626
0,492.4737147,689.6373225,698.3051108,730.7875643,677.8137169,605.7216954,566.246712,697.0126803,630.0272602,646.6575793,633.6525511,557.9608572,611.8053564,628.6446282,582.5512487
0,492.4426397,689.685497,698.1785068,730.782489,677.7361948,605.611494,566.0984693,696.1412587,629.862883,646.4072422,633.4124256,557.8711278,611.4476328,628.6210552,582.5451721
0,492.4324918,689.7386827,697.9915637,730.7634302,677.6614731,605.5029964,565.9408403,695.2718063,629.7642407,646.1923166,633.134004,557.7395316,611.0809122,628.5777633,582.5276596
0,492.4509361,689.7499138,697.810799,730.7476845,677.577409,605.3988054,565.7765601,694.4444243,629.6750632,645.9763819,632.8759976,557.6084195,610.7237317,628.5267693,582.491243
0,492.4480101,689.7562244,697.6408348,730.7457878,677.4396248,605.2573849,565.6059864,693.6226103,629.5794972,645.752375,632.6772409,557.4809964,610.3629472,628.5044853,582.451098
0,492.4120796,689.7546003,697.4288435,730.7557478,677.3350043,605.0953682,565.4325028,692.8662341,629.5145579,645.578383,632.4834466,557.3671851,609.9895609,628.4514419,582.415971
0,492.3367956,689.7589108,697.1625978,730.7600591,677.2264276,604.9429742,565.2774086,692.1977776,629.4361644,645.4362968,632.3851349,557.2661491,609.6143183,628.4010051,582.4023986
0,492.2682217,689.8043823,696.966211,730.7391656,677.1099346,604.7781488,565.1726117,691.6288666,629.3633348,645.2826534,632.2953821,557.1677134,609.3118844,628.3421339,582.3792522
0,492.126309,689.8419638,696.76506,730.7052004,676.992431,604.6305678,565.0734127,690.9292455,629.2886514,645.1224318,632.2324145,557.0751863,609.0104243,628.3214982,582.3421423
0,491.969865,689.870313,696.5844913,730.6518232,676.7924873,604.4994737,565.0276618,690.2644736,629.2209539,644.946825,632.1900149,556.9799945,608.7016105,628.2860487,582.2987046
0,491.7858239,689.9045504,696.42925,730.5903488,676.504336,604.3612791,565.0214029,689.7155875,629.1768392,644.7687478,632.2538468,556.8701153,608.3919456,628.2475935,582.2336917
0,491.5925847,689.9383279,696.3013871,730.4995349,676.2664996,604.2377129,565.0788467,689.1186331,629.1357578,644.5619197,632.1373877,556.7531385,608.0919401,628.2104023,582.1586631
0,491.3581635,689.9552817,696.2301917,730.3986742,676.147439,604.1209165,565.1051349,688.6284727,629.1022558,644.3336449,632.0571492,556.6150539,607.7902997,628.1884717,582.0740005
0,491.1645491,689.965285,696.2224292,730.2556737,676.0213427,604.0005263,565.1171777,688.1983692,629.0619242,644.0804878,631.9810597,556.4779618,607.4904661,628.1793466,581.9861486
0,491.0203243,689.9834451,696.1997708,730.124571,675.8916854,603.9055327,565.1207127,687.795033,629.0346529,643.8602349,631.8649626,556.3420229,607.1939869,628.1767951,581.8896486
0,490.865472,689.9937137,696.2265768,729.936392,675.7529153,603.8301596,565.0928401,687.7283082,629.1018686,643.5569248,631.6438455,556.220496,606.8913528,628.1452634,581.7602189
0,490.6767287,689.9936848,696.3187718,729.7441222,675.6111105,603.7516416,565.0411545,687.6231545,629.1559688,643.2212472,631.5461794,556.0971122,606.5777849,628.0932465,581.6329818
0,490.4336795,689.9789875,696.4740665,729.5430345,675.4705144,603.6904522,564.9357553,687.4225272,629.1417489,642.9706413,631.5040086,555.967067,606.2407949,628.0385351,581.5091537
0,490.1712506,689.9602293,696.5770796,729.3564075,675.327181,603.6228624,564.8103278,687.01825,629.1096335,642.7234615,631.5437591,555.8413645,605.9543137,627.977312,581.3543323
0,489.830915,689.9462781,696.3376307,729.1831161,675.2346276,603.5570144,564.6890755,686.534196,629.0763025,642.4410179,631.5789113,555.7330242,605.7500936,627.9211836,581.20558
0,489.3937806,689.9341623,696.090156,729.0355701,675.1414419,603.5101783,564.5931711,686.0018926,629.0220783,642.115091,631.6286537,555.6336326,605.5547613,627.8745418,581.0480664
0,488.9299598,689.9148543,695.8445477,728.9309186,675.0282167,603.4783775,564.4903312,685.4374384,628.9371603,641.8649586,631.6693567,555.5355033,605.2423096,627.866969,580.8816366
0,488.4045438,689.8993704,695.6049478,728.8535939,674.927376,603.4432997,564.3955257,685.2317173,628.7789912,641.6126056,631.7146866,555.4244869,604.9312497,627.8500435,580.7179042
0,487.8243124,689.8733051,695.332929,728.8036281,674.8139191,603.4287694,564.3413322,684.5591438,628.5956792,641.3428631,631.7437438,555.3070415,604.627506,627.8414851,580.5722009
0,487.1719767,689.8099586,694.9430771,728.7901328,674.9083053,603.4431565,564.2406079,683.9440153,628.4231956,641.0414165,631.7308282,555.1970974,604.3396664,627.8375237,580.4261452
0,486.4671221,689.7280397,694.5405983,728.7423121,675.0032681,603.4160262,563.9818782,683.3696767,628.2657661,640.7139171,631.6964004,555.0665606,604.073966,627.8408852,580.2855563
0,485.8998727,689.6358657,694.1340688,728.6977161,674.8733229,603.3848403,563.7072343,682.6907519,628.1112888,640.3769274,631.6463884,554.9243601,603.79961,627.8399922,580.1622218
0,485.3470803,689.5364892,693.7589089,728.6574288,674.7381015,603.3495033,563.367,682.2714206,627.9645587,640.0038501,631.5715135,559.8783023,603.5285789,627.8109928,580.0467639
0,484.8360656,689.4148478,693.3561679,728.618868,674.5960162,603.3253922,563.0498198,682.0681444,627.8157714,639.5779105,631.4829541,559.7785392,603.2493986,627.7708838,579.9224657
0,484.3545072,689.2904135,692.9190021,728.5637197,674.4293806,603.3235212,562.7888337,681.7301386,627.6896292,639.1488434,631.3408348,559.6821804,602.9666725,627.720419,579.8009259
0,483.9362068,689.1579208,692.4245246,728.493351,674.2614109,603.3092071,562.541625,681.3305097,627.5242983,638.6919975,631.1481839,559.5756991,602.6603168,627.6592069,579.6727991
0,483.5175276,689.0873894,691.8192588,728.4169443,674.1126798,603.3001948,562.2211802,680.8176219,627.3590043,638.2419683,630.9482417,559.460486,602.3571731,627.6254403,579.5506686
0,483.0575466,689.0260692,690.8560976,728.331709,673.9823166,603.2985569,561.8343268,680.1719398,627.1452756,637.8005748,630.7249459,559.3390724,602.0662302,627.590369,579.4332922
0,482.6197319,688.9758569,689.9460582,728.2439136,673.8240665,603.309729,561.4354949,679.6234945,626.9033831,637.3845654,630.4902189,559.2282463,601.7240168,627.5704733,579.3285015
0,482.3491898,688.9597596,689.2493702,728.1857827,673.6690413,603.3124564,561.0489122,679.1883549,626.6077506,636.9733678,630.7665091,559.1271782,601.3750366,627.5498435,579.2271503
0,482.152985,688.9580014,688.5473397,728.1323043,673.4957238,603.3411609,560.6976784,678.7007601,626.2872118,636.57157,630.498277,559.0385861,601.0415514,627.5270492,579.1254531
0,481.9401871,688.9583739,687.8714867,731.0956702,673.3196215,603.4325773,560.3683016,678.440895,625.9241492,636.1830343,630.219063,558.9446709,600.7272102,627.5039394,579.0253245
0,481.7569279,688.9550262,687.2322267,731.0709874,673.138032,603.5040413,560.1086849,678.1226809,625.5489733,635.8115825,629.9042465,558.8821934,600.4338303,627.485439,578.932474
0,481.6109904,688.9471855,686.6139228,731.0048749,672.9612461,603.5563184,559.8735674,677.8368587,625.1192879,635.476043,629.5776033,558.8155491,600.144549,627.4825799,578.8467334
0,481.4884063,688.9484142,685.9510241,730.9322257,672.7689998,603.5971124,559.6399911,677.3990374,624.6766245,635.1732535,629.297518,558.7364179,599.8505807,627.4743141,578.7588347
0,481.3699076,688.9660235,685.5385184,730.8527573,672.5604861,603.6714507,559.3795951,677.0055247,624.2234301,634.8605098,629.006803,558.6582434,599.5641649,627.4531933,578.6870299
0,481.3457363,689.0087261,685.1131797,730.768373,672.3194377,603.7573194,559.1918042,676.6083132,623.762858,634.6368074,628.6765756,558.6047833,599.2819976,627.4461382,578.5892239
0,481.3739138,689.0544518,684.6654025,730.6657185,672.0663818,603.8342874,559.0751542,676.2492932,623.3036045,634.3432866,628.2906386,558.553432,598.9941415,627.4399542,578.4920785
0,481.2972916,689.1238127,684.2160325,730.5650204,671.8191942,603.8766947,558.9083526,675.8156791,622.8506497,634.0648733,627.9130118,558.5045646,598.7078011,627.4416734,578.3921398
0,481.1743031,689.2198584,683.7503959,730.4646965,671.5714043,603.8881119,558.7689777,675.4174335,622.4039724,633.836755,627.5452647,558.4510071,598.4394122,627.4471837,578.2544435
0,481.0450247,689.3079629,683.2461009,730.3419247,671.2891842,603.8304273,558.5882146,674.9540067,621.9935716,633.5808352,627.1816471,558.3990977,598.2169415,627.4529866,578.0910241
0,480.8768687,689.3776766,682.6791775,730.2190134,670.9949258,603.7576179,558.3733643,674.7019938,621.6069666,633.2609737,626.8752781,558.3634063,598.0110671,627.4676121,577.9309686
0,480.9151843,689.4400095,682.1596948,730.1030959,670.7032131,603.7193699,558.143265,674.4395137,621.2472626,632.9660354,626.5878136,558.3360816,597.8207093,627.491517,577.7667603
0,481.0211388,689.514592,681.6444374,729.9785378,670.4121973,603.6866504,557.8571404,674.2601092,620.8995825,632.6966872,626.2759111,558.3380025,597.6485265,627.5059997,577.6383643
0,481.1297202,689.5900027,681.1110431,729.8493688,670.1124152,603.6660268,557.5862378,674.2273656,620.5821194,632.4565428,626.0004291,558.3515272,597.4647122,627.5267221,577.501387
0,481.1703648,689.6547689,680.5611276,729.6793251,669.8200654,603.6365535,557.267893,674.2536783,620.2605693,632.1856183,625.7163489,558.3842582,597.2471427,627.5367384,577.3724756
0,481.2155477,689.708121,679.8951224,729.507276,669.5280706,603.6028176,556.974274,673.9774337,619.9291912,631.9194943,625.4939666,558.4359218,596.9768911,627.5480731,577.2500764
0,481.2358717,689.7636263,679.3687914,729.3426832,669.2290729,603.5590378,556.6783251,673.504473,619.5942599,631.6232944,625.2904649,558.4873377,596.7040907,627.5753648,577.132837
0,481.2689065,689.8323817,678.9022705,729.1809762,668.9220066,603.5296514,556.3511513,672.9599777,619.2422083,631.3379659,625.0951637,558.5289091,596.4282877,627.5884338,577.0121498
0,481.2640902,689.846828,678.4225196,729.0213038,668.5908529,603.48328,556.07842,672.3562723,618.9531773,630.9854657,624.833773,558.5851582,596.1438578,627.6117338,576.8904781
0,481.2287679,689.8670966,677.9599968,728.8542034,668.2594585,603.4414919,555.7903042,671.7020227,618.6888059,630.6115568,624.5495084,558.6306601,595.8489266,627.6147455,576.7685314
0,481.225023,689.8209721,677.4802117,728.6890738,668.046592,603.3999613,555.5094693,670.9656824,618.435338,630.2192899,624.2491403,558.646495,595.5574155,627.6037057,576.6632905
0,481.1562748,689.7349615,676.967707,728.5211236,667.7157816,603.3359262,555.1430249,670.2149936,618.1973479,629.7746346,624.013118,558.6619243,595.2724503,627.5800882,576.5575785
0,481.1198258,689.632198,676.4518071,728.3403454,667.3803674,603.2601422,554.7477452,669.4611553,617.967876,629.3566809,623.7858223,558.677489,595.0134371,627.5544435,576.4590505
0,480.975585,689.5194605,675.8934626,728.1476832,667.015398,603.2160557,554.3642213,668.7396067,617.7211234,628.9384768,623.6171448,558.6833035,594.7625754,627.5278562,576.3372573
0,480.7239756,689.397672,675.355895,727.9682647,666.6402856,603.1724575,553.9705023,668.0755334,617.423504,628.5140874,623.5091492,558.7121513,594.5197265,627.4871505,576.2270833
0,480.5446548,689.2847277,674.8256906,727.7805266,666.2555474,603.1494095,553.5749625,667.4452959,617.1187592,628.1058945,623.3665901,558.7269661,594.2848623,627.4440037,576.1221763
0,480.3662036,689.1979348,674.4716149,727.5883924,665.8663362,603.1259893,553.1987574,666.7866132,616.799834,627.6958237,623.2030602,558.7266667,594.0608301,627.3898745,575.9949273
0,480.2056347,689.1204165,674.142604,727.3905356,665.472109,603.1192024,552.8547642,666.1971745,616.4629569,627.2942033,623.0342562,558.7590962,593.8438918,627.3316832,575.8702288
0,480.005145,689.0716602,673.8215966,727.1799602,665.0680722,603.1225811,552.5522744,665.509679,616.1152786,626.8852184,622.8534279,558.7923762,593.6371777,627.2643058,575.740719
0,479.8570499,689.0390916,673.4694288,726.9657598,664.6657174,603.1533544,552.2713571,664.8630067,615.7541596,626.4585269,622.6946089,558.8281987,593.4375805,627.2286177,575.615368
0,479.6662129,689.0082252,673.088307,726.7637458,664.2587523,603.1533737,552.0230996,664.2177538,615.3588449,625.9827471,622.520179,558.8878325,593.2454149,627.1877597,575.4684143
0,479.3885468,688.9541417,672.6948679,726.5494562,663.8637752,603.1216458,551.7824785,663.612692,614.9730883,625.5100156,622.3109531,558.9548511,593.0581511,627.1288193,575.3395078
0,479.0903319,688.9233844,672.2108829,726.3073804,663.4877699,603.0942349,551.5728551,663.0481294,614.5886894,625.1000868,622.0528826,559.0122091,592.8733899,627.0681363,575.2117861
0,478.7677011,688.8819814,671.7462969,726.0437361,662.5990292,603.0787755,551.3871418,662.8662877,614.1934708,624.7306583,621.8044715,559.0727117,592.6891889,626.9999106,575.0826822
0,478.4026848,688.8156812,671.2859393,725.7624915,662.2141706,603.0709007,551.2297395,662.6188262,613.7977884,624.3642635,621.5610082,559.1234756,592.4982822,626.9347599,574.9616266
0,478.0116817,688.7361463,670.8688161,725.4652077,658.6735612,603.0802413,551.0709737,662.4588372,613.3834843,624.0134605,621.359152,559.1717511,592.3097808,626.8714333,574.8254567
0,477.5852377,688.634519,670.4423112,725.14812,658.2900498,603.1212761,550.9141727,662.4318653,612.9375859,623.6650806,621.1848207,559.217862,592.1165488,626.8230988,574.7037821
0,477.2814063,688.5147478,669.9909718,724.8166568,657.8639735,603.1768612,550.7388864,662.4495548,612.4933384,623.3327915,621.0828602,559.2490438,591.9190129,626.818374,574.5715446
0,477.0286583,688.3857931,669.5728276,724.469864,657.4279497,603.2363352,550.578738,662.3543287,612.0671135,623.0118666,621.0079942,559.2551984,591.7232235,626.8302873,574.4359834
0,476.7475621,688.2617176,669.2579738,724.1207387,656.9819803,603.2827418,550.4246011,662.4110787,611.6505308,622.6480188,620.928361,559.2464001,591.5274343,626.8268499,574.3046385
0,476.4205124,688.1454989,669.2222769,723.7681812,656.5301304,603.3018536,550.3193736,674.2209471,611.2307517,622.3407534,620.8739119,559.2479214,591.3239948,626.8231384,574.1724738
0,476.0363714,688.0375539,669.1882288,723.4153388,656.0729279,603.2724896,550.2127811,674.2682947,610.8063588,622.0344549,620.8709918,559.2414277,591.1158114,626.8179785,574.0428654
0,475.7246868,687.9305687,669.0277431,723.061099,655.6202199,603.189088,550.0710214,674.308284,610.3234343,621.728528,620.8794306,559.2421601,590.9061001,626.7552987,573.9043145
0,475.4184728,687.8259288,668.7770216,722.6981099,655.2809682,603.0910094,549.892382,674.5073276,609.7852934,621.4130868,620.9066666,559.2632788,590.7004724,626.7469284,573.760336
0,475.1347159,687.7328494,668.4469861,722.3077751,654.9649206,602.9861028,549.6873618,674.7021995,609.2494957,621.089141,620.8852533,559.2944811,590.4814399,626.7532614,573.6191375
0,474.8877536,687.6422596,668.1675766,721.9105823,654.6459283,602.8676854,549.5016948,675.0611447,608.6694241,620.7944808,620.8416198,559.3354992,590.2600895,626.7810713,573.4827217
0,474.6429615,687.5112453,667.8330414,721.4945434,654.3224602,602.714783,549.311575,675.4232546,608.0683873,620.5178013,620.7773712,559.3689988,590.0529507,626.8245181,573.3406511
0,474.4237755,687.3676074,667.7681418,721.0569463,653.993019,602.5735383,549.1006155,675.7013837,607.3814176,620.202524,620.6806291,559.3779781,589.8579291,626.8681646,573.1485327
0,474.2467601,687.2112008,667.6280109,720.5940839,653.5529675,602.4371421,548.8641901,675.9120538,606.6850132,619.8660439,620.5478733,559.359101,589.6821818,626.934927,572.9309447
0,474.3211905,687.0308803,667.4533991,720.1036099,653.1724449,602.3012038,548.6388793,676.1788175,605.9926605,619.4688606,620.389032,559.354563,589.4933319,627.0189179,572.7060212
0,474.4515938,686.8540188,667.2504279,719.5895554,652.7768048,602.1783974,548.4215966,676.3496341,605.3455806,619.0475724,620.1811407,559.332557,589.3121093,627.1076486,572.4990354
0,474.6118772,686.6880118,666.9908593,719.0349755,652.3778642,602.0700408,548.3008909,676.4195164,604.7273322,618.6301698,619.9900926,559.2773025,589.1055406,627.1610076,572.2974892
0,474.5220805,686.5370798,666.8468349,718.4331318,651.9638559,601.9656168,548.2455443,676.4786867,604.092022,618.1903984,619.8155858,559.2092591,588.8877324,627.2220833,572.088582
0,474.3985868,686.4340988,666.688418,717.7947987,651.5325994,601.8178837,548.2363243,676.5738653,603.4346248,617.7570345,619.6790491,559.1425218,588.6573362,627.2580639,571.8448955
0,474.3205335,686.34481,666.4043759,717.1391304,651.0955322,601.6427933,548.2431386,676.6273437,602.7893016,617.3110445,619.5390686,559.0719912,588.4157555,627.2727103,571.603387
0,474.2270464,686.2899852,665.8035972,716.4710251,650.6361251,601.4507285,548.2082898,676.6449311,602.1325186,616.8718423,619.4142601,559.0049879,588.1732972,627.2947765,571.3648154
0,474.0809583,686.2464663,665.125946,715.7795301,650.2224443,601.2555578,548.0864972,676.8227573,601.3915123,616.4397468,619.2575582,558.9393482,587.9256567,627.3304548,571.1132615
0,473.8950222,686.2051316,664.4593968,715.0742878,649.5941772,601.0786274,547.9344805,676.9918767,600.6280185,616.0248707,619.0741594,558.8879209,587.6697931,627.3682712,570.84709
0,473.6709885,686.1519194,663.7598146,714.3831665,648.7773255,600.9303259,547.8353201,677.1862702,599.8720173,615.6044193,618.9329649,558.8191852,587.385813,627.3876981,570.5931439
0,473.3622307,686.0926902,663.0929701,719.6961552,647.8917078,600.8059199,547.7317961,677.2728187,599.1259297,615.104383,618.2277157,558.7559957,587.1007718,627.4014179,570.3387024
0,473.0008634,686.0471204,662.4977741,719.3477882,646.9656886,600.6968259,547.6000274,677.3274131,598.3866346,614.6281756,618.133522,558.6763862,586.8068831,627.4029293,570.067263
0,472.6005809,685.996338,662.0040866,719.0089291,646.3632671,600.599261,547.4933834,677.3005947,597.645341,614.2577953,618.0752659,558.5970413,586.5089471,627.436462,569.7858154
0,472.1989645,685.9454292,661.613655,718.677619,645.7189674,600.5247577,547.3990802,677.0987936,596.8991978,613.9137403,618.0603147,558.5331219,586.1886321,627.4683949,569.5128732
0,471.9295676,685.8981539,661.3363786,718.368624,645.0511822,600.4722971,547.2997621,676.8786197,596.1544727,613.5478646,618.0617555,558.4556913,585.8604083,627.4823819,569.2647845
0,471.3309562,685.8067159,661.1798591,718.0411804,644.3570973,600.4357932,547.2092725,676.5868972,595.405289,613.155445,618.0717745,558.3619449,585.5308292,627.5103102,569.0068457
0,470.7982532,685.7168505,661.0559633,717.7199059,643.6480465,600.3594714,547.1513529,676.1589575,594.6471556,612.7416552,618.0928623,558.262267,585.2197469,627.5632722,568.7230337
0,470.2841963,685.6356506,660.9215329,717.3983717,642.9249246,600.2780626,547.1140635,675.7677321,593.85572,612.3114275,618.1207164,558.1661757,584.9068434,627.6024388,568.4269185
0,469.8986217,685.5568937,660.7053927,717.0985722,642.2019822,600.1892196,547.0874752,675.3225589,593.0266659,611.8523313,618.139508,558.0795616,584.5907744,627.6502685,568.1392959
0,469.6090285,685.4852741,660.4780296,716.8003343,641.4840015,600.095954,547.0154511,674.6280549,592.1170959,611.3628057,618.1055995,558.0074067,584.3207831,627.6797227,567.8489501
0,469.4405295,685.4106205,660.3020399,716.5038379,640.7678922,599.9867732,546.8658025,674.0592818,591.1569465,610.8818576,617.9139726,557.9527675,584.0667133,627.7007218,567.532524
0,469.3805048,685.3359166,660.1379523,716.2027551,639.9138081,599.8999246,546.718601,673.3895832,590.1304253,610.3328317,617.6868022,557.8821445,583.8504648,627.7210492,567.2148917
0,469.3973637,685.2280793,659.89565,715.8800052,638.9640021,599.870613,546.6124397,672.5623792,589.0304212,609.7432064,617.4590345,557.7815478,583.6445766,627.7548583,566.8965158
0,469.5667009,685.1389428,659.6402721,715.5700236,648.1362419,599.8264419,546.5253472,668.9806475,587.8742857,609.1570977,617.229767,557.6812838,583.4576897,627.7903823,566.5697241
0,469.6363969,685.0637149,659.3451168,715.2658668,647.4624722,599.7641715,546.3502249,668.3564896,596.6374175,608.574407,617.0634633,557.5808249,583.2839227,627.8461961,566.2414651
0,469.7777153,684.989097,658.9946816,714.9677706,646.6209316,599.7350685,546.1322648,667.8001152,596.0520333,608.0311062,616.9285967,557.476629,583.1118293,627.8861536,565.9116317
0,469.9045968,684.919558,658.6635966,714.7059889,645.9031434,599.6912196,545.9086194,667.0735726,595.4085921,607.5176803,616.7621576,557.3783983,582.9529266,627.9280911,565.5985042
0,470.1639447,684.8332676,658.393457,714.3888151,645.1308832,599.6266263,545.6615557,666.3063028,594.7020317,607.0006877,616.5926669,557.2641588,582.8066644,627.9633423,565.2877365
0,470.4115268,684.6969725,658.1910696,714.0582396,644.2965984,599.5361445,545.3857208,665.5407461,593.9774141,606.4387709,616.434424,557.1494664,582.6583461,627.9908821,564.9765703
0,470.4538841,684.5424169,657.9897975,713.7374692,643.3452499,599.4216732,545.1089112,664.9167359,593.2114608,605.9348148,616.3161948,557.031841,582.5180211,627.9621254,564.6697647
0,470.4945489,684.3841383,657.8041857,713.4303307,642.3012898,599.3066253,544.8412172,664.3653942,592.4108983,605.4500816,616.2261608,556.9253128,582.3793521,627.9198102,564.40584
0,470.5322223,684.1966253,657.6025017,713.1159414,641.2223705,599.1948837,544.5629112,663.9299633,591.5748782,604.9968313,616.1003645,556.8289903,582.2476327,627.8974217,564.1379515
0,470.5698452,684.0025415,657.3937976,712.8021555,640.0153279,599.0900841,544.2900447,663.4380513,590.7124507,604.5831744,615.9657366,556.7369666,582.1087815,627.8755251,563.8520804
0,470.6778811,683.7985946,657.2328706,712.4945411,638.7372694,598.9691425,543.9941245,663.0981639,589.8280887,604.1922034,615.7724142,556.6376968,581.9768556,627.8316912,563.5595564
0,470.7615244,683.6024355,657.0403329,712.1854392,637.4011566,598.85095,543.6876982,662.6069199,588.9262054,603.8496807,615.609016,556.5488521,581.8433477,627.7885006,563.2732697
0,470.8705008,683.4071814,656.7365685,711.8662782,635.8938727,598.7441644,543.3775966,662.1797428,588.0104767,603.5359519,615.4704235,556.4461133,581.699891,627.7524988,562.9869405
0,471.0590633,683.2171651,656.3997529,711.5638625,634.1841731,598.617685,542.3399114,661.7405692,595.2935921,603.2645181,615.3491405,556.3480543,581.5422522,627.7317687,562.7087474
0,471.1639169,683.0425201,656.0176777,714.4406131,633.2365069,598.537526,541.9281603,661.3836144,594.7445535,603.0146932,615.2428396,556.2456443,581.3849928,627.7044314,562.4065137
0,471.3067395,682.891415,655.5776521,714.2456703,632.239009,598.4321534,541.5054681,661.0197213,594.2086527,602.6706215,615.2194594,556.1542277,581.2195107,627.674019,562.1093919
0,471.4556944,682.7730816,655.0590457,714.0220209,631.2903684,598.3313063,541.0716816,660.6946982,593.6746277,602.2863434,615.1725912,556.0688244,581.0699643,627.6457881,561.8158084
0,471.6119459,682.7254781,654.4792194,713.7534674,630.3514903,598.2566828,540.7136861,660.3664044,593.153385,601.9050879,615.1585722,555.9838162,580.9190373,627.6109833,561.5545386
0,471.6482348,682.6938629,653.9076225,713.4258156,629.4256166,598.1605185,540.3435914,660.2520814,592.7243818,601.5307711,615.1661102,555.8975102,580.7297652,627.5857786,561.2579039
0,471.6241306,682.6677601,653.3750997,713.0772749,628.5205074,598.0578123,540.0657132,660.2991813,592.3109198,601.1812636,615.1414887,555.8072046,580.5273269,627.5298576,560.9583537
0,471.4148901,682.6472953,652.7902967,712.6824624,627.6402087,597.9436726,539.7016406,660.6854631,591.9006222,600.8589291,615.1368135,555.719066,580.3088819,627.5543118,560.7282547
0,471.2249422,682.6149676,652.182181,712.2380641,626.7818277,597.8245537,539.3063014,661.0811531,591.5000879,600.5052189,615.1003371,555.6381315,580.0773563,627.4679269,560.526678
0,471.0534414,682.5941562,651.5262052,711.8541364,625.9024072,597.6915786,538.9165572,661.2967636,591.1469919,600.1538464,615.0340469,555.5623365,579.8275837,627.3705939,560.2896052
0,470.9023699,682.575541,650.885679,711.4418827,625.0444162,597.5667347,538.5273942,661.3676684,590.7995652,599.7940425,614.9949906,555.5033594,579.5562852,627.2569989,564.9812446
0,470.7856615,682.5705459,650.3337863,710.9927808,624.2078818,597.4311227,538.1792351,661.1782768,590.4354031,599.4383627,614.9323503,555.4391878,579.2877876,627.142149,564.8018431
0,470.66049,682.5483358,649.8099009,710.4961278,623.4170384,597.3153082,540.9744469,661.054586,590.0336172,599.0364927,614.9091685,555.3896182,579.0262337,627.0131443,564.5978999
0,470.5015237,682.5249665,649.2980729,710.0141683,622.3036125,597.2056246,540.5953449,660.9101557,589.5983095,598.6377595,614.8789712,555.3346895,578.7610307,626.9074943,564.397707
0,470.3539,682.5137964,648.8549403,709.5413568,622.0135362,597.0643626,540.1678581,660.66617,589.1268775,598.2203948,614.9039855,555.2773238,578.4873227,626.793674,564.2007836
0,470.2189146,682.5080925,648.4277173,709.0730883,621.7041098,596.9124212,539.7491918,660.4095884,588.6144508,597.7071106,614.9167727,555.2172875,578.2283344,626.6878127,564.020718
0,470.049312,682.5837286,648.1138344,708.7064477,621.368356,596.7709408,539.4288787,660.1132291,588.0383243,597.2154094,614.8834745,555.1453732,577.9960865,626.604666,563.8399459
0,469.8722347,682.6392715,647.7850474,708.4106833,621.0321292,596.6539062,539.1605903,659.5551025,587.431912,596.6831195,614.8249051,555.0618648,577.7696018,626.5282717,563.6428979
0,469.7307649,682.6959114,647.5049946,708.186644,620.6492878,596.5401122,538.9196471,659.360103,586.7795716,596.1359962,614.7603073,554.9609969,577.5497554,626.4410907,563.4472881
0,469.4851741,682.7569087,647.2973634,707.9407433,620.1214664,596.4053802,538.7079755,659.03741,586.1025842,595.5824532,614.6969406,554.8565282,577.3344255,626.4032,563.262266
0,469.2047193,682.8099595,647.0942644,707.6948745,619.6622705,596.254921,538.4715393,658.7555421,585.3827443,595.0062166,614.6050811,554.7493788,577.1283845,626.3555514,563.0868641
0,468.9070853,682.8071255,646.8669029,707.4523559,619.1344205,596.128684,538.1940951,658.5869518,584.6480983,594.4487461,614.4738082,554.6452838,576.9246795,626.2991419,562.9211156
0,468.4473597,682.8114112,646.7349911,707.3319529,618.551707,596.0123795,537.9405478,658.6641807,583.8867637,593.8713222,614.3393441,554.5364125,576.7118409,626.2245977,562.7046018
0,467.9921719,682.8059337,646.7374056,707.2325295,617.92871,595.9020443,537.6224903,658.770878,583.0922567,593.2869981,614.2148959,554.4356351,576.4756602,626.1392827,562.4985141
0,467.5441806,682.8075451,646.9270044,707.1353127,617.2344306,595.8097886,537.2793667,659.2261697,582.2469236,592.6954987,614.1049326,554.337467,576.2424816,626.0646251,562.3037699
0,467.0729275,682.8014957,647.1336263,707.0284943,616.4924423,595.7225495,536.8903466,659.9822627,581.3310621,592.1035497,613.9967687,554.2324055,576.0380145,626.0034374,562.1277692
0,466.6446236,682.8077163,647.3343435,706.9185736,615.7231508,595.6295868,536.5131648,661.2395174,580.3591656,591.5403269,613.8499602,554.1220266,575.8305439,625.9534432,561.9681964
0,466.26125,682.8195733,647.5234466,706.8061892,614.9110718,595.5274089,535.984181,663.3045791,579.344059,590.9900872,613.6561385,553.993947,575.6111469,625.9077805,561.8208989
0,465.885523,682.8189807,647.6419254,706.7078474,614.1101165,595.4094164,535.4109176,666.5001865,578.2993729,590.4753892,613.4127365,553.8693958,575.4003956,625.9008688,561.6834573
0,465.466441,682.8265434,647.7380701,706.6115686,613.2936331,595.2741881,534.8216779,669.689826,577.2111801,590.0104853,613.1100675,553.7434427,575.1853974,625.8989696,561.5435944
0,465.065597,682.8126979,647.7742107,711.7094545,612.4678851,595.1359021,534.1950997,671.9500729,576.0615964,589.5386677,612.8165972,553.6230072,574.9608059,625.8817887,561.4097032
0,464.6863455,682.7998694,647.8216982,711.6891628,611.2635753,594.9973656,533.5882018,673.7392495,574.8925384,589.0647739,612.4872183,553.5044455,574.7219354,625.8906125,561.2739767
0,464.2919456,682.7777124,647.8645583,711.6678117,610.3657304,594.848853,537.3333038,674.4032534,573.6898395,588.6065348,612.1804138,553.3866995,574.4560881,625.930514,561.1371148
0,463.9927435,682.7064774,647.8877818,711.6286761,609.4293918,594.7315198,542.7467262,675.2142843,572.4869218,588.1670791,611.8671405,553.2802456,574.1167879,625.9790035,560.9849037
0,463.8587582,682.6047897,647.8405633,711.580938,608.4642223,594.6621043,542.4914093,676.2117139,571.3163323,587.7817195,611.5648771,553.1694094,573.7685329,626.0196294,560.800127
0,463.7055742,682.4809723,647.8872442,711.5289584,607.4710981,594.5941762,542.2112254,677.094657,570.1721119,587.4210043,611.2637705,553.0261902,573.4135124,626.0107044,560.5916508
0,463.5184295,682.3543863,647.9228029,711.4616929,606.4481248,594.532816,541.8471075,677.8921244,569.0655749,587.0775391,610.9486638,552.875712,573.0444424,626.0175186,560.3531469
0,463.3788581,682.2376018,647.9597867,711.3788822,605.3897619,594.4801037,541.4236629,678.5950499,577.2703601,586.7770287,610.6713857,552.7120769,572.6767041,626.0386359,560.1470071
0,463.2046447,682.1297634,647.9545922,711.3068647,604.296319,594.4501019,540.9977894,678.7382609,576.6226215,586.4965594,610.4091646,552.5524883,572.3103994,626.0411665,559.9386743
0,463.0869128,682.0433439,647.8669045,711.2362716,603.1808663,594.4396788,540.5697692,678.9145829,575.9679688,586.2162922,610.2327516,552.3689778,571.9503238,626.0702113,559.7372614
0,462.9476475,681.948662,647.4996036,711.1463037,602.1420758,594.4510826,540.1112425,679.0528131,575.3285561,585.93293,610.0717238,552.1848303,571.5969996,626.1184281,559.5303434
0,462.8408377,681.8447722,647.0864773,711.027071,601.0837017,594.4531657,539.5849192,679.1216678,586.3011472,585.6458952,609.8481929,551.9985603,571.2600924,626.1806955,559.3192778
0,462.7041504,681.7473832,646.4712743,710.861672,599.9776418,594.4505209,539.0236239,679.1999449,586.0301484,585.3439104,609.6797081,551.8158375,570.926964,626.2705074,559.1039548
0,462.4669994,681.6350283,645.7816152,715.361651,598.8295289,594.4568104,538.294633,679.2527042,585.6737172,585.0386996,609.5593205,551.6080618,570.5762873,626.366754,558.8826458
0,462.2344305,681.5121161,645.0396641,720.1696421,597.6381547,594.4679423,537.6452143,679.0604884,585.2707413,584.735458,609.4259276,551.4037227,570.2294881,626.4720992,558.6577348
0,461.9813626,681.3691007,644.1707748,719.9347758,596.2026889,594.4960638,536.9504743,678.8807238,584.8212609,584.4151126,609.2787163,551.2070248,569.8813747,626.5655818,558.4342707
0,461.971871,681.2136026,643.3397496,719.6954151,592.740671,594.5274977,536.1984526,678.6703466,584.3404948,584.0694253,609.1072212,551.0143488,569.534113,626.6339063,558.2141182
0,461.9541664,681.0538941,642.3609093,719.4539914,591.1011232,594.5993512,540.5330185,678.3692291,583.8151416,583.6714944,608.9660839,550.829185,569.1655465,626.6658543,557.9729559
0,461.893419,680.8976463,641.3937131,719.2317352,589.3788821,594.6736836,539.8226889,677.8143357,583.2805001,583.2654814,608.8351312,550.6387502,568.7917291,626.7125939,557.6995878
0,461.8469306,680.7475943,640.5482504,718.9941583,587.5223161,594.7420118,539.0591299,677.0676166,582.7153751,582.8639778,608.6885244,550.449444,568.4146614,626.7781301,557.4172735
0,461.7498479,680.6035196,639.9538075,718.7131737,588.4570778,594.8140246,538.2559521,676.2466778,582.1442713,582.4669765,608.5216461,550.2554712,568.0364429,626.8602066,557.1365056
0,461.6209659,680.4555393,639.5029467,718.4320551,586.6800346,594.8616097,537.4434057,675.2521426,581.4993521,582.0491983,608.3341195,550.0459354,567.6585816,626.9500348,556.8494337
0,461.4498558,680.320953,639.0379269,718.2059037,584.8567486,594.9112388,541.9459568,674.3099559,580.7975778,581.6236569,608.1821267,549.8560773,567.2819526,627.0311365,556.5355578
0,462.7554883,680.1813339,638.6054492,717.983567,582.369268,594.9691545,541.104529,673.5269473,580.0653328,581.2053108,608.0400954,549.6604809,566.9061841,627.2029666,556.2205963
0,462.559015,680.023999,638.2709765,717.7629242,580.4732689,594.9947973,540.2308107,672.987683,579.3165473,580.7901344,607.9095533,549.4538642,566.536018,627.3051441,555.8911188
0,461.9949157,679.8845183,637.8590705,717.5585944,583.8899575,595.0252787,539.3420693,672.4493464,578.5674524,580.3784749,607.8304269,549.2436732,566.1918329,627.4062426,555.5463139
0,461.4248924,679.7383718,637.394722,717.3477949,581.9918456,595.0323307,538.4805161,671.9466952,577.7955085,579.9883193,607.7517432,549.0205151,565.8547268,627.4950253,555.2070808
0,460.8575509,679.5893374,636.9779097,717.1331065,580.0256128,595.0168939,537.6108442,671.5674149,577.0285632,579.6186603,607.5679802,548.8004563,565.5217207,627.562213,554.8700877
0,460.307544,679.4239794,636.5548474,716.9195618,577.8770241,594.996201,536.7203906,671.1607228,576.3001778,579.2620992,607.4024363,548.58924,573.7044936,627.627275,554.541846
0,459.7861583,679.2728587,636.1555544,716.6928863,575.680197,594.9345777,535.9127694,670.6868847,575.4813732,578.9672055,607.251275,548.3788838,573.5446574,627.6920201,554.222565
0,459.2946155,679.1155531,635.8307436,716.4873241,573.4528213,594.8763499,535.1457047,670.1973808,574.5983511,578.6898408,607.1126165,548.1154707,573.3673274,627.7403542,553.9162686
0,458.8009682,678.9555163,635.5019192,716.2810577,571.1986869,594.8187196,534.3873767,669.6362821,573.6934914,578.4177626,606.9716939,547.8559279,573.1684099,627.7687104,553.6194684
0,458.2786258,678.7898671,635.5945385,716.0699357,568.906119,594.7545761,533.620021,669.1356974,572.7591284,578.1888268,606.8415395,547.5748987,572.968498,627.8334857,553.3366056
0,457.7488553,678.6220924,635.6577734,715.8596254,566.4004077,594.6880068,532.8074662,668.7052824,571.8004503,577.9862849,606.654421,547.2888886,572.775546,627.9116985,553.0684142
0,457.2391301,678.4761837,635.6917321,715.6696413,564.0502764,594.6190997,531.9251051,668.2987458,580.1065673,577.743584,605.9446424,547.0155146,572.581298,627.9976217,552.7830807
0,456.6731017,678.3180244,635.8270051,715.5121476,561.9042779,594.5324086,531.0140205,667.9830809,579.3370364,577.4838569,605.5972692,546.7259791,572.3875723,628.0946402,552.5151506
0,456.0906271,678.1397296,635.9238775,715.3618437,560.1419187,594.4425548,529.8151556,667.7054841,578.5252164,577.201346,605.2430711,546.4535333,572.1608901,628.19593,552.2505589
0,455.6182629,677.9355594,636.0217008,715.2139494,558.3987236,594.353173,528.5706365,667.4539513,577.6701707,576.8947349,604.9210524,546.1894349,571.9378878,628.2924199,551.9288685
0,455.0557534,677.7389793,636.0168877,720.6715486,556.6862081,594.2608282,533.5696727,667.129819,576.7698788,576.5958795,604.6387563,545.9027542,571.7157791,628.4170611,551.5666572
0,454.4665911,677.5571863,636.0559533,720.434415,555.0027561,594.1659674,532.2003,666.6864245,575.7948739,576.2735857,604.3281445,545.5975742,571.5085841,628.4991024,551.2121619
0,453.8377495,677.3595254,636.0508252,720.1951718,553.3526974,594.0805154,530.4675036,666.2010288,574.7769291,575.9310439,604.0894806,545.2521539,571.2704683,628.551877,550.8386354
0,453.1720021,677.1555827,635.8908494,719.9539658,551.7192448,593.9965916,528.534644,665.5977368,573.7663411,575.5343101,603.8069454,544.8967312,571.0258192,628.6169094,550.4695419
0,452.4854698,676.9512169,635.780162,719.6775355,550.1120879,593.907041,526.4777228,664.9411864,572.7125704,575.1712412,603.5136665,544.5476052,570.6769117,628.6756445,550.11279
0,451.6996171,676.766524,635.5724812,719.4252611,548.5218112,593.8029521,524.4056931,664.2125554,571.6269708,574.8035372,603.2382887,544.2052158,570.2291849,628.6968673,549.7711916
0,457.6417193,676.5656023,635.38735,719.1833245,546.942963,593.6908094,522.4022059,663.5526598,570.514439,574.3740725,602.9847525,543.8652615,569.9074031,628.6544563,549.4366992
0,456.7722995,676.3513262,635.1940829,718.9332898,545.3986569,593.5755842,520.5192155,663.3426489,579.4135489,574.0137491,602.7472793,543.5115868,569.5277007,628.5581681,549.1051039
0,455.9637292,676.1985291,634.9846267,718.6748683,543.8901942,593.4560115,518.6982319,663.1399603,578.7420339,573.6401192,602.4723824,543.1074777,569.1298581,628.4614669,548.7598097
0,455.1922412,676.0618881,634.763979,718.4282034,542.5296508,593.3300156,516.9405463,662.9216747,578.0815519,573.2676555,602.2200664,542.6719023,568.6836284,628.3776205,548.4117201
0,454.393047,675.938138,634.5927497,718.1601118,541.9972401,593.1876098,522.271974,662.7769155,577.4640519,572.8996786,601.9715385,542.2417958,568.3981679,628.3287987,548.1002837
0,453.784846,675.8205482,634.5523874,717.8780204,541.1918425,593.0279282,520.6690006,662.1358282,576.8475167,572.5385451,601.722542,541.7999542,567.9376685,628.2905883,547.7488151
0,453.1485405,675.663093,634.5733369,717.5805854,540.2997999,592.8743001,530.3849428,661.3455858,576.2298239,572.2104726,601.5359776,541.3602816,567.4730118,628.2531053,547.4152376
0,453.1017292,675.5160169,634.567161,717.2692614,544.5873085,592.6876728,535.5193631,660.4640943,575.6090893,571.8591003,601.262627,540.9182325,566.9904989,628.2248079,547.0374383
0,453.2103842,675.3815971,634.7040357,716.9234588,543.9202424,592.4778482,534.7956196,659.5298891,574.9839089,571.4805875,601.0144717,540.474426,568.5062662,628.1639281,546.6020912
0,453.3530595,675.2526481,634.8877381,716.5744127,543.2294077,592.2466922,534.0577641,658.6293934,574.3539156,571.1234275,600.7812607,540.0247559,568.0564822,628.0974507,546.1257364
0,453.5176422,675.0395672,634.9531409,716.209485,542.3037976,592.0039253,542.3100257,657.7330135,573.7223098,570.6841407,600.5328697,539.5679297,567.6005944,628.0114815,545.6434172
0,453.7131068,674.8431107,635.0084612,715.8439107,541.4720918,591.7525201,541.5399452,656.8709937,573.082435,570.2930373,600.2319042,539.0956047,567.1396601,627.9195105,545.1772188
0,453.780115,674.6499022,634.6898369,715.4694768,540.2362005,591.4794639,540.7566318,656.0366343,572.4343559,569.9224423,599.9438794,538.6151905,566.6751647,627.818363,544.716644
0,453.8292576,674.4676555,634.3584387,715.0971108,538.5081788,591.1710758,539.9336993,668.4462054,571.7690073,569.5588101,599.6584271,538.1226689,566.2090996,627.4969237,544.3061802
0,453.9254159,674.2826855,633.952284,714.7253359,536.8685723,590.8539811,538.9407062,668.2266832,571.0565678,569.2172891,599.4030778,537.6206526,565.7423809,627.3104377,543.9354174
0,453.7108569,674.0757279,633.4481723,714.3305281,535.117723,590.520273,537.791533,667.8964757,570.2517589,568.9174892,599.1666738,537.1035501,565.273821,627.1125939,543.5824195
0,453.4873723,673.8770582,632.923167,713.9346545,533.1650715,590.1886852,536.6047239,667.5488968,569.4760908,568.6273587,598.9609294,536.540065,564.7715188,626.9251648,543.2425348
0,453.2658309,673.6697165,632.5019576,713.5174391,539.6629778,589.8700261,535.3575968,667.2495737,578.6668839,568.3108644,598.786785,535.9534174,564.2695276,626.7922308,550.9215106
0,461.1375969,673.4305183,632.0738874,713.058665,537.9087039,589.5353198,534.0446927,667.0664449,578.1682291,568.0013089,598.6262736,535.3428823,563.7655336,626.6258533,550.6098891
0,460.7418609,673.1840939,631.6172514,712.560637,535.7570559,589.2171992,537.4134575,666.6196428,577.6592717,567.6580105,598.4424856,534.7072685,563.2646387,626.4466387,550.2907928
0,460.3859655,672.938884,631.1667622,712.0403278,544.0089843,588.9051028,536.4743803,666.1112988,577.0986638,570.7943069,598.2520736,534.0457404,562.765116,626.2306463,549.9623352
