-0.3,369.1217936,448.3558775,612.4889852,441.3443036,627.0290366,653.5483962,428.8118185,435.4996739,712.347018,526.2421411,521.8713202,456.3584461,433.4703864,411.355371,463.7232852
-0.3,372.5156111,452.5644523,613.8957396,443.8389719,630.3196372,653.1075556,431.3761533,437.6791976,711.9364552,533.2809766,524.5883563,456.9391683,436.6727238,413.4283908,463.2518485
-0.3,375.8491572,456.764676,615.8692201,446.432132,632.2761909,650.2622448,433.9887424,439.802831,711.6525533,540.5908019,526.8871666,457.6844621,439.3722106,415.4729128,462.6751975
-0.3,379.6657851,460.8593529,619.3010998,449.4330805,634.7406968,646.9239961,436.3856766,441.8608276,710.0291212,546.1727538,528.8893348,458.7103867,441.9718931,417.5909381,462.0117039
-0.3,383.7860843,464.7819995,622.2425471,452.5195081,636.9925657,641.7004058,438.8604453,443.9013062,707.8706785,550.7512,530.4169978,459.8794166,445.2198349,419.7145893,461.7758593
-0.3,387.6019646,469.8143087,624.4669747,455.671687,639.0291431,632.4570264,441.3021145,446.6533065,706.2437338,553.6866752,532.2573193,461.1254454,448.3530413,422.4429579,461.5220684
-0.3,392.3271023,474.7058332,628.9455461,458.878065,640.8651955,624.2404922,443.7609232,449.6718906,704.2944352,556.5167679,534.138109,462.4919439,452.9107737,425.1772985,462.2435051
-0.3,395.9940994,480.1620023,482.2593182,462.1249082,642.5227195,615.6958045,446.3174208,452.7130086,702.9403752,559.3298031,536.0404423,463.9398185,457.3919922,427.8969155,464.6158165
-0.3,400.4360574,485.3961192,486.6349682,465.3370561,644.027155,609.1347256,448.9716842,455.9227302,701.4010024,562.0249434,537.7928522,465.6474746,461.8225703,430.5820099,467.1178272
-0.3,403.1112292,490.4898573,491.7438664,468.4962501,645.4076089,604.6587099,451.7114165,459.4773204,700.0304711,564.3510949,539.4547889,467.3883323,466.2363848,433.2126183,469.5105948
-0.3,408.036549,495.4504947,495.8059977,471.6706521,646.6978996,601.7263631,454.5081399,463.142393,698.9325734,566.6573508,541.4755759,469.1149692,470.3860681,435.6643226,472.0686152
-0.3,412.9394051,500.2965466,501.2002292,474.8567033,647.9321966,600.3260912,457.3153662,466.9508093,697.4907795,568.7438782,543.4993539,470.8612929,474.8801521,438.0495905,474.8492382
-0.3,418.1054993,505.0503074,505.9419194,478.0176328,649.451988,598.2282706,460.0781479,470.9209988,695.8879097,570.8386856,544.9335059,472.6687889,479.8286735,440.4724393,477.6633858
-0.3,423.4974393,509.7287829,509.9889917,481.2225239,651.3598666,596.1901808,462.7532005,475.1047648,694.4409456,572.0082006,546.5353243,474.5575529,484.9176348,442.8242708,480.3840394
-0.3,428.4577686,514.3417818,513.7056925,484.4874261,653.5761222,594.7428729,465.3256804,479.7365185,692.7823638,572.1974725,548.2010835,476.3793966,489.7781454,445.1061055,483.2998299
-0.3,432.959497,518.8933432,517.1403108,487.8221048,655.8412058,593.2127528,467.8127496,484.6144603,690.7147353,572.9426189,549.9813651,478.2349383,494.2652992,447.4763876,485.8978187
-0.3,437.0185473,523.3842323,520.3503979,491.2210647,658.5148481,590.861141,470.2528942,489.6899499,686.9787398,574.7058593,552.0080058,480.114967,498.438193,449.9409096,488.4157704
-0.3,440.8008015,527.814757,523.3994603,494.7164886,661.5785813,588.62038,472.6853799,494.9218993,682.3456965,575.3032638,554.9568914,482.0415407,502.4614287,452.5022039,490.6737239
-0.3,444.3901187,532.1845815,526.3432426,498.3131781,664.7512275,586.7878141,475.129171,500.2755093,676.3679893,575.716087,558.4048537,484.025245,506.5065862,455.148851,492.8251929
-0.3,447.8079528,536.4924057,529.6188765,502.0112634,666.3128597,585.4176331,477.5761434,505.6530289,669.9505736,576.4680064,562.3192317,486.0587496,510.7172193,457.8454102,494.743038
-0.3,451.2302674,540.7351698,533.8714572,505.807342,668.0291721,584.4473139,479.9974681,511.0333461,663.2845497,577.2213844,566.7601221,488.1413709,514.6557856,460.4398373,496.6421387
-0.3,454.567438,544.896034,538.1379757,509.6948851,669.8150197,583.9896576,482.2984542,516.319861,658.6109588,576.8594191,571.6392274,490.2658201,518.1703128,463.044268,498.5558915
-0.3,458.1371555,548.9701378,542.3649561,513.6639579,671.4643317,583.8601858,484.5686644,521.5115009,651.3714775,576.4409197,576.812524,492.3875883,521.6064355,465.7572298,500.2182488
-0.3,461.8549477,552.9058466,546.5632194,517.7024246,671.0553621,583.9600965,486.8349013,526.5090902,644.4734823,576.221882,582.5063332,494.4745014,524.9806482,468.5841666,501.8710076
-0.3,465.7379175,556.713203,551.1190121,521.7976043,670.7336069,584.4689942,489.1054247,531.2963122,637.6222258,577.1627078,588.1633479,496.4121498,528.3376254,471.4228746,503.4941119
-0.3,470.3845869,560.3803056,555.5733109,525.9362699,670.1468194,585.0583843,491.422971,535.8619797,633.3681918,578.1588218,593.6680614,498.2979601,532.0204785,474.2480603,504.9387458
-0.3,474.8601009,563.9722886,559.9408879,530.1037797,669.2814808,585.9638279,493.5768805,540.2066858,628.3098797,579.0233492,598.9984651,500.0789772,535.9434688,477.0973361,506.5100793
-0.3,478.937537,567.4989597,564.2636146,534.2827257,669.1387468,587.0955969,495.7234981,544.310087,624.6150674,579.8049081,604.1594403,501.7712045,539.9026048,479.9016088,507.8921606
-0.3,482.8828928,570.9686159,568.5828757,538.4519618,669.5255464,588.4295393,497.8859789,548.2173564,622.5860597,580.5262014,608.3945068,503.3951644,543.7592814,482.7290998,509.2275839
-0.3,486.6302929,574.3890123,572.8484168,542.5751735,669.7017538,589.8511928,499.9947464,551.9265003,622.6939109,581.6266108,612.4284095,504.9371687,547.5580063,485.5764654,510.4018021
-0.3,490.162519,577.7653389,577.106878,546.5891326,670.037691,591.3071374,502.0963954,555.503066,623.9585306,581.8079262,616.2586067,506.3884416,551.2389347,488.4367206,511.6539774
-0.3,493.4291764,581.0997887,581.1016098,550.5180507,669.9198044,592.168039,504.1857013,559.0460787,626.3211135,582.3859997,619.891119,507.7447801,554.7121762,491.3016038,512.8356651
-0.3,496.4604643,584.3793649,584.8414816,554.3271703,669.297925,593.6562538,506.2477667,562.4914477,628.5429219,583.0921654,623.2029578,509.0049471,558.0289063,494.1638478,514.1315154
-0.3,499.360978,587.4596887,588.3801693,557.9761783,669.1297445,595.2371088,508.0865451,565.8708726,630.3965645,584.1462232,626.1754783,510.1702859,561.1111645,497.0175484,515.3791206
-0.3,502.1717862,590.4854926,591.7566955,561.3927326,669.2007092,596.8038573,509.8822538,569.2014425,632.0917709,585.1776959,628.6018195,511.2435016,563.9583433,499.8571093,516.6557307
-0.3,504.9254968,593.4516436,594.9581167,564.5985133,668.5293612,598.0749801,511.6339926,572.4972102,633.7133741,586.3179003,631.4695631,512.2173815,566.3615662,502.6760907,518.0056903
-0.3,507.604615,596.3522123,597.9824945,567.5904595,667.2693536,599.3446232,513.3528839,575.7684641,635.9064806,586.3213828,634.0979694,513.110482,568.4818887,505.4664088,519.3825535
-0.3,510.1947025,599.1816543,600.8679451,570.3792041,666.0443416,600.4944718,515.3810873,579.0208992,638.0589405,585.9531345,636.1636501,513.9303319,570.4699904,508.2182383,520.6369657
-0.3,512.7594168,601.9352613,603.6560663,572.9750652,665.4083091,601.2312029,517.035779,582.2562296,640.4669093,585.3863343,637.9774181,514.6848206,572.3150273,510.9210724,521.8449938
-0.3,515.1036562,604.6093247,606.3684373,575.1748115,664.5177019,601.8871092,518.5852179,585.4721788,642.1602712,584.8620427,639.5440944,515.3817702,574.0826323,513.5650721,523.0339173
-0.3,517.4141132,607.200512,609.0154377,577.2098404,663.8002356,602.5161676,520.1365827,588.6630296,643.8369257,584.5814438,639.4427251,516.0286723,575.7347927,516.1424398,524.210702
-0.3,519.3876015,609.7061992,611.6049317,579.1164366,663.6036894,603.2246625,521.6497584,591.8205742,645.3566243,584.6427541,639.3722866,516.6324127,577.3132506,518.6484286,525.3684404
-0.3,521.2886413,612.1249125,614.1447124,580.8865741,664.0810486,603.9366036,523.0888818,594.9364651,646.781951,585.0347818,639.2058339,517.1993468,578.805496,521.0817672,526.4878742
-0.3,522.9842242,614.454905,616.6440119,582.5309898,664.2047579,604.6485504,524.5693016,598.0059753,648.7670839,585.8161259,638.7567842,517.7357309,580.2248626,523.4444693,527.6305828
-0.3,524.7766601,616.6639079,619.1134158,584.0641962,664.5559678,605.4848851,525.9192707,601.0288098,650.6733089,586.9983496,638.3813851,518.2156559,581.5581141,525.7409027,528.768923
-0.3,526.4596225,618.7906712,621.5633848,585.501891,665.0955245,606.5922246,527.3583836,604.0077641,652.5047465,588.4007138,638.084193,518.6713953,582.8056534,527.9767514,529.8153575
-0.3,528.0026245,620.838435,624.0016118,586.8111871,666.0287892,607.674209,528.7947983,606.945765,654.1840271,590.1348266,637.8301355,519.0860659,583.9682116,530.1584902,530.8405082
-0.3,529.0118536,622.8116813,626.4310137,588.0408173,667.3562288,607.8920552,530.2340355,609.84369,655.7774297,591.948316,637.4731067,519.4838786,585.008137,532.2934314,531.8012731
-0.3,530.4033989,624.7157487,628.8483955,589.221939,668.6401327,607.7682653,531.6819102,612.7006002,657.3770171,593.8772265,637.2162536,519.875808,585.6845042,534.3895577,532.7218501
-0.3,531.5916362,626.5567689,631.2433856,590.3690138,669.5975167,607.3808034,533.1381402,615.5143181,658.9466807,595.8546283,636.4595648,520.268593,586.2839399,536.4553911,533.5594892
-0.3,532.680864,628.3287997,633.5994896,591.496293,671.3127982,603.4178677,534.577943,618.2827257,660.4180798,597.8634304,635.5642961,520.668854,586.803448,538.4995085,534.3326174
-0.3,533.4492846,630.0007125,635.8128875,592.6181007,672.4053174,602.3883241,536.0321343,621.0036263,661.1032184,599.8816684,634.603763,521.0826927,587.283085,540.5219894,535.0657065
-0.3,534.1368292,631.6230736,637.946845,593.7489697,673.3994488,601.3856162,537.4854633,623.67411,661.5396366,601.8841389,633.6107714,521.513804,587.7138293,542.5159956,535.7623752
-0.3,534.5081737,633.2028136,639.797736,594.9036217,674.7605861,600.8689913,538.8827337,626.2913964,661.7142446,603.8448519,632.4991462,521.9421367,588.1439506,544.5072467,536.4274762
-0.3,534.775595,634.746773,641.702284,596.0964793,676.0129603,600.4823147,540.2976891,628.8532445,662.833261,605.739849,631.2937348,522.3958188,588.6018433,546.4122221,537.0663698
-0.3,534.9255159,636.2614723,643.5210019,597.3315181,677.1715626,600.2264391,541.7250084,631.3524461,663.8944994,607.5499574,630.0628577,522.8773641,589.0881548,548.289953,537.6838111
-0.3,535.0044724,637.7526828,645.169485,598.6134306,678.1838926,600.0950838,543.1503705,633.6209813,663.7089947,609.465835,628.8334415,523.3899752,589.5549827,550.171149,538.2828568
-0.3,535.0228289,639.2248087,646.9112651,599.9691738,679.0398653,600.2409038,545.1888517,635.8366171,663.3481757,611.2940447,627.7481055,523.9353147,589.7489304,552.0597067,538.8256019
-0.3,534.9735224,640.6800618,648.6195942,601.4078463,679.9245914,600.5415269,546.5174553,638.0144529,662.9020929,613.1114832,626.823411,524.5135532,589.7882279,553.9583771,539.3432394
-0.3,534.8943763,642.0998049,650.34476,602.9359156,681.2973837,601.007719,547.8228796,640.1732344,662.3560506,614.9397534,626.0646569,525.1244334,589.8280145,555.868349,539.8482258
-0.3,534.8856046,643.5016238,652.1875819,604.5570834,682.6144289,601.6608151,549.0941955,642.3336877,661.767039,616.9651809,625.7257108,525.766999,589.8642505,557.7874565,540.3415416
-0.3,534.872706,644.8961961,653.9474216,606.2723848,683.7232938,602.2842865,550.32302,644.5170908,661.2068806,618.4117591,625.6501615,526.436634,589.8575645,559.6283729,540.8092245
-0.3,534.9086759,646.2820648,655.8009274,608.0806584,684.7661656,602.8496901,551.5078917,646.7419056,660.5502666,619.8670047,625.794441,527.1309473,589.8469745,561.4566938,541.2564406
-0.3,534.9380727,647.6568422,657.7967394,609.9791063,685.603508,603.3101273,552.6389953,649.0219298,660.0596931,621.2838633,624.7368033,527.8292161,589.8348559,563.2330659,541.6946872
-0.3,535.0159301,649.0178531,659.6639047,611.9449617,686.413279,603.7972032,554.1320823,651.3645465,659.5999165,622.6625836,625.0077677,528.5394476,589.9327375,564.9867818,542.1312168
-0.3,535.1221374,650.3621665,661.5458676,613.9201097,685.8853846,604.4843447,555.1744966,653.7692469,659.2431088,624.0154175,625.2888813,529.2644128,590.2306747,566.6675246,542.5703491
-0.3,535.1451815,651.686659,663.4317049,615.9512816,686.5688585,605.2793991,556.1582824,656.0194883,659.241714,625.3342943,625.5960274,529.997641,590.6316439,568.3096884,543.0139361
-0.3,535.1319436,652.9879676,665.3213599,618.0339061,687.1617924,606.0533215,557.0477956,658.1446111,659.4325527,626.6277864,626.0212961,530.7327155,591.1212994,569.9233988,543.4642098
-0.3,535.0537085,654.2629598,667.2507491,620.1651049,687.6921841,606.7898175,557.8983146,660.297668,659.6966365,627.9058406,626.4624102,531.4261025,591.66882,571.4963969,543.9251816
-0.3,534.9698074,655.5091476,669.1085718,622.3435324,688.1519662,606.7643369,558.7222713,662.4642597,659.8154418,629.1572927,626.9311223,532.0943618,592.3001021,573.0135371,544.395239
-0.3,534.839504,656.7168541,670.9350992,624.5692616,688.5895625,607.3199985,559.5181129,664.5394624,659.8755821,630.3419828,627.4030102,532.7461269,592.9930102,574.5188271,544.8722951
-0.3,534.7249795,657.8479939,672.7307683,626.8124972,688.6694454,607.8584354,560.2716244,666.5879121,659.8967846,631.5440768,627.8705429,533.3795852,593.7312341,576.0184347,545.3250872
-0.3,534.6249764,658.8425434,674.486677,629.0586903,688.731616,608.6105392,560.9521437,668.596299,659.8262465,632.6589269,628.4264924,533.9938436,594.556462,577.5173399,545.7769481
-0.3,534.5416282,659.8133365,676.1930833,631.3614651,688.8651026,609.3516916,561.5601809,670.5408824,659.7403217,633.7834106,628.6756327,534.5784944,595.457542,578.9499612,546.2321697
-0.3,534.611106,660.7621627,677.8385537,633.7205175,689.0106527,610.0247957,562.166894,672.4004127,659.6627016,634.8689783,629.4366882,535.1166251,596.4173923,580.3708444,546.7054488
-0.3,534.6757119,661.691153,679.4097747,636.1320786,689.1345818,610.6150963,562.9293369,674.1586113,659.610178,635.9248486,631.3164202,535.6456271,597.3622396,581.7990331,547.1679059
-0.3,534.7428203,662.6023964,680.7894568,638.5633536,689.2355559,611.1741579,563.5232958,675.7105707,659.5244338,636.9515254,632.1275029,536.1476444,598.6238549,583.2362689,547.6205836
-0.3,534.8458167,663.4978053,682.0565707,640.9616742,689.2964992,611.758849,564.0320244,676.9834039,659.3987307,637.9438035,632.9275694,536.6419777,599.8152587,584.6822898,548.0763153
-0.3,534.8223928,664.3795274,683.2126547,643.3898384,689.334904,612.2771325,564.3976941,678.2158054,659.2709845,638.940528,633.7159575,537.1293545,600.9248745,586.1321467,548.5387273
-0.3,534.679068,665.2499707,684.0298211,645.8370878,689.3482043,612.7340958,564.7413328,679.1833709,659.1414554,639.8734534,634.4712869,537.6097752,601.9467897,587.5295977,549.0033106
-0.3,534.4259139,666.1111631,684.9349654,648.2932378,689.3241707,613.2036619,565.0961226,680.0790452,659.0284722,640.8037846,635.0913739,538.0820122,602.8801695,588.9263541,549.486845
-0.3,534.0786,666.9641829,685.7776893,650.7496004,689.1844681,613.4959235,565.4760473,680.7605112,658.8826749,641.7187438,635.7128257,538.5438474,603.728191,590.3187114,549.9686007
-0.3,533.6340897,667.8090253,686.4868902,653.1986128,688.2284893,613.6780645,565.8703736,681.4270496,658.7262231,642.6016064,636.3182063,538.9926405,604.4724016,591.7019552,550.4392195
-0.3,533.1314061,668.6452079,687.0174211,655.6335196,686.9103232,614.127632,566.2805887,682.0994758,658.5761255,643.4431115,636.9090887,539.4252802,605.1118406,593.0701228,550.9111748
-0.3,532.5745845,669.4313203,687.4990272,658.0482569,685.0311955,614.5930185,566.7329592,682.7844085,658.3961448,644.2455778,637.5146074,539.8384527,605.6572422,594.4078245,551.379801
-0.3,531.9672827,670.205301,687.8931418,660.3270082,683.087368,615.0237041,567.1776999,683.4870013,658.1791383,644.9917648,638.0927479,540.2160326,606.0748638,595.709393,551.8405227
-0.3,531.3893187,670.9666886,688.2459535,662.5650769,681.4368417,615.4408687,567.6540384,684.2107179,657.9402507,645.7043253,638.7161286,540.5176407,606.3954656,596.9735973,552.2677086
-0.3,530.848171,671.7144289,688.6063169,664.7716672,679.9097922,615.8556572,568.1545265,684.9569844,657.6862489,646.3897939,639.3035892,540.7994068,606.7238557,598.1653998,552.6831875
-0.3,530.3331951,672.482297,688.9136844,666.9446326,678.9327839,616.2067618,568.6046087,685.7242402,657.4136866,647.0510507,640.0147089,541.0607113,607.2540895,599.3152322,553.0812641
-0.3,529.8722991,673.166315,689.1237295,668.9614884,678.5992234,616.333998,569.0463386,686.369764,657.0900916,647.6905515,640.7713648,541.301753,607.8797198,600.4132477,553.4557543
-0.3,529.4977923,673.8400154,689.2579109,670.9238267,678.2988964,616.416789,569.4802527,687.0018158,656.8635059,648.3097405,641.5250515,541.5235564,608.5442955,601.4589759,553.8084861
-0.3,529.2390951,674.5030306,689.3507006,672.8329141,677.9423631,616.4918903,569.8232487,687.5634638,656.6472982,648.9088911,642.2914791,541.7279186,609.2465561,602.4460775,554.1273433
-0.3,529.1163223,675.1552006,689.3820477,674.6860967,677.4739254,616.5485051,570.0999514,688.0074505,656.4351496,649.4858279,643.0683574,541.9173267,609.9751833,603.3483876,554.4336824
-0.3,529.1268933,675.7971681,689.4055579,676.4805839,676.8554956,616.5782492,570.3591165,688.4172075,656.2315346,650.0403422,643.8508085,542.0948072,610.7081193,604.1554404,554.7560171
-0.3,529.2788971,676.4301457,689.4049177,678.2138218,676.0612597,616.7278309,570.6128839,688.6094112,656.1733703,650.5486501,644.6306253,542.263732,611.4477174,604.8828456,555.0808918
-0.3,529.9169114,677.0494299,689.4051836,679.8841678,675.0649325,617.1513076,570.8406866,688.6075718,656.1145582,651.0311458,645.3369861,542.4291111,612.1804159,605.5500413,555.3933954
-0.3,530.5795972,677.6401675,689.2901843,681.4915931,673.8872531,617.6911805,571.0006879,688.6912212,656.0555307,651.4552761,645.9707284,542.592726,612.894806,606.1796359,555.6853561
-0.3,531.2471408,678.1812177,689.1729275,683.037682,672.5546743,618.3880594,571.144802,688.7497042,655.9963062,651.8286875,646.5848729,542.7552382,613.541644,606.7128825,555.9794044
-0.3,531.8957092,678.7168534,689.084495,684.4573346,671.1143138,619.0860683,571.2783891,688.8513263,655.8789183,652.1918122,647.1760827,542.8832718,614.0669846,607.2437327,556.2585844
-0.3,532.5030836,679.2489068,689.0020287,685.8122898,669.5728971,619.7877151,571.4072548,688.8991437,655.7513708,652.5476061,647.7406337,543.0137042,614.5498149,607.7715365,556.4916003
-0.3,533.0453167,679.7899966,689.0133396,687.1351436,668.2379546,620.4945619,571.5338692,688.9674171,655.5429601,652.8862129,648.2594213,543.1504632,614.990563,608.279571,556.7194611
-0.3,533.5017638,680.2837826,689.0538343,688.4293947,666.9528106,621.1608705,571.6655806,689.0269431,655.3288974,653.2124011,648.8334306,543.2942919,615.3922811,608.7463913,556.9200447
-0.3,533.8602337,680.7700679,689.0808261,689.6979995,665.7771826,621.7457021,571.8188092,689.0838007,655.0946201,653.5277396,649.356571,543.4396049,615.7589245,609.1518736,557.0969998
-0.3,534.1179873,681.2435379,689.0972365,690.9428886,665.5648988,622.240421,571.9512719,689.2982648,654.8576212,653.8318388,649.8322964,543.5873619,616.09428,609.5469034,557.278421
-0.3,534.2801356,681.6126881,689.2991939,692.1648561,665.6107154,622.7369925,572.0475763,689.4291816,654.6396933,654.1244367,650.316077,543.736139,616.4006986,609.9080706,557.4798807
-0.3,534.3468526,681.9919213,689.5111479,693.3637792,665.6493994,623.2212551,572.1915448,689.5218622,654.3989345,654.4035826,650.7901088,543.8845626,616.6464202,610.2399365,557.6938271
-0.3,534.3327967,682.3803875,689.7247792,694.5389352,665.6092599,623.5465305,572.3109294,689.9300644,654.1376107,654.657306,651.2170144,544.0252561,616.8542275,610.5536237,557.9291344
-0.3,534.248844,682.8361335,690.1076493,695.6894695,665.426329,623.8554986,572.4539883,690.3731174,653.9249109,654.9036249,651.6554846,544.1563655,617.0312467,610.8286753,558.1800503
-0.3,534.3402791,683.2907918,690.4715566,696.8148231,665.3447307,624.1446776,572.5855184,690.9870609,653.7153557,655.1448413,652.0160212,544.2895236,617.1757964,611.0806538,558.4542182
-0.3,534.3931506,683.7426061,690.8334869,697.9150969,665.2274006,624.4309602,572.6621382,691.8683692,653.5097009,655.3545333,652.3483862,544.4257923,617.187001,611.3354594,558.7527902
-0.3,534.3683342,684.1896746,690.8142479,698.9914145,665.121694,624.7468574,572.7580713,692.8164669,653.3087034,655.552915,652.6522678,544.5987161,617.1539982,611.5860214,559.1119108
-0.3,534.3210113,684.629861,690.7843733,700.0463954,665.0048484,625.0590334,572.8420377,693.8749079,653.1146364,655.7502038,652.9570502,544.770489,617.0922065,611.845112,559.4539909
-0.3,534.2423612,685.0613359,690.7692574,701.084166,664.9269996,625.3073412,572.9104278,695.0254117,652.9173142,655.9040376,653.2544666,544.9414158,617.021826,612.0875368,559.7758487
-0.3,534.1841477,685.4833485,690.8541371,702.1096486,664.835209,625.5037323,572.9638105,696.2531585,652.6698694,656.0374917,653.5501539,545.1114042,616.9476374,612.3339497,560.0975598
-0.3,533.9850139,685.9296849,690.9637285,703.1275597,664.8095867,625.5661594,573.0058185,697.4546273,652.4004504,656.1806252,653.8430118,545.2797332,616.8743575,612.5968374,560.4189166
-0.3,533.8481547,686.2952453,691.1044296,704.1418179,664.7652036,625.6023673,573.0004489,698.6727673,652.1432534,656.3389935,654.1116952,545.4450976,616.8058838,612.9029741,560.7352349
-0.3,533.733311,686.6628949,691.2647791,705.1554258,665.0471761,625.6590513,572.970708,699.7053365,651.8855931,656.499562,654.4528014,545.605562,616.7445704,613.2050953,561.042962
-0.3,533.6629693,687.046037,691.575113,706.1704618,665.3733705,625.7384154,572.9078082,700.4824277,651.6377961,656.6984412,654.8222263,545.7588189,616.6912892,613.5150238,561.3620476
-0.3,533.6373929,687.3794939,691.8386003,707.1881325,665.578102,625.8660745,572.830764,701.2447597,651.3341727,656.9136391,655.2342986,545.9025001,616.6459937,613.8102292,561.6780096
-0.3,533.4869769,687.7187499,692.1050418,708.1876633,665.5687207,626.016951,572.7304346,701.9993378,651.0088251,657.1424665,655.6676274,546.0217445,616.6080442,614.0561064,561.9812282
-0.3,533.1148144,688.0540949,692.4224932,709.0473747,665.7020662,626.1784531,572.6134459,702.7527729,650.7243956,657.3786726,656.1341616,546.1273057,616.5767206,614.2674659,562.2638167
-0.3,532.6446091,688.3876679,692.6071011,709.8999484,665.7192761,626.3160108,572.4585944,703.6063846,650.4455287,657.6158224,656.6147917,546.2188757,616.3100553,614.4676036,562.5103874
-0.3,532.0233656,688.7090968,692.4350931,710.7515697,665.8791882,626.4317327,572.2644591,704.404864,650.1634772,657.8965507,657.3343507,546.3020622,616.2443679,614.6688631,562.7593457
-0.3,531.2779803,689.0219235,692.0193071,711.6091788,666.0803025,626.5509636,572.0535391,705.2178316,649.8906981,658.1787338,657.773065,546.3885338,616.1352283,614.9028881,563.0205529
-0.3,530.4919919,689.3253271,691.4776131,712.4741499,666.3063794,626.6710295,571.8398978,705.97044,649.6601328,658.4676678,658.1183643,546.4623989,616.016009,615.0719281,563.2671223
-0.3,529.6828153,689.6136991,690.9552595,713.3470467,666.4670144,626.6567848,571.6230611,706.6904613,649.438472,658.7522455,658.3901477,546.5076542,615.8114219,615.2320653,563.4982795
-0.3,528.8246943,689.9288742,690.3987397,714.2272223,666.5233444,626.5664439,571.4036688,707.3442435,649.2740589,659.0277643,658.6459446,546.5444795,615.6072619,615.3911971,563.7221143
-0.3,528.3916732,690.3274538,689.85898,715.1127356,666.5635487,626.3662426,571.1891702,708.0596986,649.0623161,659.277335,658.8851903,546.5751515,615.4060744,615.5456483,563.9385175
-0.3,527.9446675,690.656475,689.3563834,716.00062,666.6734009,626.1415789,570.9695337,708.7655345,648.8371577,659.5063171,659.1042326,546.5983706,615.2102502,615.7097746,564.1458388
-0.3,527.4637071,690.9651149,689.1881307,716.8868288,666.7937948,625.9004156,570.7160357,709.059887,648.599173,659.6905404,659.3316714,546.6223893,615.0218945,615.8810745,564.346182
-0.3,526.9625398,691.2699027,689.2115199,717.7661831,666.9192143,625.6501456,570.4408703,709.3158297,648.3581751,659.8749359,660.147419,546.6420561,614.842869,616.0956913,564.5738394
-0.3,526.4559947,691.5676855,689.3236981,718.6325708,667.0506438,625.4062106,570.1472067,709.5219035,648.1188412,660.0424653,660.3774075,546.6665876,614.6744947,616.3345134,564.8046622
-0.3,525.9366451,691.8379515,689.5626668,719.4636395,667.2353285,625.1830933,569.8571291,709.7815626,647.8914147,660.1856498,660.6163396,546.6891165,614.5173697,616.5879053,565.0405026
-0.3,525.4258094,692.0786177,689.7971541,720.2579693,667.4758475,624.9438257,569.5713209,709.7438381,647.6514667,660.3075245,660.8672939,546.7098084,614.3923122,616.8534578,565.2812356
-0.3,524.9190272,692.3719735,690.0094402,720.9943554,667.7195901,624.6111962,569.2423575,709.6161446,647.4216992,660.4667054,661.1703948,546.7347891,614.2559628,617.1283206,565.4590286
-0.3,524.3129434,692.6223372,690.2073914,721.6887556,667.9627473,624.3018735,568.9181041,709.5160399,647.1664716,660.6171604,661.4568002,546.7676332,614.123111,617.3753086,565.6380117
-0.3,523.6636865,692.8634267,690.2791702,722.3345693,668.2017565,624.0196937,568.6165934,709.4838383,646.936007,660.7551047,661.7847583,546.8111667,613.9945235,617.6455517,565.8171822
-0.3,523.0194,693.0954578,690.3698326,722.8892345,668.4334531,623.7681441,568.3405006,709.4474644,646.679103,660.8823143,662.1240136,546.8549333,613.8940132,617.8252232,566.0415054
-0.3,522.1513139,693.3191436,690.3775596,723.3950555,668.5488611,623.5501969,568.0820979,709.3696904,646.4262135,660.9959741,662.4143029,546.9143912,613.8008221,617.9835081,566.2456198
-0.3,521.2706068,693.5351782,690.2972028,723.8144379,668.6472093,623.3954704,567.8445389,709.2943785,646.1740247,661.0932633,662.7210752,546.9761535,613.7155119,618.1203172,566.4576691
-0.3,521.0114454,693.7649997,690.1381519,724.1647622,668.7338039,623.2778468,567.7237153,709.4659591,645.9348584,661.1972688,663.0409148,547.0464271,613.6382006,618.2430724,566.6738766
-0.3,521.0456102,693.9546331,689.7806774,724.4873623,668.8630902,623.2291599,567.6807053,709.7331001,645.7170807,661.3089242,663.4627913,547.124669,613.5680802,618.3726781,566.8943703
-0.3,521.2425586,694.0855234,689.2833977,724.7848944,668.9858593,623.1987438,567.6204346,709.9932691,645.5265031,661.4234097,663.9166401,547.2355693,613.5035968,618.5111171,567.118733
-0.3,521.6358993,694.2214101,689.0062744,725.0591703,669.1245526,623.0722384,567.5310495,710.1566249,645.3667039,661.5093436,664.2211851,547.3585925,613.442596,618.675287,567.3251108
-0.3,522.0318129,694.3517393,688.6475458,725.3189362,669.2378354,622.9660754,567.4503281,710.3721525,645.2413635,661.5629095,664.5109748,547.4921444,613.3824273,618.8421604,567.537557
-0.3,521.6808479,694.4626585,688.2005488,725.5717353,669.3643974,622.8707878,567.3819193,710.620377,645.0580091,661.6122759,664.7811716,547.6340261,613.3648668,618.9872684,567.7512806
-0.3,521.342172,694.5473156,687.7759572,725.7848016,669.4974329,622.7623664,567.2519042,710.4444616,644.863981,661.6578504,665.030874,547.7816489,613.3234446,619.1188082,567.9681383
-0.3,521.0173156,694.5954036,687.3664281,725.990714,669.6312557,622.6571206,567.0460765,710.2227811,644.6798163,661.6869727,665.2885183,547.9177342,613.2813532,619.2368667,568.1910601
-0.3,520.7073897,694.5995133,687.0683908,726.2110323,669.6678582,622.5797706,566.8622303,710.0275244,644.4740034,661.7623074,665.5544794,548.0778232,613.2355298,619.3398813,568.4029059
-0.3,520.4128613,694.5854726,686.7360177,726.4296163,669.6459951,622.5443666,566.6842219,709.5706026,644.288987,661.8409487,665.6783649,548.228799,613.1838165,619.4427714,568.598062
-0.3,519.7688797,694.5535807,686.4494889,726.6532922,669.6242139,622.4992228,566.5016616,709.0893737,644.052088,661.9268537,665.7717089,548.3592972,613.1255143,619.5123615,568.8696578
-0.3,518.9992087,694.5052209,686.117884,726.8779835,669.6034039,622.4412389,566.3448273,708.5605041,643.8665679,662.0233992,665.804113,548.4772793,613.0611425,619.582446,569.1396307
-0.3,518.1980937,694.4510249,685.8194281,727.0548256,669.5805329,622.3676867,566.2629868,708.0076295,643.7109887,662.1272494,665.8145707,548.5959549,612.9921841,619.5886066,569.3982818
-0.3,517.458381,694.4319246,685.541751,727.2377942,669.6248659,622.2748313,566.2400508,707.6003155,643.5725384,662.2611602,665.7792413,548.7019813,612.9207649,619.5749621,569.6591542
-0.3,516.846614,694.359157,685.1949876,727.4703571,669.7148607,622.1697939,566.1997155,707.6045245,643.4539341,662.4292674,665.7392923,548.771794,612.84918,619.5531358,569.9208565
-0.3,516.3321631,694.282254,684.9857172,727.7129618,669.8638327,621.9935603,566.1813873,707.5680004,643.3647137,662.5996997,665.7016367,548.846925,612.7350463,619.6090593,570.1508657
-0.3,516.0541878,694.2626351,684.9669913,727.9739137,670.0613722,621.756665,566.1611531,707.5954534,643.2794227,662.7710388,665.6726546,548.925982,612.6287439,619.6938389,570.2987515
-0.3,515.7279597,694.2369043,685.0158342,728.2456427,670.1887695,621.5042476,566.1408004,707.5939632,643.1696431,662.9490512,665.640792,549.0060694,612.5073325,619.8151164,570.4678383
-0.3,515.0027231,694.2082942,685.2166738,728.5092877,670.3237629,621.2717446,566.099019,707.5890093,643.0199207,663.1377199,665.6277406,549.0906898,612.38644,619.9194147,570.5856614
-0.3,514.3397954,694.150481,685.3455192,728.7692532,670.4601033,621.0218435,566.0583684,707.5267007,642.8517134,663.3189186,665.6450616,549.1443968,612.2462789,620.0207845,570.7459428
-0.3,513.7355461,694.0757349,685.5094868,729.0224801,670.5878007,620.7754807,566.0166639,707.6046632,642.6395329,663.5306514,665.6750742,549.1933982,612.1039462,620.1092337,570.9097569
-0.3,513.1621367,693.9467679,685.7368339,729.2278059,670.7155857,620.556058,565.990244,707.5404989,642.3798159,663.7676709,665.4858616,549.2617194,611.9817296,620.1182759,571.0950731
-0.3,512.511573,693.8109602,685.9869789,729.4262332,670.8588622,620.3471137,565.989127,707.5069589,642.0728459,663.998366,665.3627586,549.3376535,611.8881571,620.1058184,571.2705211
-0.3,511.9225924,693.677993,686.2382912,729.615462,671.0274708,620.1504429,565.9227917,707.4124472,641.7065788,664.226281,665.2637979,549.4218641,611.8002627,620.0682669,571.4538665
-0.3,511.384925,693.5924793,686.4870896,729.8191769,671.2233717,619.9669679,565.8245699,707.2633511,641.2937041,664.4318224,665.1649902,549.5134381,611.7164789,620.0230992,571.6288712
-0.3,510.903056,693.5027045,686.7298301,730.0163647,671.4466775,619.7885651,565.7323366,707.2181414,640.8710384,664.5899995,665.0545149,549.5806532,611.6445536,619.9696638,571.8096067
-0.3,510.4656419,693.4150499,686.9641999,730.2240046,671.6961254,619.5246338,565.6448431,707.2814775,640.4736751,664.751025,665.090747,549.6443124,611.5733787,619.9331422,571.9972857
-0.3,510.0827741,693.3186765,687.1889651,730.427559,672.0303579,619.2560291,565.5646545,707.2692819,640.0809499,664.9384905,665.1309743,549.7144863,611.5020331,619.8964698,572.116863
-0.3,509.8827454,693.2680602,687.3731648,730.5719042,672.3893123,619.0061445,565.4888796,707.409659,639.7417337,665.1403266,665.1638347,549.7934986,611.3795642,619.8628317,572.239181
-0.3,509.7354758,693.2090656,687.4515381,730.7124961,672.76348,618.735982,565.4153792,707.4755826,639.4172179,665.3443039,665.1978025,549.8582736,611.2455317,619.8540003,572.3572197
-0.3,509.5487956,693.1273645,687.6602483,730.8519152,673.1420954,618.4767853,565.2854191,707.8854528,639.1264134,665.5664466,665.2291641,549.9099523,611.0785789,619.8918922,572.469339
-0.3,509.3715154,693.06334,687.8963869,730.9928356,673.5146709,618.218457,565.221887,708.0803747,638.8627413,665.8129805,665.272882,549.958532,610.8951397,619.9556877,572.5603408
-0.3,509.2068035,693.0700939,688.1170471,731.1378142,673.8943157,617.9627762,565.1213378,708.2773351,638.6602818,666.0751536,665.3061864,549.9645379,610.7159349,620.0293354,572.6575404
-0.3,509.0575842,693.0903334,688.3533151,731.2656716,674.2556877,617.7243632,565.0250711,708.585743,638.4770555,666.3346167,665.3323864,549.9621355,610.5412918,620.0945035,572.758773
-0.3,509.0812617,693.1171703,688.5743521,731.3771579,674.5702526,617.4924075,564.9216783,708.787792,638.3274929,666.5936634,665.3053039,549.9520871,610.418249,620.1504175,572.8643081
-0.3,509.068179,693.1557984,688.643982,731.4958375,674.8035204,617.2625714,564.850805,709.0489808,638.1776713,666.8249624,665.4331124,549.9381404,610.3022516,620.2005994,572.9730823
-0.3,509.0724935,693.2684019,688.6927378,731.624911,674.9748761,617.0539919,564.6463896,709.7098224,638.0239441,667.0411565,665.5364322,549.9271912,610.1883282,620.2673542,573.0844012
-0.3,509.0871772,693.3867041,688.7270475,731.7677905,675.0818748,616.8578366,564.4379288,710.2834563,637.8675269,667.0978024,665.6468707,549.9009219,610.0696052,620.3063557,573.1977609
-0.3,509.1154468,693.5125754,688.7414884,731.9277284,675.1572713,616.6568176,564.2236075,710.9032235,637.7320934,667.1241149,665.6569405,549.8690843,609.9587077,620.3403273,573.3125195
-0.3,509.1381936,693.6456695,688.6448856,732.1072419,675.1857861,616.4830104,563.9864919,711.4865492,637.5924323,667.0439191,665.7615923,549.8401893,609.8447951,620.3784186,573.3920896
-0.3,509.1460028,693.7792412,688.6476827,732.2322347,675.1809854,616.4055764,563.7274424,712.2270634,637.4543716,666.9518275,665.8427112,549.8211293,609.7336558,620.3905003,573.5026017
-0.3,509.2101756,693.9176662,688.4125293,732.3897859,675.1304838,616.3854877,563.443302,712.9048386,637.317285,666.8648877,665.9040488,549.8072053,609.6200097,620.3572484,573.613022
-0.3,509.2503041,694.0210311,688.0108862,732.567396,675.0628689,616.3996242,563.1344846,713.6810991,637.2096338,666.7875083,665.9512477,549.8026986,609.492825,620.3409147,573.7159482
-0.3,509.2260844,694.1298046,687.5197186,732.7634297,675.0377545,616.4298065,562.8109684,713.9789784,637.1082783,666.7376754,665.9942317,549.8322587,609.3882686,620.3440744,573.8310235
-0.3,509.1812288,694.2977091,686.9382115,732.9712185,674.998179,616.4445287,562.4193605,714.1895385,637.0302274,666.7602749,666.000033,549.8834403,609.2786913,620.355318,573.9004388
-0.3,509.1266856,694.5411065,686.33568,733.1843894,674.9484354,616.4299537,561.9147276,714.3501268,636.9563294,666.8028452,666.0109371,549.9756673,609.1298532,620.3617214,573.9477551
-0.3,509.3032593,694.7521155,685.687061,733.3851148,674.8936633,616.4155777,561.3628102,714.7375864,636.8956192,666.8338089,666.0431682,550.0700577,608.9964169,620.3674951,573.9854961
-0.3,509.6288629,695.0121927,685.0244868,733.5828112,674.8355234,616.4009154,560.7777836,714.99988,636.8778359,666.8404805,666.0651891,550.1659952,608.8691985,620.3357773,574.0109666
-0.3,509.9826768,695.2830834,684.1934173,733.7749691,674.7795742,616.408442,560.2368139,715.3845104,636.8700808,666.8673183,666.1083376,550.2603303,608.7144179,620.3136049,574.022791
-0.3,510.3570682,695.5801908,683.3851216,733.959732,674.6505007,616.4132472,559.7417347,716.1659639,636.7799077,666.8631475,666.0883781,550.3493202,608.5781105,620.3283714,574.0238222
-0.3,510.7675004,695.9341261,682.5066461,734.1562873,674.528231,616.4051636,559.2644469,717.0694736,636.6865944,666.8120139,663.5524955,550.4345919,608.463498,620.353586,574.0180385
-0.3,511.2073759,696.3390855,681.6502418,734.3416064,674.4184003,616.3675304,558.826726,718.055653,636.5940028,666.7617634,663.4270536,550.5129553,608.3421788,620.3918501,574.0222774
-0.3,511.4226655,696.7859825,681.0947154,734.5158219,674.3242748,616.3573391,558.4413978,719.0787583,636.4920439,666.6730559,663.3260133,550.5846621,608.2340845,620.4474375,574.0328263
-0.3,511.5972073,697.2639157,680.6595043,734.7256075,674.286376,616.3246611,558.1184833,720.2741949,636.3813783,666.6415095,662.9123873,550.6586859,608.1151743,620.5322877,574.0270512
-0.3,511.7616582,697.7557426,680.3169219,734.9053578,674.2794471,616.2650276,557.8571136,721.4209038,636.243422,666.5837095,662.2704161,550.7307056,607.9813801,620.6329489,574.0638722
-0.3,511.9217213,698.0825033,680.0811201,735.0463107,674.371153,616.2110432,557.6448657,722.5095561,636.0929497,666.563407,661.4577776,550.8061388,607.848784,620.7957529,574.1100771
-0.3,512.0504254,698.2927311,680.0766092,735.1920447,674.9246698,616.1334552,557.5471293,723.6094652,635.9328649,666.5037413,660.5196489,550.8853229,607.6924169,620.9607022,574.2469986
-0.3,512.1271906,698.4665912,680.0374564,735.3423678,675.106929,616.0636574,557.4136116,724.7247192,635.7975185,666.4819941,659.5236282,550.9766167,607.4858958,621.123813,574.3952209
-0.3,511.9311136,698.5734908,680.1381034,735.4796541,675.3368518,615.9417051,557.276879,725.6608954,635.6554847,666.5190278,658.5120942,551.0757991,607.2620621,621.2200854,574.5351664
-0.3,511.8357255,698.5655552,680.0493603,735.628547,675.5672315,615.8209127,557.0961382,725.9691717,635.5036926,666.5790114,657.5261585,551.1692577,607.0230618,621.2924066,574.6751528
-0.3,511.7577846,698.5645702,679.8728411,735.7905193,675.7184786,615.8426947,556.8764439,726.0415442,635.3475465,666.6278919,656.5702622,551.2608245,606.7827766,621.3710859,574.8121735
-0.3,511.632425,698.5216915,679.7584666,735.9594144,675.8503495,615.8862535,556.630213,725.9892592,635.1865591,666.7076135,656.4723751,551.3382419,606.5308728,621.4567583,574.8968145
-0.3,511.5173247,698.4610294,679.5827777,736.158022,675.9761104,615.9420371,556.3546397,725.7692622,635.0254522,666.7696171,656.3361183,551.4093977,606.3048235,621.5412307,574.9604476
-0.3,511.4164052,698.3996758,679.3548904,736.3970289,676.0911489,616.0109984,556.0584877,725.9589367,634.8718947,666.796219,656.1595974,551.4630693,606.1090051,621.6282722,575.0148538
-0.3,511.0421757,698.6526486,679.1147673,736.6527615,676.1934221,616.0799218,555.737866,726.0190536,634.7301854,666.8519562,655.9582057,551.5027383,605.9388082,621.7152063,575.0727218
-0.3,510.437158,698.6238149,678.7767061,736.9280105,676.2806981,616.1599365,555.4008633,725.9825753,634.5997701,666.9506685,655.7500964,551.5402669,605.7612352,621.7993507,575.1075334
-0.3,509.7170852,698.6096804,678.3302267,737.2043449,676.3651488,616.2103223,555.1457189,725.9026214,634.4763324,666.7213289,655.5356115,551.5771777,605.574752,621.8779106,575.1091876
-0.3,508.9099864,698.6138244,678.0181296,737.480453,676.4443868,616.2719049,554.9117484,725.8014489,634.3585459,666.7754562,655.3150304,551.6111671,605.3864114,621.9707706,575.1048662
-0.3,507.9719689,698.61524,677.6093376,737.7883509,676.4469634,616.3414186,554.8269631,725.6241882,634.2441928,666.8263815,655.0898944,551.6366433,605.1147013,622.0542029,575.0796641
-0.3,506.9384364,698.6024536,677.0908475,738.0581672,676.4617147,616.4544629,554.8378874,725.1387092,634.1304496,666.8789071,654.8630722,551.66297,604.8573027,622.1338842,575.0420936
-0.3,505.6099959,698.5946277,676.4322043,738.3015864,676.4232645,616.5882823,554.8448149,724.3526833,634.0535508,666.8918986,654.7514904,551.6859894,604.6011469,622.1535191,575.0110278
-0.3,504.1836314,698.5625458,675.8090002,738.5383892,676.390028,616.7421668,554.9109621,723.5026761,633.9771814,666.8822393,654.6413601,551.708584,604.3427637,622.1779917,574.968719
-0.3,502.6284639,698.4629904,675.1544985,738.72415,676.3287358,617.0755414,555.0022728,722.7060286,633.8992835,666.8428514,654.60333,551.7305383,604.0835679,622.211098,574.9027875
-0.3,500.9937343,698.4600028,674.5094175,738.9057302,676.1988533,617.3559584,555.1325238,722.0326838,633.8061495,666.7761615,654.747322,551.7473972,603.8196705,622.2169705,574.8355732
-0.3,499.3400578,698.4578298,673.8802215,739.1039729,676.0570714,617.6452156,555.2710887,721.3797382,633.6593208,666.7172673,655.7642837,551.7641787,603.5549634,622.1756246,574.7671612
-0.3,497.7269121,698.4554982,673.3234739,739.2915965,675.927775,617.9359538,555.3868353,720.9366251,633.4977551,666.5372111,656.7424277,551.7725081,603.2833842,622.1123624,574.6969949
-0.3,496.2232646,698.446531,672.8328912,739.4648789,675.8487278,618.0536903,555.5184772,720.9067541,633.3078979,666.4077134,657.6458634,551.7818413,603.0134246,622.0251509,574.6280418
-0.3,495.1686939,698.4511601,672.4144716,739.6956533,675.7680525,618.1625727,555.5824348,721.207504,633.1006157,666.2983871,658.4446557,551.775817,602.7415231,621.8985216,574.5506674
-0.3,494.8655253,698.4934666,672.1164663,739.9134116,659.1379015,618.2629677,555.6816652,721.4582446,632.8789595,666.2062988,658.7674988,551.7658283,602.4122746,621.7548847,574.460401
-0.3,494.503678,698.5391675,671.800101,740.1055389,659.1124435,618.3662279,555.7356399,721.6801037,632.6478919,666.1268096,658.6357931,551.7458591,602.0849729,621.6107492,574.3483955
-0.3,494.0813495,698.596435,671.5759279,740.2568764,659.0905645,618.4582906,555.8924025,721.7824087,632.4300954,666.0608631,658.4360379,551.7311807,601.7365524,621.4484747,574.2164005
-0.3,493.5679387,698.6460532,671.339129,740.3691581,659.0099987,618.4802784,556.0383844,721.765074,632.2178763,666.0116635,658.2409864,551.7078552,601.3906005,621.360345,574.0230756
-0.3,493.0766527,698.7025765,671.0418591,740.4450226,658.9259577,618.5036673,556.0820055,721.6269777,632.0169573,665.9317537,658.0977291,551.6822004,601.0527217,621.2885222,573.8242752
-0.3,492.5736827,698.8025625,671.0635441,740.5049561,658.8416492,618.5253581,556.0898237,721.3100451,631.8204789,665.7577625,658.0297739,551.6548382,600.7300621,621.2339581,573.5039477
-0.3,492.0355895,698.883911,671.2432561,740.5573217,658.7593885,618.5534796,556.0593074,721.081594,631.6372985,665.5510059,657.8892704,551.6345582,600.4191057,621.1988445,573.3018585
-0.3,491.4941141,698.985241,671.6538909,740.571965,658.6833978,618.5112459,555.9985609,721.1132456,631.4561923,665.3104879,657.734195,551.616412,600.1162278,621.1718299,573.1064293
-0.3,490.96039,699.1865744,672.1402644,740.615653,658.6032809,618.4659328,555.8963513,721.1333716,631.2737364,664.9959026,657.5834375,551.5992092,599.7998259,621.1304314,572.9023714
-0.3,490.4646468,699.3492506,672.6202307,740.6570097,658.5357089,618.3801899,555.7251119,721.179537,631.0825916,664.5968918,657.4426489,551.5831921,599.4974697,621.0962353,572.7114748
-0.3,490.0043943,699.5248493,673.0745545,740.6971694,658.5857888,618.312649,555.5365311,721.2461844,630.8982473,664.1741639,657.2917387,551.5691142,599.1816686,621.0729047,572.5275792
-0.3,489.6104723,699.6702363,673.4669474,740.7411242,658.5609474,618.2364713,555.3293566,720.9583612,630.698289,663.7968856,657.1436686,551.5572971,598.8749873,621.0275613,572.3537154
-0.3,490.2305931,699.8187929,673.8854265,740.7395206,658.5231604,618.1765187,555.0501323,720.4239168,630.5153906,663.4131555,657.0155703,551.5533592,598.5771899,620.9785985,572.2106426
-0.3,490.9757981,699.9597495,674.2418408,740.7386304,658.4989738,618.09224,554.8390737,719.8796219,630.3417401,663.0357234,656.8973642,551.554049,598.2895541,620.9539928,572.1266014
-0.3,491.7093833,700.1000558,674.5747473,740.7433584,658.4499719,617.9541146,554.6263513,719.3462783,630.1781881,662.6644077,656.7526266,551.5592198,598.0116955,620.9607968,572.0613426
-0.3,492.4419221,700.2286722,674.8079059,740.7258589,658.4298505,617.7733999,554.4155657,718.8392154,630.0229833,662.425088,656.6089199,551.5582405,597.7367821,620.9622617,572.0459086
-0.3,492.2118911,700.3301837,674.9645055,740.7000338,658.4116021,617.5639368,554.2042772,718.2202599,629.8887252,662.0700382,656.4647734,551.5614432,597.4636911,621.0261434,572.0381392
-0.3,492.0601561,700.3995131,674.9103584,740.6691785,658.3850028,617.3576695,553.9418995,717.6216345,629.7768701,661.7470178,656.3857136,551.5689154,597.1903399,621.0852676,572.0557426
-0.3,491.9291364,700.4504094,674.8502077,740.6319362,658.3566165,617.1577846,553.6843144,717.0304706,629.6771097,661.4633267,656.2367097,551.5478005,596.9131062,621.1364627,572.0805052
-0.3,491.8031471,700.4811466,674.8741523,740.5843281,658.3206977,616.9677696,553.3051883,716.6148586,629.6016972,661.2186346,656.0930943,551.4934353,596.6148137,621.1531246,572.0849345
-0.3,491.6740297,700.4326118,675.0483999,740.5531953,658.2833652,616.8055395,552.9000198,716.000184,629.5231941,660.9498722,655.9269826,551.4331658,596.2974836,621.1656412,572.0636024
-0.3,491.5366805,700.3252848,675.190509,740.5426728,658.236736,616.568996,552.4736726,715.2839838,629.4447194,660.6617976,655.7497883,551.3802032,596.0787818,621.1642704,572.052283
-0.3,491.3835931,700.2017312,675.3265907,740.5239388,658.2030824,616.332642,552.0326988,714.547521,629.391967,660.3888317,653.9592915,551.3337947,595.7651959,621.1574917,572.0211861
-0.3,491.1979409,700.0729122,675.496533,740.4894115,658.1190732,616.0961568,551.5860082,713.6023077,629.3321029,660.1205595,653.7441415,551.2926814,595.442807,621.1561761,571.97807
-0.3,490.7696444,699.9300964,675.5608908,740.3838754,657.9612865,615.8520334,551.1006432,712.8461131,629.2645228,659.8781228,653.4497962,551.2635935,595.0827,621.1804247,571.9223774
-0.3,490.3138526,699.7719529,675.5082692,740.2605523,657.5761598,615.5316438,550.7534758,712.1730899,629.1882248,659.7017852,653.163198,551.241485,594.7149591,621.209119,571.8537152
-0.3,489.873189,699.6180362,675.428716,740.1282485,657.0828905,615.2201051,550.4539048,711.6318228,629.1021543,659.5215851,653.0640702,551.2244628,594.3473046,621.2807837,571.7905908
-0.3,489.3890485,699.4875772,675.3167921,739.9565199,656.5879402,614.9164167,550.2378289,711.125085,629.0056155,659.2963866,652.7889328,551.1877441,593.983355,621.3810906,571.7300727
-0.3,488.7747307,699.3370348,675.1989051,739.78296,656.1386494,614.6266366,550.2037268,710.9698017,628.9037608,659.0549982,652.5219206,551.1401536,593.6270377,621.4620289,571.6708787
-0.3,487.8911762,699.2149311,674.8927689,739.6712012,655.6870271,614.3515415,550.1774309,710.7539119,628.7920873,658.8169971,652.2412662,551.0981371,593.284913,621.4985788,571.6483027
-0.3,487.0999331,699.105272,674.4393206,739.5590448,655.2537019,614.081489,550.1201236,710.55496,628.672343,658.58291,652.0072407,551.0452982,592.960989,621.4985882,571.6298388
-0.3,486.4203025,698.9749863,673.9699088,739.4709863,654.8089826,613.8259084,550.0758881,710.3304686,628.5456884,658.3891352,651.7972948,550.9575107,592.6476628,621.4622863,571.512468
-0.3,485.8134869,698.8597437,673.4943611,739.4237331,654.3567984,613.6025868,550.0099869,710.0927786,628.3605766,658.1969477,651.6508291,550.8606574,592.3476431,621.4304662,571.3350326
-0.3,485.2919531,698.6963785,673.0275231,739.3791587,653.9003536,613.3847458,549.9205652,709.8758526,628.1807836,657.9694681,651.477137,550.7601181,592.063484,621.4053356,571.1347522
-0.3,484.8502491,698.5431981,672.5516258,739.3342328,653.4422012,613.1696907,549.6862219,709.5445683,628.0342724,657.7410878,651.3018923,550.6477917,591.7889011,621.389231,570.9164487
-0.3,484.4392335,698.3996446,672.1164253,739.2810818,652.9854247,612.9531245,549.4437718,709.1303308,627.9008551,657.5144471,651.0814057,550.5331029,591.5724798,621.374815,570.6969539
-0.3,483.9924427,698.2644876,671.7291553,739.2247969,652.5344723,612.7096624,549.2141493,709.0539019,627.7807455,657.3267926,650.8725505,550.4191127,591.3633192,621.3548552,570.4407531
-0.3,483.5387382,698.1360212,671.1908681,739.1645836,652.0934954,612.4926321,548.9687309,709.0761171,627.678022,657.2132241,650.6434601,550.3044475,591.1558001,621.3426402,570.1677371
-0.3,482.9783357,697.9758147,670.7224804,739.1000129,651.6655393,612.2583866,548.7297991,709.3068336,627.5941991,657.1143875,650.4084602,550.1952262,590.9569723,621.3262676,569.904344
-0.3,482.5112966,697.8401002,670.3107986,739.0358423,651.2531877,612.0067766,548.5006017,709.7690312,627.5307472,656.9565437,649.7216922,550.0969062,590.7486941,621.3081788,569.6479557
-0.3,482.0571553,697.7165735,669.9621018,738.9660218,650.9101499,611.7386192,548.3404303,710.1524235,627.4882914,656.7826308,649.427338,550.0083748,590.5459214,621.2650793,569.4177914
-0.3,481.6127286,697.6049326,670.0059946,738.9770579,650.7805953,611.456452,548.1940414,710.5977402,627.4658009,656.6659131,649.1559126,549.9404209,590.3427864,621.2378131,569.2083344
-0.3,481.2410539,697.5041702,670.0472676,739.0043259,650.8700804,611.1645362,548.0655291,711.0767386,627.4593323,656.5502209,648.863366,549.8939325,590.1430905,621.2168458,569.0198469
-0.3,480.8638301,697.3915062,670.0598215,739.0500894,650.9671166,610.8681654,548.012064,711.5654608,627.4686759,656.4273152,648.5151983,549.8653722,589.9534101,621.1739656,568.8511452
-0.3,480.501935,697.2876007,670.0389544,739.1904233,651.0236359,610.5873509,547.9776022,712.0440101,627.4697254,656.3026773,648.1241452,549.8468884,589.7710768,621.0576715,568.7657297
-0.3,480.1491599,697.2115711,669.8555739,739.3533198,651.0479777,610.3144048,547.9547404,712.4290369,627.4647075,656.1651953,647.630562,549.8305627,589.5929388,620.9336249,568.6872081
-0.3,479.8075856,697.1409513,669.5194667,739.4884882,651.0552589,610.0481458,547.9266369,712.6631249,627.4490195,655.9951512,647.0848845,549.8045161,589.4185345,620.8065784,568.6027468
-0.3,479.4946203,697.0753988,669.1533988,739.6262551,651.0446001,609.7896226,547.7083641,712.5261786,627.3763046,655.8267043,646.4993408,549.7712377,589.2644413,620.6905735,568.4958763
-0.3,479.1939116,697.0134114,668.7419532,739.7573225,651.016036,609.6316352,547.461048,712.300967,627.2838766,655.6547509,645.9131475,549.7388471,589.118525,620.5721761,568.356725
-0.3,478.8984123,696.9518608,668.1748848,739.8614633,650.9682006,609.5289707,547.2451405,711.8739871,627.1789005,655.5013174,645.309314,549.7062333,588.9735245,620.4672431,568.2330708
-0.3,478.6036591,696.8990589,667.5229638,739.9157667,650.8957744,609.4876784,546.9408626,711.4567241,627.0628323,655.322423,644.7156225,549.668379,588.8278173,620.3607688,568.1106902
-0.3,478.2597629,696.8343055,666.8356378,739.9565895,650.8124203,609.4675945,546.5618317,711.0004659,626.9313975,655.1464932,644.1248105,549.6237793,588.6776028,620.2550486,567.9729084
-0.3,478.1610235,696.7791715,666.1216979,739.9198932,650.670809,609.4248924,546.1265596,710.4282787,626.7786559,654.8701486,643.5444413,549.5730287,588.4726115,620.1362264,567.8757085
-0.3,478.1406479,696.7231443,665.6017161,739.8745643,650.5298507,609.3441473,545.6954993,709.8439935,626.59276,654.5923547,643.0081072,549.5082647,588.264271,620.0052911,567.7916529
-0.3,478.210169,696.6658911,665.2360682,739.8185751,650.7427322,609.310993,545.2352695,709.182131,626.3779905,654.3630449,642.5382544,549.4049993,588.0531177,619.8844965,567.7003589
-0.3,478.4535555,696.6065042,664.9153632,739.7387231,650.9642732,609.3069234,544.7940391,708.5036346,626.1323181,654.140185,642.085405,549.3195976,587.8405451,619.8625218,567.629046
-0.3,478.8036314,696.5051368,664.2757713,739.6244716,651.1927545,609.2922109,544.3832639,707.7998794,625.8302944,653.9265966,641.6536919,549.228221,587.6274428,619.8914759,567.6278266
-0.3,479.2599435,696.4200263,663.6323436,739.4965752,651.3651464,609.2870293,544.0048774,707.1219041,625.4960401,653.7244954,641.1874247,549.1303932,587.4145848,619.9294743,567.6275048
-0.3,479.809262,696.3448863,662.7006361,739.3182573,651.5276172,609.2705648,543.6439402,706.6497593,625.1381138,653.535493,640.7067611,549.031091,587.2030769,619.9737566,567.6250365
-0.3,480.4185998,696.2780462,661.7801979,739.0819257,651.7330431,609.2658171,543.3193916,706.4901383,624.7723377,653.3340936,640.2214327,548.931086,586.9934761,620.0182035,567.6206713
-0.3,480.5300861,696.2239566,660.7721171,738.8350634,651.9087519,609.1907624,542.9526506,706.3976893,624.328034,653.1533121,639.7324213,548.8337991,586.7874472,620.0243431,567.5921945
-0.3,480.0179044,696.1707645,659.7268012,738.6206016,652.0533691,609.1375678,542.6075178,706.3792869,623.8857405,652.993817,639.2191972,548.7427351,586.5848957,619.9786833,567.5621047
-0.3,479.5062095,696.1112474,658.6580727,738.3815507,652.1646885,609.0837791,542.2873714,706.4048376,623.4549606,652.8451034,638.7605338,548.6596107,586.3856835,619.9280635,567.4655822
-0.3,478.9976861,696.037841,657.5555131,738.095059,652.0659278,609.1234645,541.8028842,706.6302157,623.033151,652.7176803,638.2930351,548.579391,586.1900074,619.9080515,567.357632
-0.3,478.4985668,695.9850855,656.4456893,737.7727337,651.9574747,609.195332,541.3603041,706.8204859,622.6567379,652.6093222,637.8414081,548.5083204,585.9971664,619.8562851,567.2055301
-0.3,478.0238836,695.939579,655.3670003,737.5049204,651.8347442,609.2445855,540.9362804,706.2625308,622.3092855,652.5157614,637.4004312,548.4479484,585.7769852,619.8209832,566.9934021
-0.3,477.5924137,695.9088507,654.5828667,737.2444677,651.7163572,609.293432,540.4576147,705.730244,622.0314931,652.4769967,637.0614409,548.4012191,585.5493129,619.7805626,566.7877585
-0.3,477.1655778,695.8620084,653.8270217,736.9946758,651.5930488,609.3211488,539.9703372,705.2494126,621.7796295,652.4430181,636.7543798,548.3617675,585.3136916,619.8816237,566.5808575
-0.3,476.7639608,695.8152994,652.8864495,736.754105,651.4752661,609.3024878,539.488553,704.8178316,621.5408949,652.3948949,636.4464589,548.3574576,585.0695923,620.0422534,566.3546768
-0.3,476.4173853,695.7729343,651.3027489,736.4991063,651.3634403,609.2713417,539.0371285,704.7150173,621.2899178,652.3184428,636.1402091,548.3653438,584.81766,620.1385422,566.1273741
-0.3,476.073304,695.7419694,649.6599116,736.2540853,651.2526802,609.2330914,538.5935102,704.6451465,621.0226507,652.2023899,635.8818386,548.3932344,584.5596977,620.2550875,565.9099459
-0.3,475.7859308,695.6986997,647.98584,736.0081363,651.2137002,609.1817897,538.162376,704.569601,620.7775669,652.0447811,635.5980324,548.4221974,584.2982048,620.3660353,565.715607
-0.3,475.4488803,695.6710989,646.2939396,735.7774094,651.1725295,609.0251562,537.7488886,704.5245945,620.5523182,651.8294426,635.3813888,548.4477092,584.0361235,620.46473,565.551225
-0.3,474.1189323,695.6466078,644.726929,735.6016488,651.1275898,608.861972,537.3579504,704.4907627,620.3437653,651.5181275,635.1805548,548.4488765,583.7763531,620.5533605,565.3792791
-0.3,472.8413042,695.6149001,643.2922072,735.4377916,651.0683541,608.767677,536.9944116,704.4628465,620.1485241,651.1974022,634.98847,548.4466196,583.5215238,620.6093752,565.1974524
-0.3,471.6234301,695.6012705,642.6187217,735.2655218,650.9157762,608.6914481,536.6631437,704.4277278,619.9669083,650.8638239,634.8157807,548.446235,583.2762667,620.6773488,565.0189199
-0.3,470.5109468,695.5862688,642.1623967,735.067042,650.6578631,608.6221949,536.4156694,704.5256121,619.8042598,650.5027171,634.6781364,548.447258,583.0488034,620.7809487,564.8463412
-0.3,469.5030858,695.5734352,641.6745999,734.9128959,650.3439604,608.5827198,536.2020928,704.448958,619.6396557,650.1643642,634.543865,548.4456656,582.8297719,620.8560523,564.6870058
-0.3,469.0407824,695.5364312,641.1633893,734.7475708,650.0085529,608.5812711,536.0074059,704.2030313,619.4725595,649.8596244,634.4134022,548.4389137,582.6210743,620.9410748,564.5725244
-0.3,468.6016007,695.5256495,640.5790446,734.5804424,649.6351222,608.6334503,535.8077631,703.8799015,619.3195162,649.564342,634.3187629,548.428907,582.4244841,620.9824584,564.4637258
-0.3,468.3048048,695.5171288,639.978607,734.4222524,649.2614171,608.6152817,535.630026,703.5340707,619.1351636,649.3546845,634.1114418,548.41654,582.2480942,621.0342762,564.3445088
-0.3,468.0777643,695.4863116,639.3363606,734.2615652,648.9039942,608.602524,535.5660889,703.2654995,618.939168,649.1410411,633.90513,548.4145025,582.0633087,621.1372612,564.207738
-0.3,467.7988339,695.4576446,638.6937594,734.0963369,648.6731818,608.55021,535.5019666,703.0411268,618.7063814,649.1284127,633.6914358,548.4189727,581.8769227,621.2421658,564.0452592
-0.3,467.5817197,695.4353509,637.9825286,733.9339914,648.4594849,608.5028001,535.3868388,702.7619204,618.4374373,649.1206825,633.4638281,548.435434,581.6980081,621.3437697,563.902821
-0.3,467.3227868,695.4178644,637.2974069,733.768684,648.2265615,608.4111912,535.2516886,702.3553035,618.1520913,649.0650264,633.2630867,548.4627847,581.528929,621.4424866,563.7674098
-0.3,467.0905723,695.3981201,636.6428238,733.5957276,647.9741144,608.2580565,535.0916312,702.1696195,617.8742183,648.9986342,633.0598898,548.4665048,581.3624256,621.5341694,563.6431098
-0.3,466.9204734,695.3574808,635.9445142,733.456724,647.7082404,608.1812872,534.907584,701.9925637,617.5948525,648.8861674,632.8750264,548.4576995,581.2043219,621.6163705,563.5153635
-0.3,466.7875083,695.2809465,635.2877654,733.3003591,647.4529304,608.1107208,534.704765,701.8705147,617.2981744,648.8047434,632.7215392,548.4426471,581.0650318,621.6110087,563.3758286
-0.3,466.515293,695.149686,635.701107,733.1453331,647.221339,608.0372935,534.4895714,701.7676791,616.9861485,648.6959197,632.6225279,548.4276318,580.9337845,621.6076864,563.2398859
-0.3,466.4006389,695.012661,636.23114,733.0271216,646.9651764,607.9439543,534.2664512,701.7646823,616.6633631,648.603292,632.4891331,548.4208197,580.8044805,621.6036678,563.1003324
-0.3,466.1820722,694.883817,636.8158981,732.9231419,646.7139521,607.8397202,534.0376752,701.812411,616.3308063,648.4840692,632.359479,548.4152051,580.6446571,621.5502065,562.9767623
-0.3,465.7964416,694.751741,636.0174955,732.8235954,646.4347874,607.7954976,533.7875443,701.915252,615.9936475,648.3614728,632.2090514,548.4101337,580.4825604,621.4742577,562.851302
-0.3,465.3178147,694.6161357,635.2510745,732.7441679,646.1872515,607.6819794,533.5183485,701.9482998,615.6288037,648.248451,631.853645,548.4048882,580.3242109,621.3740143,562.7258127
-0.3,465.0307993,694.4766089,634.8502171,732.6792446,645.9610889,607.5411093,533.2779046,701.7199559,615.2549604,648.1355108,631.4388573,548.3989019,580.1600567,621.277296,562.6028097
-0.3,464.6953172,694.3603634,634.6981736,732.6059662,645.7053053,607.388287,533.0334075,701.3937119,614.8707535,648.021254,630.9662119,548.3919506,579.9967149,621.228363,562.4847016
-0.3,464.3535914,694.1799474,634.5916513,732.6195452,645.4980644,607.2514135,532.7258807,701.1513931,614.512572,647.9924227,630.4363707,548.383613,579.8308066,621.1688333,562.3181876
-0.3,463.6908308,694.0318082,634.4890987,732.6250419,645.2784203,607.1129672,532.3529224,700.7555807,614.1380908,647.8246685,629.9094625,548.3758783,579.6770979,621.1151295,562.1458155
-0.3,462.9942914,693.9051172,634.6719479,732.6223636,645.0933103,606.973693,531.9649952,700.3822346,613.7388067,647.6485351,629.3961371,548.3689705,579.5247275,621.0570285,561.9725476
-0.3,462.265255,693.7552998,634.843889,732.6196444,644.8918032,606.8352366,531.5826199,700.1412988,613.3369204,647.4536923,628.906374,548.3615154,579.3673965,621.0126203,561.8327996
-0.3,461.5497593,693.6369273,635.132029,732.638465,644.5757189,606.7014556,531.2046114,699.737292,612.9420689,647.2442389,628.4630705,548.3340224,579.1724496,620.9347762,561.7106818
-0.3,460.7063618,693.5424594,635.5216419,732.6309207,644.2574011,606.5788641,530.8624266,699.4770171,612.5571616,647.0251778,628.0862513,548.3097294,578.9758924,620.8413339,561.6272836
-0.3,459.8294611,693.4067516,635.890469,732.6401494,643.9390116,606.4298774,530.581545,699.1982844,612.1772256,646.8025608,627.7196555,548.311009,578.7846128,620.7507852,561.5444165
-0.3,458.9559086,693.3118491,636.2692334,732.6511748,643.6207859,606.259061,530.2773305,698.8313418,611.8013405,646.4953275,627.4104154,548.327746,578.6016996,620.6576926,561.4617708
-0.3,458.0730546,693.1727769,636.5779511,732.706928,643.2772324,606.0998821,529.9669319,698.5787442,611.428351,646.1834608,627.1903414,548.3726778,578.4225697,620.5411885,561.3654449
-0.3,457.1568032,693.0370242,636.7691645,732.7718264,642.9308305,606.0235703,529.6537178,698.4358523,611.0569225,645.9277742,627.0601158,548.4259349,578.2232925,620.4429321,561.2735101
-0.3,456.3105833,692.9053744,637.140879,732.8255493,642.6936565,605.8951937,529.4236645,698.1535161,610.6856155,645.6571799,626.9446297,548.4798533,577.975368,620.3605726,561.1861713
-0.3,455.4474129,692.7774715,637.501212,732.8508986,642.4930098,605.7446669,529.3270128,697.7676616,610.3131614,645.3898734,626.9078313,548.5567822,577.7068175,620.2944582,561.090865
-0.3,454.6425221,692.6544759,637.8758398,732.8796576,642.2928918,605.602004,529.2518311,697.1118393,609.9015898,645.1127732,626.8843005,548.6375463,577.4430931,620.2680883,561.0096153
-0.3,453.9325346,692.5779847,638.1368455,732.9308491,642.0923284,605.4734038,529.2005342,696.3261527,609.4574559,644.8339173,626.8327675,548.7171557,577.1864687,620.2181782,560.910429
-0.3,453.2938769,692.6502801,638.3202749,732.9629341,641.8907457,605.3557833,529.1732705,695.6771052,608.9816269,644.5735413,626.7700799,548.7958249,576.9142115,620.1594093,560.8219802
-0.3,452.7682685,692.7552631,638.3171303,732.9490074,641.6879246,605.2655772,529.1673269,695.0523579,608.4883519,644.3146955,626.7063363,548.8670073,576.6738802,620.0877647,560.6850477
-0.3,452.3283917,692.9439427,638.2649602,733.0072424,641.4836066,605.223117,529.2264807,694.4886024,607.9926645,644.0395704,626.6510883,548.9263719,576.4428195,619.9999555,560.5106097
-0.3,451.950208,693.0009245,638.3252448,733.0539612,641.277083,605.178292,529.2626001,693.9691196,607.5050657,643.7375275,626.600059,548.90977,576.2058898,619.8935396,560.3570513
-0.3,451.5281432,692.9539764,638.406327,733.0932715,641.0677041,605.132377,529.1669788,693.648245,606.9921663,643.391468,626.4769235,548.8840644,575.9635498,619.7610689,560.2081435
-0.3,451.1214058,692.8928886,638.3176951,733.1494519,640.8553356,605.0954223,529.1296312,693.7513541,606.4702365,643.0412352,626.2911642,548.8551499,575.7167566,619.6050285,560.0587141
-0.3,450.7137245,692.8299805,638.3109802,733.2017507,640.637842,605.0604131,529.0859048,693.9471553,605.9558493,642.6901738,626.1172703,548.8272817,575.4666444,619.4290105,559.9181739
-0.3,450.2836424,692.7577792,638.2011024,733.329566,640.416858,605.0934143,529.0588061,694.3285254,605.4333207,642.3174296,625.9756067,548.8104258,575.2146079,619.2362509,559.787526
-0.3,449.7556608,692.6847414,638.1919574,733.4515594,640.1924431,605.1846709,528.9957551,695.1059603,604.9249145,641.9193955,625.8628145,548.7955265,574.9564787,619.0316798,559.6648055
-0.3,449.1423418,692.6024384,638.1435148,733.5483473,640.0762996,605.2901365,529.305128,695.858773,604.425357,641.5514601,625.7608617,548.7853507,574.6981005,618.8129939,559.5346117
-0.3,448.5372115,692.5079646,638.1311482,733.6022109,639.8451941,605.3960667,529.644498,696.5513262,603.9305,641.1863941,625.6786972,548.7802871,574.4396298,618.6199985,559.3645483
-0.3,447.9493721,692.3980633,638.1087507,733.5644884,639.6116952,605.5219873,529.9208837,697.1734082,603.4740308,640.8328988,625.5613919,548.7577795,574.1799785,618.4451244,559.1662577
-0.3,447.2986103,692.2785115,637.4293144,733.4985585,639.3901499,605.630912,530.1877613,697.5216925,603.0334065,640.5026514,625.2924745,548.7369012,573.9174774,618.2838419,558.953957
-0.3,446.6659163,692.1610788,636.5381583,733.4551148,639.18553,605.7006307,530.3714026,697.6813747,602.5946729,640.1926014,624.5403017,548.745433,573.6523471,618.1412778,558.709326
-0.3,445.9738053,692.0404878,635.4321183,733.3984288,638.9494468,605.7922645,530.1485149,697.6319286,602.1517887,639.9138423,624.1750759,548.7443701,573.3950511,618.0401472,558.4716952
-0.3,445.2730486,691.9171153,634.5992776,733.3512844,638.7411099,605.9054517,529.9418645,697.5074976,601.7433121,639.6435911,623.7203841,548.7316195,573.1273319,618.0243143,558.2307704
-0.3,444.5584327,691.7757857,633.923888,733.2746382,638.5383188,606.0036634,529.288365,697.300868,601.3240167,639.371209,623.2725376,548.6863719,572.8467758,618.0094067,557.9276823
-0.3,443.8356721,691.6130559,633.144053,733.1881699,638.3523669,606.107283,528.5520168,697.0998973,600.8757503,639.1135883,622.86252,548.6374916,572.5521608,617.9972643,557.6397854
-0.3,443.0877913,691.4759606,632.3578284,733.0812724,638.1159387,606.1933916,527.7491673,696.9474058,600.4124339,638.9052206,622.5024595,548.5871051,572.2400301,618.0000219,557.3511669
-0.3,442.3423142,691.3409214,631.594672,732.9566637,637.8574621,606.2975307,526.9042348,696.8175719,599.9131819,638.6681031,622.1628869,548.5440142,571.9120552,618.0054954,557.0592715
-0.3,441.5807532,691.2205172,631.1184517,732.8226951,637.6675251,606.4228627,526.0469312,697.2126667,599.381077,638.416602,621.781119,548.5134608,571.5753885,618.0195089,556.7704572
-0.3,440.7311689,691.0905649,630.7346925,732.7163912,637.4131328,606.5420633,525.208588,697.8642171,598.7957244,638.1646254,621.4077963,548.496171,571.2330688,618.0589992,556.4943642
-0.3,439.5428693,690.9523394,630.3779052,732.6239516,637.1587555,606.6844899,524.4176537,698.5026804,598.1672952,637.9099255,621.0490309,548.4776436,570.8878934,618.1150177,556.2363109
-0.3,438.5938716,690.8095467,629.7617224,732.5025149,636.9122436,606.8219209,523.6234583,699.1094677,597.5145379,637.6705389,620.7080044,548.4240409,570.5420285,618.2344396,555.9788562
-0.3,437.7415014,690.6476973,628.9105126,732.3943729,636.6683718,606.9178274,523.0221682,699.6868835,596.8151465,637.4617574,620.5073314,548.3535833,570.1971499,618.3316059,555.7250326
-0.3,436.8662365,690.4722148,628.1538263,732.3026314,636.3867542,606.9340595,522.6748127,699.8461983,596.0621195,637.2582683,620.2217242,548.299525,569.8541986,618.4298234,555.4656866
-0.3,435.9734576,690.2901906,627.6022629,732.1845493,636.0869259,606.9282973,522.3099367,699.9449614,595.2684437,637.0805353,619.8544092,548.2558806,569.5134883,618.5206399,555.21205
-0.3,435.0716328,690.1162675,627.2757145,732.0302934,635.7732604,606.943553,521.6742296,699.9733917,594.4682107,636.8897131,619.4233149,548.230002,569.1750817,618.5612219,554.9583693
-0.3,434.1780087,690.0777118,627.0757996,731.8923236,635.478536,606.9306717,521.0334247,700.0367274,593.6211913,636.7083566,618.9869553,548.2146707,568.8309259,618.6228818,554.7235572
-0.3,433.3011173,689.9827054,626.9653562,731.7906324,635.3036742,606.9495561,520.3491146,699.8568456,592.7221612,636.5334677,618.5575567,548.2056913,568.4897981,618.695338,554.48592
-0.3,432.464372,689.9294978,626.9018229,731.6984267,635.1643784,606.971542,519.651794,699.6507668,591.7998406,636.3502889,618.1296585,548.2219844,568.1508907,618.7767058,554.247615
-0.3,431.7034034,689.9446516,626.8376986,731.56757,635.0139272,606.9921338,519.0416635,699.468746,590.8798541,636.2010525,617.7460793,548.2346157,567.8068304,618.8651668,554.001852
-0.3,430.9442284,689.962078,626.7614529,731.4616276,634.8453005,607.0040351,518.4157008,699.3013897,589.967132,636.0731597,617.4780659,548.2644387,567.4626351,618.9868388,553.7380745
-0.3,430.1854423,689.9797916,626.6922139,731.3055137,634.6516694,607.0140586,517.7866533,699.1679589,589.0363207,635.9659953,617.2245515,548.2765687,567.1172737,619.1234252,553.4618275
-0.3,429.4276691,689.9783901,626.5956758,731.1394179,634.4268482,607.0705232,517.1508957,698.8900952,588.0712889,635.9087144,617.0408107,548.2689347,566.7701135,619.2805467,553.1741701
-0.3,428.6739302,689.9756663,626.4778232,730.9619161,634.1657716,607.1245013,516.5082222,698.6851988,587.0684049,635.8344771,616.9730101,548.2365337,566.437776,619.4442058,552.8729213
-0.3,450.2321167,689.948016,625.4642722,730.7832491,633.864818,607.1871513,515.8539625,698.471793,599.662487,635.7458298,616.9576084,548.1862041,566.1154194,619.5584917,552.6031665
-0.3,450.3913479,689.9208035,624.4208366,730.634479,633.500431,607.2621225,515.3052066,698.1606872,599.488395,635.7306425,616.941276,548.1478734,565.7835222,619.6839059,552.3355223
-0.3,450.5658106,689.8783653,623.277913,730.4698024,633.0577206,607.307688,514.7388288,697.8614431,599.2952951,635.8620279,616.7483445,548.1147097,565.434881,619.8216529,552.0598297
-0.3,450.7355046,689.8237193,622.6438276,730.0893705,632.5647507,607.387121,514.1362632,697.5507228,599.0967709,635.9593526,615.8191457,548.0659599,565.0809985,619.9402025,551.7782486
-0.3,450.8807372,689.7368295,622.1988968,729.640553,632.0605529,607.4953234,513.5151503,697.2631047,598.8800739,636.1059669,614.9084509,548.027701,564.7052203,620.0446574,551.4889805
-0.3,450.9850242,689.5995098,621.669712,729.1887077,631.5347924,607.6467352,512.8906261,696.7924423,598.6254098,636.2019804,614.020986,547.9828566,564.3197098,620.0838006,551.2076613
-0.3,451.0357207,689.388469,621.1487899,728.7191422,631.0028084,607.8407957,512.2607988,696.1709277,598.2976868,636.2863687,613.0973602,547.9620905,563.9285589,620.1089235,550.9240561
-0.3,451.1275186,689.178522,620.6564613,728.2140297,630.4778813,608.0878836,511.7373909,695.5267177,597.8849034,636.1887933,612.1619615,547.944831,563.5146583,620.1392554,550.6323251
-0.3,451.1640428,688.9674563,620.1656815,727.7156532,629.9634578,608.3398933,516.9422381,694.8872465,597.4150512,636.0890911,611.2823794,547.92867,563.0975896,620.2169269,550.3282395
-0.3,451.1423271,688.4431791,619.6992672,727.2274007,629.4484119,608.5900624,516.532876,694.1450608,596.9394225,635.9536868,610.4263685,547.8907775,562.6748802,620.2706093,550.002019
-0.3,451.0859539,688.1582809,619.4238101,726.7509262,628.9511059,608.8329361,516.1062294,693.1661096,596.439138,635.7843152,609.60158,547.8471037,562.2401292,620.3238912,549.6697062
-0.3,450.9011651,687.8448926,619.1017094,726.2462703,628.4411358,609.0645673,515.6798207,691.7752043,595.8992599,635.5697385,608.7991041,547.779825,561.7836028,620.3637207,549.3470415
-0.3,450.6936816,687.527189,618.7048901,725.6982929,627.9113772,609.281497,515.0980524,690.2943073,595.3346572,635.339677,608.039826,547.6431652,561.3171105,620.3302412,549.037385
-0.3,450.4787449,687.2101371,618.1716113,725.2028396,627.3900511,609.4495918,514.4559398,688.7591543,594.7442465,635.0997161,607.2702927,547.4967076,560.8332369,620.2796005,548.7800343
-0.3,450.2706433,686.8354977,617.5917376,724.7258837,626.9192101,609.5696041,521.36612,687.1543581,594.1398079,634.8315394,606.4919895,547.2920696,560.347493,620.2316825,548.5298799
-0.3,450.0809138,686.4617626,616.9718794,724.4303832,626.4964349,609.639708,521.1116722,685.5979377,593.5122366,634.5079588,605.7182033,547.0735046,559.8497495,620.1854489,548.2940091
-0.3,449.9535522,686.094472,616.5880166,724.1149885,626.0914982,609.6951035,520.7678134,684.1220255,592.872479,634.1638198,604.9807866,546.85439,559.3514485,620.1438451,548.0690399
-0.3,449.8815979,685.7543524,616.222345,723.7711175,625.6522298,609.7398145,529.0775342,682.8128385,592.2298623,633.8028262,604.7396813,546.6365051,558.8510734,620.1096372,547.8509291
-0.3,449.9480538,685.4251908,615.7247457,723.4124733,625.2113363,609.7757737,529.1454903,681.6808568,591.5900606,633.3268295,604.5065072,546.4198289,558.3141903,620.0424331,547.6358519
-0.3,450.0076155,685.1085871,615.1689704,723.0432119,624.7495901,609.840989,529.2132998,680.9426897,590.9578444,632.7966659,604.2824123,546.2102974,557.7696814,619.9941727,547.4205838
-0.3,450.0743611,684.8054257,614.7005491,722.6684433,624.2250003,609.9121411,529.2703694,680.4522361,590.3183155,632.0166917,604.0548739,546.0054124,557.2216398,619.9623127,547.1989076
-0.3,450.1336677,684.4900255,614.1555578,722.2850291,623.6512936,609.979881,529.3074639,680.240045,589.6310599,631.2184953,603.8420794,545.8064527,556.6684458,619.9184309,546.9746387
-0.3,449.9744661,684.1852626,613.6414958,721.8620524,622.9839073,610.0327732,529.3437285,680.2992761,588.9303188,630.4800425,603.6280181,545.6298599,556.1159117,619.865526,546.7136674
-0.3,449.8595863,683.8904137,613.2348142,721.4561364,622.2461467,610.0780585,529.3778573,680.4364378,588.2441157,629.7436486,603.4329488,545.459405,555.564387,619.8158759,546.4300142
-0.3,449.63943,683.6036634,612.9313286,728.5085582,621.3808086,610.1031384,529.2957341,680.8018881,587.5779384,628.9818637,603.2697209,545.2914526,555.011661,619.7692745,546.1417764
-0.3,449.4080008,683.3235635,612.7232958,728.0638393,620.3994542,610.0761603,529.1078042,681.1024614,586.9346097,628.2937026,603.0996986,545.1035561,554.4616617,619.670589,545.8533593
-0.3,449.143318,683.0493792,612.5526359,727.6600162,619.2839618,610.0488054,528.7832701,681.3102926,586.2855048,627.8773204,602.890978,544.919494,553.9213742,619.576593,545.5676313
-0.3,448.865029,682.7802509,612.4388633,727.2562186,618.0616012,610.0024215,528.4899758,681.507712,585.6549855,627.4449536,602.6884229,544.6681115,553.3856696,619.488556,545.2875156
-0.3,448.5701748,682.5146154,612.383343,726.8750683,616.7406996,609.8971653,528.196553,681.6535714,585.0383961,626.9976862,602.4719116,544.3984664,552.8469478,619.4078488,545.0158897
-0.3,448.1176075,682.2702984,612.5912167,726.5155645,615.3444219,609.789459,527.8593809,681.6730303,584.4318109,626.5612356,602.5161858,544.1016232,552.3103702,619.3358536,544.7375954
-0.3,447.5718638,682.0493695,612.8305926,726.176168,613.9027424,609.6804699,527.6046655,681.5355479,583.8497575,626.1342765,603.4991502,543.7879769,551.7754196,619.336209,544.4660512
-0.3,447.0304308,681.8227863,613.1403394,725.8547565,612.4423999,609.5712093,527.3839196,681.427083,583.254851,625.698137,604.5281802,543.4634703,551.242073,619.2856238,544.2089956
-0.3,446.4552419,681.5994146,613.7652895,725.5474706,610.982278,609.4617406,527.1630867,681.2888242,582.6394832,625.2803521,605.5917882,543.1210065,550.7107219,619.2397561,543.9660012
-0.3,445.8600896,681.3919089,614.8336557,725.2522775,609.5345424,609.3260973,527.0016078,681.0045279,581.9922165,624.8798153,606.5538695,542.7594529,550.1816649,619.2186246,543.7337056
-0.3,445.2401862,681.1769951,615.806196,724.9034254,608.1018692,609.1830464,526.8154922,680.8643306,581.266413,624.5828179,607.460957,542.3934546,549.6546598,619.2032357,543.5102019
-0.3,444.4021444,680.9616671,616.680999,724.5691973,606.657596,609.048362,526.6406387,680.7224023,580.5106704,624.2693327,608.2209017,542.0144091,549.1252708,619.2039292,543.2913931
-0.3,443.6015152,680.7538076,617.6081731,724.2480608,605.2482374,608.9144087,526.447306,680.5870713,579.6266669,623.9727449,608.0315076,541.6318868,548.5859829,619.2093292,543.0759462
-0.3,442.8548684,680.5450696,618.5092312,723.9292498,603.8970505,608.7543321,526.2796155,680.5443085,578.7018129,623.6593257,607.8504808,541.2420804,548.0426704,619.2113005,542.843939
-0.3,442.3641807,680.3498858,619.3509918,723.6143435,602.585593,608.5963223,526.0132369,680.5089611,577.7516755,623.5310943,607.6743552,540.8487564,547.4928336,619.2075739,542.588159
-0.3,441.9071913,680.1587325,619.8891581,723.3252598,601.3223886,608.4089586,525.9299638,680.4517005,576.7025946,623.3783195,607.5221581,540.4467459,566.616701,619.2076217,542.3175415
-0.3,441.4780228,679.9711237,620.4308795,723.0442681,600.1102861,608.1127863,525.8431608,680.178461,584.1956599,623.1911144,607.3709135,540.0451758,566.3310024,619.205107,542.0320682
-0.3,441.0583188,679.8005335,621.1538476,722.7789571,598.9512805,607.7892102,525.7472561,679.8024009,583.4383675,622.8451447,607.1561232,539.6380377,566.0507246,619.1997781,541.7590622
-0.3,440.4767468,679.627252,621.8711574,722.5228448,597.8420826,607.4707552,525.6396788,679.1676141,582.6589657,622.3779588,606.9585458,539.1794908,565.7750382,619.2062277,541.4866089
-0.3,439.9119486,679.4956353,622.3689763,722.283509,596.7787102,607.1525258,525.5215749,678.6005891,581.8481669,621.8687728,606.7948455,538.6980575,565.5032215,619.2624916,541.2040768
-0.3,439.3646607,679.3824111,622.4549757,722.0546054,595.7487966,606.8168001,525.4731273,678.1106739,581.0026376,621.3180976,606.5630494,538.186721,565.2344663,619.357348,540.9116579
-0.3,438.8779834,679.3399474,622.6543981,721.8126911,594.7322971,606.4976761,525.4380891,677.3041845,599.3088,620.7277509,606.34001,537.6500845,564.9678644,619.464042,540.6092526
-0.3,438.3990273,679.2553009,622.8334414,721.5533443,593.7373059,606.1386658,525.4196172,676.2616705,599.0243562,620.1275682,606.1177021,537.0941169,564.7008883,619.5625106,540.2964812
-0.3,437.8998135,679.1380939,622.5568507,721.2669046,592.7712729,605.7850231,525.4194953,675.1033989,598.7263435,619.5379784,605.9120425,536.5217053,564.4245042,619.6655818,539.9511799
-0.3,437.3852019,679.0115132,622.2623963,721.0072325,591.8155418,605.4544202,525.4793821,673.9029623,598.247498,618.910761,605.5748759,535.9356541,564.150442,619.7990833,539.6041447
-0.3,436.8421014,678.8798642,621.9786352,720.7552022,590.8772373,605.1251344,525.5177065,672.7569928,597.6939942,618.2659105,605.2264846,535.3390118,563.8788056,619.9549127,539.2515028
-0.3,436.3412387,678.7369856,621.7529517,720.5717572,590.1747912,604.7957044,525.5306396,671.6172742,597.1055895,617.6121132,604.873119,534.7350851,563.6119322,620.0944839,538.8607042
-0.3,436.0148942,678.5917042,621.4291264,720.3965422,589.4794194,604.5000222,525.5118171,670.3222726,596.4838483,616.9214222,604.547207,534.1275613,563.3518949,620.2361827,538.4654092
-0.3,435.7161891,678.4330416,621.3629903,732.8680616,588.7851704,604.2047013,525.5715332,669.0638884,595.8292199,616.1748106,604.2454302,533.5205343,563.0982185,620.3542339,538.0728779
-0.3,435.4633897,678.2661156,621.2841062,732.6987743,588.073523,603.9144833,525.5013481,667.8040957,595.2832917,615.4447296,603.8818587,532.9336579,562.8471473,620.3742358,537.6748929
-0.3,435.2496572,678.0990978,621.1941151,732.4579051,587.3445689,603.6458355,525.291496,666.5676749,594.7248502,614.5646248,603.4363076,532.3945135,562.580218,620.3982038,537.3211929
-0.3,435.0697426,677.9856105,621.0540963,732.1990403,586.5816126,603.387998,524.5752037,665.3959936,594.1473371,613.7184571,602.9769797,531.8656246,562.3104776,620.4242615,536.9646893
-0.3,434.9601276,677.9189331,620.8923028,731.9330681,585.766763,603.1508364,523.8448526,664.289354,593.3847166,612.9186016,602.4936612,531.3473955,562.0359977,620.4332382,536.5777233
-0.3,434.9153939,677.9136416,620.4765671,731.6605654,584.8144749,602.9236041,523.0841724,663.0469773,592.556513,612.1742989,602.019724,530.8384891,561.6860489,620.4255552,536.1529129
-0.3,434.2195198,677.8928792,620.5176115,731.3704715,583.8304555,602.7495759,522.2993446,661.8402431,591.6776906,611.4911594,601.5421258,530.336095,561.3238399,620.3891953,535.7068163
-0.3,455.019241,677.8833631,620.5112724,742.9384933,582.7926073,602.5703537,521.4946762,660.7229324,590.7146484,610.892878,601.0648805,529.8364614,560.9590582,620.2565763,535.2374002
-0.3,454.5282004,677.8868247,620.5442852,742.7616471,581.7218896,602.383126,520.6721439,659.6884906,589.7164247,610.3437842,600.6034475,529.3351309,560.5692689,620.1128932,534.7444216
-0.3,454.024234,677.8562097,620.5464515,742.61252,580.6206207,602.1857912,519.8711195,658.7244925,588.6899359,609.8397608,600.1518259,528.827606,560.1784375,619.9569636,534.2184471
-0.3,453.4968208,677.7769347,620.1819849,742.4744588,586.7235864,601.9778398,519.1403047,657.9478175,587.6430916,609.3807554,599.7131407,528.3101131,559.7979844,619.8043896,533.6579414
-0.3,452.9787693,677.6995978,619.8101421,742.3736536,586.3570573,601.8044086,518.3720672,656.9121107,586.5845147,608.9634611,599.3274523,527.7797833,559.4315029,619.65408,533.0582601
-0.3,452.4440392,677.6232453,619.500817,742.2488604,585.8412536,601.5963261,517.5633459,655.9567789,585.5224889,608.6470724,599.015912,527.2344266,559.0818838,619.4968911,532.4343035
-0.3,451.9319252,677.5320886,619.4199898,742.0896234,589.8872168,601.4157762,516.6425639,654.944104,584.514436,608.3197167,598.8032097,526.6314043,558.7626668,619.345479,531.80957
-0.3,451.4526862,677.4647649,619.5404144,741.813094,589.8108639,601.2404252,515.5750717,653.8659013,583.4779876,607.9971584,598.586432,526.024629,558.4648709,619.1092096,531.151175
-0.3,451.082632,677.4449134,619.7520897,741.375476,589.5389743,601.0669352,523.4724027,652.6980873,582.4431349,607.6782948,598.2964634,525.4278692,558.1800997,618.8901818,530.4721336
-0.3,450.7246837,677.4271842,619.8381164,740.8873229,589.07991,600.8872017,522.7041944,651.2894177,581.4121095,607.316068,597.9816972,524.8159991,557.9064055,618.6868619,529.7773672
-0.3,450.3825122,677.3190403,619.8789211,740.3516582,588.4500727,600.6969715,521.7588525,649.7787559,580.2454734,606.9906237,597.6697074,524.1620069,557.6420437,618.5021452,529.0670081
-0.3,449.7620663,677.189023,619.8782368,739.7708641,587.6665026,600.5524042,520.7371579,647.934404,579.0710462,606.5883084,597.3851047,523.4669138,557.4005243,618.3931679,528.3475512
-0.3,449.1147932,677.045558,619.8215459,739.145581,586.7435221,600.4125727,519.5507823,645.9466779,577.8882768,606.2252192,597.1048982,522.7766069,557.1697309,618.4214003,527.6449679
-0.3,448.5792782,676.8903919,619.6185522,738.4978256,585.6973507,600.2795559,518.1206799,643.8145638,576.6950589,605.885997,596.8197813,522.1135732,556.9367488,618.3998155,526.9635762
-0.3,448.1277321,676.7379421,619.3995711,737.8679728,584.5477413,600.1440336,516.5345132,641.5587854,575.4890747,605.466488,596.6239173,521.4583496,556.7077219,618.3826778,526.3049481
-0.3,447.7324725,676.4741792,618.7820284,737.1450407,583.3140991,600.0127415,514.9988984,639.2243739,574.2682935,605.0522238,596.3835251,520.7073191,556.4772968,618.3694398,525.6681564
-0.3,447.3708627,676.2209006,617.9853549,736.3528106,582.0127484,599.8960056,535.2546453,636.7589901,573.0303931,604.6225268,596.1429949,519.9470244,556.2413184,618.3212733,525.0300006
-0.3,447.029186,675.9819739,617.0452953,735.4043186,580.6572617,599.7777145,535.2554437,634.4159837,571.7730032,604.1869942,595.9428914,519.1763583,556.0070903,618.2639284,524.3703756
-0.3,446.6235034,675.757826,616.0991511,734.3896987,578.9352756,599.7163716,535.3204191,632.4613322,570.5775023,603.6921043,595.7813327,518.3894504,555.7719086,618.2105718,523.6995962
-0.3,446.20858,675.5529364,615.0631454,733.3284271,605.7939182,599.6746322,535.3751523,630.6474293,569.2749057,603.1872881,595.6207937,517.5530793,555.5621436,618.1637174,523.0372695
-0.3,445.9140129,675.3980231,613.9815512,732.2203928,605.4541942,599.6451898,535.4808792,628.9648496,567.9476329,602.6349772,595.4605858,516.7024448,555.3568869,618.1064086,522.3849154
-0.3,445.6728103,675.2581633,613.1920171,731.0068564,605.1027675,599.6015696,535.6617732,647.1479739,566.5966677,602.082221,595.2413272,515.8368351,555.1517332,618.0394073,521.728471
-0.3,445.471496,675.0471071,612.617216,729.7703882,604.7383379,599.5592957,535.7122779,646.1183506,565.2238911,601.5143224,594.9660081,514.9548001,554.9444972,617.9764777,521.0512658
-0.3,445.3136175,674.8168191,612.141771,728.5347601,604.361303,599.4864365,535.6615105,645.194566,563.8306646,600.9290955,594.6706088,514.013368,554.7361135,617.9510836,520.3560073
-0.3,445.0875899,674.570681,611.5583459,727.3313052,603.973882,599.3964269,535.2938776,644.5539159,562.4167921,600.2822106,594.3521165,513.0570501,554.5437835,617.9739923,519.6300761
-0.3,444.8777165,674.3376769,610.6390278,726.188606,603.5787942,599.2647875,534.9259084,643.9580147,560.979933,599.4907413,593.9964414,512.0880309,554.34925,617.9934512,518.8961337
-0.3,444.6769073,674.10873,609.7233682,725.1461943,603.1783422,599.0888769,534.8582033,643.3909756,578.5633121,598.6991427,593.6283281,511.1090729,554.1420038,618.0301031,518.1600651
-0.3,444.4713153,673.883487,608.8132636,724.1654699,602.7741206,598.8890513,534.818924,642.8394369,587.0225715,597.8969074,593.2744555,510.1227921,553.9307974,618.0088185,517.4212722
