-0.3,409.9327486,575.5333182,440.4460619,481.5334934,521.4701206,520.7519315,455.1882087,463.2981506,481.931576,453.5109102,493.9548546,459.534444,472.2717044,462.8605482,459.1164782
-0.3,412.4943956,577.475439,443.8324283,484.8453601,526.51429,522.9389689,456.2316452,467.440625,482.950076,453.8663414,497.4058871,461.0339262,473.8193258,465.4766428,460.964587
-0.3,414.8622069,578.7853069,447.1624616,488.5839354,531.4949474,525.1213158,457.7393399,471.5317472,483.7546962,454.323058,500.7527464,462.5448854,475.4063587,468.1367046,462.8407383
-0.3,416.8320959,581.0489235,450.4777057,492.2119332,536.2042786,527.5146235,459.273226,475.5708478,484.3765517,455.1495076,504.0846207,464.1206145,477.240603,470.7112235,464.7404606
-0.3,418.85581,583.3938021,453.728251,495.908628,541.0693633,530.0585061,460.8203157,479.5642848,485.215716,455.7233307,507.264224,465.7241492,479.3793766,473.2566517,466.6567221
-0.3,420.8534566,585.8933389,456.9920571,499.5976299,545.9015264,532.657624,462.3496016,483.5201033,485.99409,456.2805904,510.3041689,467.3215789,481.5234258,475.7577516,469.0932457
-0.3,423.0230444,588.3226957,460.3240219,503.185375,550.9481307,535.3583895,464.7285536,487.44537,486.7773322,456.8755648,513.2390451,468.9037852,483.663736,478.2272185,471.5227268
-0.3,426.0615558,590.6787351,463.7494483,506.721988,555.8477277,538.08108,467.2422353,491.3441713,488.1103277,457.6681167,516.0586039,470.5380141,485.7919726,480.6471407,473.9561084
-0.3,429.4805306,593.0869971,467.2874199,510.181089,560.4694562,540.7945769,469.8214493,495.2178619,489.3356849,458.6634359,518.7571808,472.1564893,487.8986302,483.0407404,476.3950277
-0.3,431.7983583,595.4147557,470.8233548,513.5150351,564.8940849,543.4745848,472.2896932,499.3835223,490.4890983,459.7009715,521.3317275,473.8234446,489.9734979,485.4528546,478.8326098
-0.3,434.0632493,597.6716266,474.4742854,516.7196786,568.3848918,546.1139104,474.9573671,503.4984648,491.8664118,460.6612895,523.7813407,475.4249686,491.9839947,487.8787335,481.2333564
-0.3,436.2533798,599.866442,478.2436859,519.8002235,572.0469419,546.9107588,477.4025689,507.5659724,493.4729379,461.5931361,526.1085052,476.909493,493.9376417,490.3034015,483.6579451
-0.3,438.4144184,602.0062499,482.1273472,522.690543,575.4129434,546.2144164,479.8287808,511.5871371,495.3819209,462.4857362,528.3212742,478.3271899,495.9404458,492.7191528,486.1114892
-0.3,440.5750508,604.0980807,486.1208923,525.4565021,578.4543597,545.3729355,482.2176188,515.5608021,497.4962765,463.3638789,530.2376364,479.6949558,497.9272251,495.1348933,488.5912037
-0.3,442.7473325,606.1495887,490.222586,528.083041,581.3259888,544.809426,484.5612778,519.4847814,500.1004483,464.4401219,531.1988002,481.0590539,499.8618646,497.5542026,491.0701571
-0.3,444.9428039,608.502655,494.4299228,530.5629185,584.0934473,544.8745965,486.8748137,523.35673,502.726834,465.6422636,533.1404443,482.475236,501.8049147,499.9077825,493.4940713
-0.3,447.1129124,610.8075692,498.7362274,532.9123917,586.2994231,545.5869614,489.1622501,527.1748365,505.2959615,466.9862892,535.1313703,483.8698418,503.7448668,502.2345602,495.9085983
-0.3,449.3157285,613.1008725,503.0678033,535.2047073,588.5101528,546.7599708,491.2737553,530.9365953,507.7055675,468.5345353,537.0320299,485.2906983,505.6306838,504.5826757,498.3139378
-0.3,451.5562836,615.4471845,507.44021,537.4551681,590.7303097,548.6208078,493.3626263,534.6387939,510.1661215,470.2100532,539.0557172,486.713611,507.3937861,506.9292347,500.7213926
-0.3,453.6474461,617.769784,511.9086107,539.6773935,592.9346521,550.8135715,495.6803414,538.2782165,512.6641248,472.0007529,541.1589489,488.1475109,509.1398903,509.2562051,503.1428732
-0.3,455.6663937,620.1685338,516.39089,541.8688233,595.0772721,552.9605718,497.8377513,541.7255694,515.1757961,473.8910034,543.4797581,489.5991788,510.8824382,511.5497753,505.5801219
-0.3,450.926338,622.5624768,520.9605932,544.0493419,597.1129409,554.955323,500.0574433,545.0547961,517.6762059,475.8611116,545.862176,491.0915016,512.650372,513.8002203,508.022708
-0.3,452.8549607,624.9481204,525.5977771,546.2287743,599.0193237,556.9009356,502.5148811,548.3932258,520.144305,477.8439623,548.3691166,492.6382971,514.4463723,516.0031133,510.4561694
-0.3,454.7340529,627.321015,530.2608687,548.4081808,600.8006887,558.7852573,504.7883338,551.4931367,522.5644902,479.8197607,551.0085508,494.2010637,516.2725733,518.1589914,512.8712549
-0.3,456.879413,629.6763522,534.8873047,550.5264659,602.3468271,560.7281103,507.1111606,554.6750678,524.926306,481.8140011,553.6831155,495.7636862,518.132265,520.2504437,515.264807
-0.3,459.0094249,632.0096231,539.4009946,552.6204438,603.7848336,562.6287948,509.5310886,557.8187879,527.2245313,483.8126101,556.4756975,497.3746224,519.9961646,522.2825224,517.6361609
-0.3,461.0614337,634.3173641,543.7240167,554.7075316,605.2074031,564.4831521,511.7943518,560.8428777,529.5902366,485.7944784,559.2298423,499.0010489,521.8920494,524.2727593,519.983796
-0.3,463.023181,636.5970116,547.1201273,556.7856922,606.6064863,566.2480278,513.98375,563.7443475,531.9431654,487.7345315,561.9751254,500.6635622,523.831242,526.2219102,522.3037925
-0.3,464.8930679,638.8464807,550.0696737,558.8046452,607.9140413,567.8249937,516.1661879,566.5224676,534.2368865,489.6683326,564.6946463,502.3684469,525.8124291,528.130696,524.5907064
-0.3,466.6422409,641.0638066,552.8801096,560.7924289,609.282131,569.3603212,518.0964013,569.1803866,536.4843333,491.6537384,567.3656401,504.1118825,527.8300702,530.0004873,526.8383128
-0.3,468.3122817,643.2469607,555.4761282,562.7905797,610.5390612,570.8547117,520.2689075,571.7250989,538.7056857,493.6348837,570.080458,505.8889538,529.8759626,531.8338215,529.0404897
-0.3,469.9056232,645.3941906,557.9626719,564.7926507,611.6316271,572.4323464,522.3438463,574.1663259,540.9201534,495.6200819,572.5627435,507.6953118,531.9404903,533.6344409,531.1894536
-0.3,471.2575345,647.5043472,560.3550981,566.7924767,612.7116841,573.9558569,524.3045638,576.515362,543.055343,497.6210703,574.7481375,509.5273759,533.9832751,535.4069924,533.2208293
-0.3,472.5857256,649.5771678,562.6703958,568.7764031,613.7932936,575.4255904,525.9869772,578.7859116,545.2219036,499.6492004,576.7734716,511.3817781,536.0082837,537.1567472,535.1939394
-0.3,473.9578079,651.6132888,564.9447753,570.6502442,614.8821667,576.722457,527.4032525,580.9947129,547.4604679,501.7129429,578.5254439,513.2543509,537.9964937,538.8891398,537.1085264
-0.3,475.2001946,653.6136803,567.1550508,572.5153505,615.9829098,577.9749287,528.7192341,583.1606913,549.7818182,503.8181015,580.3201103,515.1389659,539.951641,540.6092781,538.9652197
-0.3,476.4955047,655.5800757,569.3042028,574.3739025,617.0981204,579.1298408,529.95315,585.3027137,552.186035,505.9675757,582.1543565,517.027158,541.8619882,542.3212,540.765723
-0.3,477.9285573,657.5156181,571.3941519,576.2222832,618.2275013,580.2524652,531.1308954,587.4371836,554.6651357,508.1607598,584.0230012,518.9091684,543.7163593,544.0272288,542.5129239
-0.3,479.3586395,659.4244565,573.4270664,578.0571959,619.2824925,581.2672426,532.283091,589.5776125,557.2064978,510.3928839,585.9176561,520.7679405,545.5079172,545.7278762,544.2103631
-0.3,480.7591913,661.31117,575.5553662,579.8754904,620.2216598,582.2586793,533.4425125,591.7340692,559.7944123,512.6547059,587.8255216,522.5962346,547.2342652,547.4215064,545.8623013
-0.3,482.1043691,663.179508,577.101723,581.674483,621.4748597,583.1952482,534.5430653,593.9116909,562.4112945,514.9336998,589.7304568,524.3881296,548.8970756,549.1047989,547.4731695
-0.3,483.3728532,665.0316958,578.5976369,583.4384188,622.7065935,584.0562852,535.6864314,596.0972585,565.0257579,517.223511,591.6477836,526.0928656,550.5008864,550.7731484,549.0464636
-0.3,484.5504421,666.868904,580.0646876,585.1736533,623.8326248,584.8929332,536.9128561,598.2329216,567.637372,519.5907878,593.4992107,527.6973923,552.0515604,552.4213351,550.5840782
-0.3,485.6304514,668.6913849,581.5086316,586.8847857,624.9198584,585.6977297,538.2286192,600.3661375,570.231355,521.969687,595.2959927,529.27339,553.5553396,554.0441709,552.0864853
-0.3,486.5476289,670.4981827,582.9349203,588.5618639,625.8418485,586.4981616,539.6319012,602.4804836,572.7636803,524.3484525,596.3454997,530.8246628,555.0190011,555.6374071,553.5532153
-0.3,487.3512449,672.2864368,584.3477715,590.2233142,626.7373589,587.2899906,541.114372,604.5374191,575.2513426,526.7152857,596.7942522,532.3547175,556.4503312,557.1569826,554.9835941
-0.3,488.1494804,674.0511614,585.6925608,591.8934406,627.6160028,588.0635003,542.6090474,606.2650097,577.6998034,529.0582881,596.7606309,533.8653642,557.8577739,558.6388778,556.3765146
-0.3,488.6670687,675.7769393,587.0602723,593.5891831,628.4898972,588.9080961,544.0138979,607.9985635,580.1057217,531.3651852,596.5809382,535.3565322,559.244187,560.0909386,557.7208306
-0.3,489.3700167,677.4101357,588.4460764,595.3275452,629.5057569,589.734979,545.4736726,609.7147138,582.4661575,533.6230461,596.3010526,536.8264019,560.6220438,561.5176888,559.0375844
-0.3,490.0098518,678.9992197,590.0399468,597.0529186,630.5343697,590.5805185,546.9900419,611.413318,584.77772,535.8184685,595.9540062,538.271795,561.997105,562.9252916,560.3344827
-0.3,490.528118,680.5415494,591.5225927,598.8097062,631.4989241,591.4892671,548.564921,613.0741054,587.0368255,537.9396003,595.5533274,539.6893494,563.3723974,564.3208008,561.6212812
-0.3,490.9508507,682.0351666,592.8034734,600.6280812,632.4853599,592.4781153,550.1506855,614.6958199,589.2397528,539.978471,595.1112175,541.0770802,564.7489322,565.7112545,562.9084551
-0.3,491.436714,683.4789593,593.8161392,602.4886257,633.4991585,593.5445842,551.7202336,616.269665,591.3821989,541.9321932,594.6430007,542.3692988,566.1269038,567.1030027,564.1563815
-0.3,491.8808433,684.8737026,594.9924573,604.3598755,634.4593441,594.6553394,553.3346025,617.8347958,593.4504113,543.7854656,594.116322,543.6000046,567.5064181,568.5010578,565.3573781
-0.3,492.2977989,686.1871761,596.1426329,606.2343722,635.4293625,595.7339061,554.9990402,619.1266485,595.3205755,545.534432,593.5581726,544.8104062,568.8876431,569.9087385,566.5475842
-0.3,492.7083615,687.4195728,597.22132,608.0848077,636.4114319,596.8620138,556.6871678,620.4281513,597.1322096,547.2324929,593.1231588,546.0051406,570.2705919,571.284934,567.7125789
-0.3,493.1153001,688.608458,598.1076075,609.8865428,637.3434683,598.0249539,558.3844491,621.9235246,598.9158413,548.889589,592.8518701,547.1872497,571.6543821,572.6472218,568.8953504
-0.3,493.5303519,689.7568702,599.0373405,611.6199661,638.3203042,599.205359,560.0499123,623.3221331,600.6201515,550.4830024,592.6646042,548.358635,573.0365945,573.9959504,570.0938656
-0.3,493.9549766,690.8684879,599.8243632,613.2722069,639.3218155,600.3164929,561.6704389,624.6880256,602.2464402,552.0497366,592.747966,549.5206781,574.4138261,575.290183,571.2906277
-0.3,494.3816839,691.9473663,600.3573788,614.8374594,640.3010166,601.264222,563.2491836,626.1189193,603.8101192,553.6104531,592.9710188,550.6746917,575.7827029,576.5492992,572.5047632
-0.3,494.8282397,692.997486,600.6681225,616.2762412,641.3448973,602.1340011,564.647848,627.4781025,605.3118715,555.1744678,593.2942614,551.8224882,577.1409256,577.7936439,573.6973279
-0.3,495.6121605,694.0224761,600.9822128,617.6403741,642.6623035,602.9676206,565.9653386,628.8097542,606.7536256,556.7492843,593.7076428,552.9672105,578.4875627,578.9862854,574.873882
-0.3,496.4683992,695.0251978,601.1639617,618.9394073,643.9392154,603.7676377,567.1758744,630.1342272,608.1196191,558.3399472,594.2006082,554.1130995,579.8228252,580.1240187,576.0273592
-0.3,497.3975495,696.0082199,601.385851,620.1688041,645.2693719,604.521793,568.1053818,631.4372843,609.4207084,559.8899822,594.7647416,555.2646347,581.1474727,581.2058424,577.0489857
-0.3,498.6834308,696.9638215,600.9982481,621.3424197,646.6526398,605.2416823,568.6476505,632.6911182,610.6827693,561.4676383,595.3935053,556.4216331,582.4620193,582.2445419,578.0662372
-0.3,500.0637489,697.8890651,600.6629779,622.4967201,647.9644134,605.9162843,569.189253,633.9823273,611.9010667,563.0689531,596.6381468,557.5756574,583.7666936,583.2620481,579.0719428
-0.3,501.5455332,698.7978589,600.3256207,623.579517,649.0817535,606.5539144,569.732369,635.2333168,613.08714,564.6659203,596.7206423,558.7385813,585.0617034,584.2530172,580.077252
-0.3,503.1237441,699.6915952,599.9783842,624.642788,650.1838665,607.1481946,570.2672317,636.4085454,614.217472,566.2707779,596.7937722,559.9064465,586.3478153,585.2183573,581.0750362
-0.3,504.7902316,700.5719439,599.6958189,625.6925163,651.262108,607.7033452,570.8089583,637.7891144,615.3424236,567.8753955,596.7968403,561.0727176,587.6260725,586.1495596,582.0649204
-0.3,506.5324739,701.440455,599.2172091,626.7333302,652.133391,608.2616599,571.3580188,639.2012589,616.4535595,569.4737757,596.8211374,562.2293163,588.8969209,587.0506115,583.0470762
-0.3,508.296746,702.2979605,598.7743664,627.7683739,652.8977217,608.7663886,571.8614981,640.6405841,617.5249262,571.0626846,596.9065325,563.3331213,590.1597725,587.9137091,584.0219992
-0.3,510.09523,703.11234,598.4418801,628.7994723,653.4685376,609.2111975,572.3613232,642.0780476,618.6157684,572.6309585,597.2038299,564.4117369,591.4128453,588.7153228,584.9902653
-0.3,511.8942297,703.9209856,598.1838406,629.8281621,653.939648,609.6406871,572.9996867,643.5017726,619.6805259,574.1795405,597.5062823,565.4659848,592.6532538,589.4649918,585.9519741
-0.3,513.6433334,704.7212154,598.0194009,630.8473614,654.2442629,610.0579848,573.6347485,644.9135126,620.7690222,575.6853545,597.7010459,566.5274998,593.8773464,590.1739689,586.9062669
-0.3,515.3087594,705.5099617,597.9560097,631.8715779,654.4168464,610.5013592,574.1533032,646.2355164,621.8594815,577.1309483,597.9703277,567.5761243,595.0816218,590.8463824,587.8506651
-0.3,516.8067919,706.2839582,597.9913073,632.9041697,654.5144302,610.9460214,574.5743927,647.479718,622.9556437,578.5988775,598.3120952,568.5767215,596.2632799,591.4739672,588.744598
-0.3,518.1635571,707.0401326,598.1171328,633.9486905,654.6178475,611.3889504,574.7925461,648.681805,624.0795128,580.0823213,598.5517015,569.4116201,597.4200291,592.0785261,589.5456475
-0.3,518.9396334,707.7702748,598.4704484,635.0280513,654.6779553,611.8035524,574.8180514,649.7071632,625.2120684,581.588007,598.9638046,570.2014201,598.5054748,592.6627418,590.269199
-0.3,519.575152,708.4846857,598.8586535,636.1883456,654.6994412,612.1826375,574.7692325,650.7119559,626.3261026,583.1011404,599.4028685,570.9631311,599.56853,593.183128,590.9190195
-0.3,520.198608,709.1774035,599.2722656,637.3821776,654.6751124,612.5563673,574.7309779,651.6544266,627.4242499,584.6389889,599.911945,571.7045015,600.6074676,593.6072192,591.5636722
-0.3,520.8112898,709.8411074,599.646279,638.6106471,654.7207472,612.9228003,574.6827169,652.5490413,628.5157534,586.197713,600.4679105,572.4183366,601.6203638,594.0394726,592.2099547
-0.3,521.4144531,710.4821094,600.2869187,639.7696455,654.6899344,613.290894,574.6442843,653.2216171,629.5468541,587.7713546,601.0053195,573.1059569,602.6056284,594.4654018,592.8382773
-0.3,521.9462416,711.1084925,600.9833155,640.9534934,654.6861031,613.5817326,574.6165962,653.7064841,630.5562091,589.4007744,601.3633871,573.7570705,603.5628654,594.895461,593.4913394
-0.3,522.4574528,711.70472,601.7253901,642.1290039,654.7529314,613.8536479,574.5999058,654.0150928,631.5410564,590.9946794,601.7694999,574.3603636,604.4927064,595.3173549,594.077592
-0.3,522.9436204,712.2725522,602.4978814,643.2173528,655.1709228,614.1203896,574.5933447,654.3676743,632.4966759,592.5713555,602.2127378,574.9299083,605.3540662,595.7166666,594.5790001
-0.3,523.4128143,712.8288027,603.2799414,644.3033814,655.5747606,614.3830987,574.5946029,654.757336,633.3984303,594.1383957,602.6794202,575.4527552,606.1888722,596.1072849,595.0337106
-0.3,523.8782115,713.3759631,603.970689,645.3829855,655.9588782,614.6447743,574.7094244,655.1722906,634.268567,595.6874247,603.1535258,575.9459247,607.0142057,596.4786667,595.4557909
-0.3,524.3104292,713.9163255,604.2988494,646.4524054,656.347697,614.8017503,574.8675251,655.4853477,635.0526058,597.2100785,603.4594725,576.4186916,607.8313155,596.8315309,595.8520056
-0.3,524.6585091,714.4518578,604.6061452,647.508316,656.7353297,614.9921849,575.0203767,655.9405706,635.7772984,598.6977338,603.5260276,576.8713858,608.6396726,597.125342,596.1695664
-0.3,524.9935807,714.9840927,604.9737703,648.5446044,657.1629238,615.2229541,575.162557,656.391702,636.5517889,600.1415272,603.4784692,577.3045913,609.437669,597.4048963,596.437452
-0.3,524.8939686,715.5671693,605.5453175,649.5442352,657.6267355,615.4989098,575.2103268,656.7535738,637.2678953,601.5328531,603.4833364,577.7196038,610.0898241,597.6467676,596.7031988
-0.3,524.697185,716.1441265,606.1486921,650.5197264,658.0363619,615.8432563,575.2035966,657.0504088,637.9541717,602.8639329,603.4687898,578.1183215,610.6933523,597.7805789,596.8857063
-0.3,524.5423381,716.7116544,606.7630826,651.4684785,658.4387525,616.1106293,575.2002319,657.2955538,638.5425622,604.1286084,603.587648,578.5027847,611.2749787,597.9618449,597.0006299
-0.3,524.4464741,717.2099967,607.3080783,652.3239722,658.849553,616.4360543,575.2018396,657.480978,639.1082126,605.2160047,603.7396744,578.8749766,611.8385071,598.1613725,597.1566237
-0.3,524.4186185,717.6932568,607.841062,653.2187509,659.3197175,616.779328,575.2344932,657.2663781,639.5725766,606.2599569,603.6367493,579.2364954,612.3900808,598.3892047,597.347545
-0.3,524.543714,718.1531298,608.3290313,654.0845747,659.830829,617.02595,575.2392252,656.9777751,639.9842406,607.3375911,603.4206307,579.5883472,612.9306093,598.6647394,597.5521081
-0.3,524.7659832,718.6012017,608.7334686,654.8779014,660.3647344,617.2317232,575.2595755,656.5600303,640.3844753,608.3856723,603.1980658,579.919532,613.4606067,598.9413083,597.7480494
-0.3,525.0550977,719.0364314,609.0228934,655.711748,660.8583776,617.4604317,575.3016062,655.8361793,640.7545299,609.4069171,602.9979929,580.2040431,613.9770032,599.2262442,597.9368301
-0.3,525.3049036,719.4577105,609.0600901,656.5467088,661.3262092,617.7055533,575.3546169,655.1187487,641.098335,610.402906,602.8149911,580.4645995,614.4756346,599.5040417,598.1032311
-0.3,525.5162671,719.8636378,608.8138919,657.3224556,661.7928181,617.959952,575.4509575,654.4354258,641.4286479,611.3738961,602.7335865,580.6975486,614.9696842,599.7412864,598.2819129
-0.3,525.7379609,720.2522308,608.5199581,658.1495239,662.1650227,618.2168155,575.6152956,654.1428637,641.730495,612.3187508,602.6879473,580.9164451,615.4590519,599.8463532,598.4755146
-0.3,525.9500268,720.6210768,608.2597618,658.9861626,662.5619778,618.4848492,575.8264787,654.3824135,642.0327631,613.2652688,602.6155375,581.1365663,615.9042775,599.9560005,598.6828689
-0.3,526.1718218,720.9425861,607.9278264,659.7927798,662.9146776,618.7458207,576.0082955,654.6555653,642.302509,614.0573039,602.6066207,581.3498959,616.3178411,600.0544294,598.9201579
-0.3,526.2085405,721.2023051,607.6014958,660.646342,663.2714148,618.8661087,576.1192425,654.9759556,642.5711838,614.8651458,602.6151682,581.5730598,616.7205907,600.1323428,599.1616811
-0.3,526.1701794,721.4414786,607.2880391,661.5176461,663.6343507,618.9053833,576.1972647,655.2917018,642.8023141,615.6086763,602.6406175,581.7917741,617.1048818,600.1946591,599.3268992
-0.3,526.1739308,721.6608756,606.8995354,662.376841,663.9571387,619.0930457,576.2556431,655.8702844,643.0400148,616.3810061,602.9121876,582.018101,617.4415931,600.2513083,599.4630939
-0.3,526.0574818,721.8713048,606.3325627,663.286541,664.2466457,619.2950163,576.3377384,656.4353251,643.2854979,617.0927097,603.2179642,582.2535314,617.7507516,600.3033324,599.6425598
-0.3,525.8998181,722.0657608,605.7732453,664.2218496,664.4631268,619.4346765,576.4166298,656.8487194,643.4990754,617.7938078,603.4738771,582.5470449,618.0389979,600.4262019,599.7768609
-0.3,525.6176448,722.2569186,605.2352273,665.1687421,664.5549938,619.5626496,576.5054826,657.2447153,643.6682632,618.490001,603.6682054,582.8293496,618.3180643,600.5538561,599.9640769
-0.3,525.2923896,722.4441141,604.7295618,666.1157817,664.2101198,619.7132125,576.6013469,657.6288235,643.9065545,619.1813209,604.1812168,583.1686269,618.5975785,600.6781792,600.1037616
-0.3,524.9605761,722.6265901,604.2656024,667.0879912,663.495591,619.8837663,576.7074312,658.0030835,644.115202,619.8672219,604.6977067,583.4867219,618.8774838,600.7412395,600.2136892
-0.3,524.4967938,722.81782,603.8418268,668.0724569,662.7033071,620.0092266,576.8129385,658.3841975,644.2556238,620.5472987,605.2921611,583.7974042,619.157605,600.8084864,600.3063306
-0.3,524.007995,723.0049221,603.446731,669.0728995,661.7746314,620.1563663,576.9756306,658.7807162,644.4194118,621.17898,605.8752811,584.1026164,619.4421545,600.8806715,600.3820247
-0.3,523.4678501,723.1798888,603.0782725,670.0720324,660.8615469,620.3244047,577.2562473,659.3470872,644.5828504,621.8008597,606.4344248,584.3980594,619.7123808,600.9563731,600.5099478
-0.3,522.9190728,723.2894149,602.7370593,671.0627877,660.0024576,620.5256622,577.5427087,660.272819,644.7408415,622.4334201,606.9364982,584.7185989,619.9397652,601.0379337,600.6298344
-0.3,522.3472662,723.3868706,602.4153554,672.0142051,659.1921954,620.6416995,577.8434155,661.3888798,644.9005862,623.1770802,607.2087583,585.0470273,620.153355,601.1017364,600.7592592
-0.3,521.7186213,723.4340821,602.1104025,672.6485288,658.4711917,620.7544808,578.1478861,662.6198197,645.054157,623.9336508,607.2936306,585.3824606,620.3606372,601.1671196,600.8146759
-0.3,521.1066822,723.4661803,601.5931487,673.2640315,657.8192128,621.050626,578.454341,663.9896725,645.1834791,624.6507182,607.4233316,585.7090134,620.5524185,601.2222408,600.8412742
-0.3,520.6036542,723.4888214,600.5979492,673.8646209,657.2278888,621.4133093,578.6922587,665.3784576,645.3448525,625.2495331,607.4821936,586.0487704,620.7333433,601.2658746,600.8502015
-0.3,520.2468706,723.499849,599.5271295,674.4878174,656.6918803,621.8040958,578.9510408,666.6890596,645.4863698,625.8359772,607.5493536,586.4184964,620.9076568,601.2949949,600.890374
-0.3,520.2424427,723.5017071,598.5193968,675.1086782,656.2153006,622.1116634,578.9465816,667.7376022,645.6583281,626.406886,607.5687901,586.8165098,621.0726551,601.3263824,600.9020352
-0.3,520.569124,723.497951,597.612876,675.5761051,655.8630177,622.4335182,578.8952294,668.6672459,645.8820902,626.9506173,607.6109705,587.1964983,621.2337724,601.3549683,600.8895711
-0.3,520.9736104,723.4893488,596.7821443,676.0273431,655.6186616,622.7666382,578.8202751,669.4458036,646.0850361,627.4886032,607.6985654,587.5401846,621.3840742,601.3686403,600.8325865
-0.3,521.4072375,723.4850451,595.9681237,676.471212,655.3738892,623.0682383,578.722785,670.0393061,646.2853635,628.0039272,607.8575923,587.8828638,621.5303336,601.296031,600.7263103
-0.3,521.8031724,723.4939484,595.2592976,676.9103531,655.2344407,623.3437611,578.6082139,670.2818541,646.5159523,628.4975395,608.0487887,588.1685499,621.6742213,601.2016826,600.5589726
-0.3,522.1213947,723.4785828,594.5731701,677.342292,655.1095311,623.6356635,578.5551479,670.4111173,646.8127954,628.9707612,608.2158827,588.4461265,621.8174632,601.0894247,600.4390001
-0.3,522.1645539,723.4750217,593.9010294,677.7770191,654.9587508,623.8818962,578.48649,670.3332985,647.1149882,629.4249692,608.428761,588.7096219,621.961803,600.9328392,600.3299371
-0.3,522.2003117,723.4145049,593.3352925,678.2164692,654.9875119,624.0757215,578.362117,670.2103833,647.3862563,629.8866609,608.5868856,588.8941398,622.1069065,600.7729063,600.2624127
-0.3,522.2205074,723.3461729,592.8432169,678.7312442,654.9916144,624.2229322,578.2300079,670.051384,647.6166679,630.305739,608.7739689,588.9992027,622.2372854,600.5987537,600.3424812
-0.3,522.2457657,723.2692263,592.3545452,679.2518017,655.0881955,624.3406258,578.0904621,669.880912,647.8384482,630.7079904,608.940972,589.0982699,622.3412625,600.4310083,600.4379013
-0.3,522.320678,723.186649,591.8668766,679.7802733,655.1332762,624.4618592,577.9601043,669.6593651,647.996244,631.083061,609.1346909,589.2002756,622.4558026,600.2601954,600.5783036
-0.3,522.3871018,723.1345626,591.356072,680.3180574,655.2053136,624.6222926,577.845124,669.4558392,648.1355931,631.4399672,609.3247608,589.286002,622.5820572,600.1253028,600.6689624
-0.3,522.5502376,723.0605845,590.8284308,680.8659274,655.2035,624.7664624,577.6760793,669.2437989,648.2655977,631.7753015,609.4948133,589.3653312,622.720158,600.0004022,600.8229197
-0.3,523.066933,722.9771521,590.2842494,681.4244463,655.215227,624.9105163,577.4294467,669.081602,648.3828625,631.9844597,609.6205583,589.4368101,622.8691459,599.906723,601.0124344
-0.3,523.6202642,722.8936838,589.6685366,682.0432815,655.2162694,625.2087463,577.1255664,668.9799286,648.463268,632.2129918,609.742372,589.5050951,623.0270815,599.8403975,601.1549945
-0.3,524.2607283,722.8304848,589.0157395,682.6657524,655.0561794,625.4948872,576.8606445,668.9571701,648.5410303,632.4156995,609.8608967,589.5375819,623.176161,599.8043995,601.1736266
-0.3,524.710403,722.7730554,588.3000537,683.2915987,654.9110718,625.7563306,576.6016363,669.0007818,648.630704,632.545629,610.0161472,589.5709934,623.3307473,599.8104705,601.2258141
-0.3,525.17846,722.6683547,587.6119084,683.8911423,654.7428659,626.0345875,576.3888413,669.4303345,648.7421011,632.6696046,609.9565597,589.5806243,623.4403272,599.7740972,601.2097663
-0.3,525.5840867,722.5723266,586.8882982,684.4858443,654.585048,626.4745866,576.2211409,670.1249432,648.8568436,632.7480228,609.8778974,589.6173602,623.547368,599.7700445,601.2067649
-0.3,526.0265466,722.4779482,586.1288866,685.0772753,654.4538,626.9026397,576.2360517,671.0226896,649.030946,632.8245268,609.7892811,589.6255945,623.6549636,599.7534768,601.2582645
-0.3,526.3484058,722.3682055,585.52502,685.6833087,654.672454,627.3289865,576.3443606,672.042164,649.2182911,632.8320733,609.700187,589.5857747,623.7554413,599.771714,601.3547001
-0.3,526.5998153,722.2754126,584.8897361,686.4533986,655.0043627,627.7452451,576.4625144,673.2201253,649.3919611,632.8560705,609.6187061,589.5277359,623.8510474,599.8019232,601.4918897
-0.3,526.8485213,722.1815289,584.2109211,687.2297363,655.4266791,628.1767616,576.5751576,674.3365195,649.5375756,632.9103352,609.543257,589.455071,623.9427889,599.8209126,601.6445759
-0.3,527.1004623,722.2242363,583.4790168,688.0028561,655.917029,628.5902725,576.69354,675.3294604,649.6682662,632.9278499,609.4720838,589.5061576,624.0289356,599.849347,601.8088084
-0.3,527.3850849,722.440913,582.6895106,688.7634287,656.3715442,628.9270443,576.7195348,676.2580334,649.80225,632.938908,609.4538329,589.5598074,624.1077224,599.8857026,601.9803505
-0.3,527.7559992,722.679681,581.8422166,689.3874867,656.7184317,629.1071107,576.6578992,677.0789694,649.928105,632.9836788,609.4472964,589.6341748,624.1645181,599.8863853,602.2220773
-0.3,528.1350683,722.9949159,580.9393455,690.0347047,656.8406205,629.2790403,576.5073755,677.529976,650.0490042,633.0266753,609.4501213,589.7156789,624.2128039,599.905606,602.408047
-0.3,528.5107509,723.2316025,579.9829992,690.6964638,656.7251085,629.3883374,576.3260725,677.7815358,650.1488532,633.0534137,609.4802691,589.809724,624.2505152,599.834044,602.4031274
-0.3,528.9056436,723.4305509,578.9351331,691.3722317,656.5462505,629.4147927,576.1448886,678.0160346,650.2445773,633.0312909,609.6060153,589.8492398,624.2704052,599.7314978,602.2885516
-0.3,529.2143399,723.6319354,577.8459259,691.916688,656.4513352,629.4520628,576.0249187,677.8422321,650.3444401,633.0197377,609.7253095,589.844367,624.2814144,599.573658,602.1657798
-0.3,529.5517699,723.8198725,576.7193453,692.4938711,656.3510114,629.4357279,575.8956431,677.7114736,650.4458547,632.9883809,609.8906845,589.8711739,624.2838224,599.4037383,602.0766371
-0.3,529.9061598,723.9889844,575.5637569,693.1027332,656.3107595,629.5638205,575.6777537,677.3834252,650.5493509,632.95889,610.0309767,589.9010909,624.2779224,599.2078591,602.0150234
-0.3,530.2608261,724.1354093,574.4411919,693.7308343,656.277906,629.6957836,575.5929942,677.1367373,650.700891,632.9455776,610.0627897,589.9338707,624.2640627,598.9615712,601.9540833
-0.3,530.4419528,724.2481089,573.265335,694.275165,656.3056687,629.8337564,575.4753756,676.9900716,650.8023883,632.9415299,610.1237779,589.9690228,624.2600013,598.6915897,601.8999544
-0.3,530.7402789,724.3314668,572.0525247,694.8196409,656.4990438,629.8717732,575.3287143,676.907879,650.8103174,632.9471268,610.2100147,590.0059863,624.2435976,598.4097986,601.8406938
-0.3,530.9343871,724.4117972,570.797763,695.3562348,656.5705689,629.9133131,575.2149114,676.6620909,650.7958602,632.8641494,610.2203824,590.0590344,624.2463639,598.1155523,601.7783451
-0.3,530.91493,724.4763025,569.5151181,695.8759231,656.6834509,629.9387031,575.0401801,676.5221722,650.7571331,632.6561327,610.2401958,590.1537793,624.2615283,597.8196577,601.7276075
-0.3,530.6596832,724.536492,568.2219332,696.37618,656.7959638,629.9229819,574.8234689,676.3563567,650.6941869,632.6651735,610.263053,590.2537342,624.2274767,597.5369216,601.7142737
-0.3,530.3848442,724.6599672,567.0754525,696.8525159,656.8788896,629.9130619,574.5880868,676.187343,650.6512236,632.720342,610.2813921,590.3565646,624.1794036,597.2869977,601.7169932
-0.3,530.1431495,724.7347967,565.9710686,697.3061791,656.9590289,629.9094156,574.4378673,676.0043024,650.5716715,632.8310544,610.2869727,590.4591445,624.1161545,597.0046639,601.6137328
-0.3,529.8925509,724.8501096,564.9223446,697.7481914,657.0282971,629.9126544,574.352373,675.8009154,650.4823922,633.0187005,610.2383626,590.4964799,624.0344041,596.6976316,601.5157627
-0.3,529.6096123,724.9785148,563.9736632,698.0507533,657.0790497,629.9238278,574.251169,675.6042621,650.3982869,633.2752401,610.0841676,590.5308684,623.9466448,596.3959658,601.3692036
-0.3,529.3248963,725.1158387,563.1329687,698.4559676,657.106281,629.8823978,574.1069896,675.1557845,650.3307162,633.5631398,609.8913699,590.4997427,623.8545291,596.1098836,601.2568619
-0.3,529.0419129,725.258264,562.6613907,698.8405283,657.1079949,629.8719172,573.9701273,674.4364749,650.2888224,633.8479181,609.7810569,590.5075041,623.7582977,595.8567633,601.1587265
-0.3,528.7629704,725.4074678,562.3993088,699.2009577,657.0926168,629.8937843,573.8557608,673.5971222,650.2431715,633.8531102,609.6367296,590.5141442,623.6543338,595.6676878,601.0813663
-0.3,528.6141647,725.5427343,562.1731315,699.4974954,657.0460938,629.870399,573.7210428,672.7129842,650.2133141,633.81584,609.4983906,590.5069608,623.5395336,595.4923691,601.0240593
-0.3,528.5097355,725.6707973,561.9855713,699.7259143,656.9152679,629.8316352,573.5693987,671.7981403,650.1705856,633.7793668,609.4026391,590.5196772,623.4164027,595.3310966,600.9738337
-0.3,528.5879721,725.7378285,561.7918856,699.7515782,656.7420509,629.8347093,573.4050373,670.9028123,650.1800582,633.7460499,609.2500592,590.5344758,623.3521656,595.1671079,600.914969
-0.3,528.785941,725.7960411,561.6324618,699.833019,656.49803,629.8562766,573.4046503,670.3940364,650.1926458,633.720018,609.0081194,590.549442,623.2755,595.0081736,600.8589583
-0.3,528.7879962,725.8634674,561.4955146,699.9271678,656.2410408,629.9215895,573.3997524,669.9179299,650.1663053,633.7368721,608.7326829,590.5643687,623.1839604,594.8999627,600.8082335
-0.3,528.7697622,725.9690002,561.5685819,700.0106181,655.9771392,630.0610325,573.3788102,669.8513243,650.0714481,633.7551659,608.5164761,590.5786872,623.0848913,594.8017536,600.7771083
-0.3,528.8580599,726.0751658,561.6772972,700.0824858,655.6839218,630.273931,573.3047744,669.7460824,650.1662903,633.7402174,608.2905631,590.5848354,622.9796334,594.7480435,600.7472266
-0.3,529.0250933,726.2066324,561.5150199,700.1793758,655.490721,630.5114826,573.3004633,669.6199798,650.2492519,633.7305123,608.0805403,590.519298,622.8681208,594.6958723,600.7607304
-0.3,529.3048489,726.3220955,561.4438262,700.2657335,655.2900679,630.7514343,573.2477979,669.4973372,650.3388262,633.714836,607.9373272,590.4539571,622.7506711,594.6406275,600.743276
-0.3,529.705473,726.4527102,561.4164707,700.3516958,655.1182929,630.9405108,573.1250793,669.3176446,650.4267975,633.6920487,607.8343712,590.389853,622.6279651,594.5803369,600.6221966
-0.3,530.163149,726.5789049,561.4327277,700.4495683,654.9512438,631.0028938,572.9806082,668.9752498,650.5075294,633.6614404,607.7548703,590.372052,622.50103,594.534789,600.482015
-0.3,530.5939036,726.699674,561.8277565,700.556541,654.8217158,631.0824817,572.8301442,668.7682685,650.5777327,633.6229579,607.6539838,590.3694247,622.3708928,594.535788,600.3037056
-0.3,531.0983944,726.8053957,562.2630952,700.7099636,654.7296408,631.0406895,572.6893404,668.7366949,650.6362012,633.1996828,607.6500166,590.3609862,622.2382084,594.5433612,600.1069792
-0.3,529.7512214,726.9056829,562.7185275,700.872552,654.6124494,630.9705321,572.5720877,668.7630148,650.6363805,632.7543983,607.7070347,590.3356195,622.0697274,594.5414095,599.891868
-0.3,529.5022909,726.9959409,563.1746108,701.0462498,654.5105387,630.9032336,572.4811096,668.9321406,650.6200889,632.2834439,607.7358929,590.2454008,621.8921359,594.5300489,599.6326268
-0.3,529.3092022,727.0396676,563.2849223,701.0325848,654.400205,630.9062229,573.5910654,669.3319233,650.6122436,631.8204751,608.2541075,590.1502311,621.7058097,594.5262823,599.3587781
-0.3,529.1345167,727.0779533,563.4134666,701.0487042,654.3131157,630.9556844,573.589624,669.7623156,650.6171426,631.3813003,608.2846386,590.0499418,621.5064533,594.5151347,599.07165
-0.3,528.9268692,727.1066569,563.5563968,701.1293048,654.2254302,631.0599337,573.6083381,670.4699702,650.6471408,630.9702374,608.2543051,589.9498144,621.2846313,594.4732609,598.764499
-0.3,528.6097749,727.1259835,563.7044154,701.2498102,654.1077095,631.2246572,573.6519274,671.442536,650.6826414,630.5722193,608.1859845,589.8449234,621.0588655,594.4009647,598.4898759
-0.3,528.2890136,727.1456362,563.534868,701.4331134,653.9922,631.529412,573.7326887,672.6478219,650.7188608,630.0568068,608.1393454,589.6825442,620.8299997,594.2486291,598.1754801
-0.3,527.9872836,727.1649045,563.3020633,701.7399355,653.9385642,631.8822209,573.9212894,673.9219995,650.7530311,629.5413406,608.146712,589.508769,620.5985746,594.0375664,597.763782
-0.3,527.7382492,727.1975286,563.084753,702.0569544,653.9449496,632.291669,574.1326844,675.2098985,650.7726652,629.0538645,608.1712886,589.290454,620.3642365,593.837684,597.3521412
-0.3,527.6898316,727.2410809,562.8908869,702.3810757,653.8964246,632.7266206,574.3413845,676.229023,650.7713135,628.8510073,608.1473708,589.0354717,620.1150915,593.6569861,596.9955739
-0.3,527.4497273,727.2750894,562.7311006,702.7107355,653.8499638,633.214399,574.5527689,677.0155308,650.767776,628.656859,608.1133333,588.7657557,619.8643404,593.5178604,596.6508292
-0.3,527.2478339,727.3265884,562.5971573,703.0346838,653.8869131,633.7036544,574.7208262,677.8166669,650.7614073,628.5048797,608.0884423,588.5426219,619.6129061,593.4660263,596.3635993
-0.3,527.0694629,727.3156562,562.4703042,703.3459578,653.9040345,634.2462044,574.8739789,678.4458116,650.767853,628.3464926,608.1338125,588.4080651,619.3622045,593.4145549,596.10007
-0.3,526.8950681,727.2797938,562.364213,703.5909271,653.9458734,634.7713822,575.0228572,678.7777023,650.7563068,628.3209548,608.155181,588.1990851,619.1134922,593.3874852,595.832853
-0.3,526.7218256,727.1962566,562.1918528,703.8159264,652.1784307,635.2777262,575.1748747,679.1179058,650.7693145,628.2551208,608.2233248,587.9839601,618.86734,593.3688317,595.5707813
-0.3,526.5414101,727.103307,561.9846167,704.0189951,652.1426235,635.7443931,575.0801484,679.3139156,650.6858988,628.1633441,608.3110662,587.7750337,618.623544,593.3584228,595.3470102
-0.3,526.3678073,727.0277647,561.7845705,704.2370891,652.089426,636.1173729,574.9437571,679.5314252,650.585375,628.0536459,608.4148799,587.6026855,618.3811912,593.3630154,595.1229843
-0.3,526.1923854,726.9671287,561.5862948,704.4369493,652.0701313,636.490168,574.7681228,679.6870816,650.4613657,627.8868589,608.5196053,587.424958,618.1389975,593.373543,594.9474989
-0.3,526.006589,726.9127957,561.3835994,704.6600209,652.0787562,636.7208421,574.5709246,679.7069962,650.3467781,627.7078122,608.6264002,587.1891101,617.8939062,593.3823314,594.7991976
-0.3,525.8228526,726.8685263,561.027294,704.98378,652.1943321,636.8826475,574.3155965,679.6434152,650.2350426,627.5112256,608.6893541,586.9322905,617.6456393,593.4514548,594.676306
-0.3,525.5884411,726.8464768,560.782738,705.2006027,652.3164535,637.0891935,574.0826565,679.4739997,650.1205638,627.2889483,608.7229833,586.6771009,617.3790636,593.5182055,594.5752102
-0.3,525.3562965,726.8197001,560.4581067,705.4047991,652.4449557,637.264408,573.8723022,679.2048454,650.0132009,627.2609541,607.7858367,586.4131578,617.0957621,593.573148,594.6352823
-0.3,524.8426123,726.7980005,560.1854987,705.5983309,649.2949643,637.4912965,573.6289068,678.5654535,649.9407843,627.3296158,607.6473177,586.1542804,616.8190186,593.6335139,594.7318104
-0.3,524.3333819,726.7750998,559.7972617,705.7638771,649.2199115,637.7220041,573.5083848,677.8160376,649.8757258,627.3777301,607.4469549,585.9206071,616.5487672,593.7392603,594.8576575
-0.3,523.7457941,726.7570321,559.3025016,705.9246242,649.0898256,637.994741,573.3759751,676.9894317,649.8765246,627.0571514,607.2674956,585.7541353,616.2846915,593.8753674,595.0041451
-0.3,523.0728784,726.7227772,558.8103612,706.0947255,649.0052124,638.2075811,573.1965511,675.6050285,649.9019271,626.4167933,606.9865342,585.6044416,616.0263244,594.0099172,595.1468687
-0.3,522.4011025,726.7101404,558.4142181,706.2159152,649.7657216,638.4420915,573.0635669,674.2142245,649.9350024,625.8048563,606.8279574,585.4668034,615.7760459,594.1350205,595.2803088
-0.3,521.7425858,726.6546724,558.1573363,706.3484121,649.6721916,638.7406366,572.7721108,672.9668736,649.9616739,625.1855207,606.6924443,585.3536808,615.562667,594.2724866,595.3935805
-0.3,521.1033648,726.5650534,557.9522232,706.4899444,649.5811451,638.8950781,572.3249625,671.5843786,649.965429,624.5506834,606.4985182,585.2599097,615.3452388,594.3433364,595.4762683
-0.3,520.4847223,726.4671417,557.6872542,706.6412179,649.4480205,639.016976,571.9054036,670.4521065,649.9223469,623.9285625,606.2569602,585.1179954,615.1281237,594.3902364,595.5476771
-0.3,519.9039868,726.3696994,557.5105466,706.8217212,649.3364845,639.1080828,571.479185,669.3495574,649.8886959,623.3323218,606.0029443,584.9633077,614.9094661,594.4336394,595.5936249
-0.3,519.3991478,726.2774441,557.2932315,706.9246697,649.1412689,639.268262,571.0990705,668.3279754,649.8599701,622.606444,605.6907221,584.8206874,614.6849058,594.4813267,595.6105109
-0.3,518.908103,726.1020992,557.0867147,707.0301264,648.9301114,639.4017341,570.8343538,667.467358,649.8044278,621.9383445,605.385209,584.6756566,614.4646647,594.5480316,595.5808017
-0.3,518.42283,725.8951034,556.8243657,707.153305,648.5796214,639.5043695,570.5828766,666.6913877,649.7441708,621.6982678,604.9111686,584.5368351,614.2294258,594.6174043,595.5414452
-0.3,517.9597519,725.6819884,556.631779,707.3261064,648.1724054,639.6395232,570.3065746,666.034966,649.679037,621.4638241,604.4738846,584.4066686,613.9688851,594.6854701,595.4875857
-0.3,518.0913907,725.4551795,556.455651,707.4623199,647.660695,639.7136501,570.0771941,665.6234568,649.5887478,621.2377024,603.9523835,584.2810758,613.701141,594.7501423,595.4225938
-0.3,518.2960852,725.2183816,556.3242426,707.6298969,647.0109376,639.8462708,569.9750806,665.2734028,649.4879092,620.9656199,603.4590986,584.1652865,613.4262428,594.822976,595.3610684
-0.3,518.4102617,724.9742524,556.0919764,707.7508535,645.5766875,639.9368078,569.8792629,664.8947029,649.394401,620.6891555,603.0534787,584.058595,613.1321076,594.8447364,595.3173662
-0.3,518.4093198,724.7236511,555.8565373,707.6944116,644.0051217,640.0370442,569.7726183,664.1880655,649.3033023,620.4755389,602.6293409,583.959398,612.8293722,594.8540723,595.2191453
-0.3,518.3309408,724.4726756,555.5419623,707.7702558,642.9585842,640.0302343,569.6684369,663.8055205,649.1885793,620.2642626,602.1178499,583.8621888,612.5339756,594.8770187,595.1021706
-0.3,518.2138801,724.2039006,555.4534808,707.8207567,641.841773,640.0441961,569.57832,663.5724075,649.0440153,620.0456353,601.5614595,583.7739742,612.2293711,594.9423172,594.9568905
-0.3,518.3709848,723.9452206,555.3613369,707.8878881,640.112527,640.0576051,569.528982,663.2036668,648.9090999,619.8348461,601.0218097,583.6201297,611.9269891,594.9854517,594.8072447
-0.3,518.4612046,723.6785548,555.2988811,707.9446034,638.1601772,639.9028818,569.5096794,663.0704896,648.742873,619.6239693,600.4937636,583.4372193,611.6385324,595.0302937,594.6613099
-0.3,518.4936307,723.4113317,555.2497146,707.9590939,636.1929874,639.7111607,569.5039189,663.2266532,648.6209017,619.3854417,599.9837114,583.2581462,611.3527142,595.0756611,594.5222715
-0.3,518.4763713,723.1340144,555.147823,707.955116,634.3211039,639.5179453,569.4810527,663.5977092,648.4875088,619.088309,599.4970032,583.087295,611.0713167,595.1493819,594.3404379
-0.3,518.3598318,722.8517638,555.0644702,707.9560554,633.1406107,639.2894213,569.4472815,664.0649747,648.3737543,618.9861823,598.9111304,582.9259376,610.7761608,595.2223463,594.1828424
-0.3,518.2250413,722.5734189,554.888024,707.9056601,633.016241,639.0078608,569.4613396,664.5104328,648.2585649,619.0242098,598.2938113,582.767633,610.4238165,595.2923796,594.0977317
-0.3,518.0493547,722.2938288,554.6916039,707.8805504,632.7915728,638.730578,569.4434549,664.9684907,648.1626767,619.0840678,597.6896098,582.6283025,610.0155598,595.3209547,594.0483678
-0.3,518.1357148,722.0184489,554.4296971,707.8405033,632.3559237,638.4919358,569.4716001,665.2630143,648.0277113,619.1316603,597.1466776,582.5042628,609.6094496,595.3385722,594.0028843
-0.3,518.2359591,721.7485975,554.1003789,707.749168,632.2342498,638.2003914,569.6935464,664.9743769,647.8973657,619.1892026,596.6175665,582.3763376,609.2070066,595.2013608,593.9838874
-0.3,518.2905002,721.4889636,553.7052106,707.2541735,632.0125447,638.0791096,569.9435818,664.6101669,647.7832115,619.3269858,596.107416,582.2485871,608.7825503,595.0833338,593.8743165
-0.3,518.3204697,721.2400765,553.2560374,707.2796982,631.8104226,637.8342265,570.2163949,664.3930272,647.704871,619.6211296,595.5113099,582.1215895,608.3561755,594.9432498,593.6888202
-0.3,518.2820439,721.0038407,552.8021737,707.3607383,631.6827577,637.554122,570.4593492,664.1961683,647.6110297,619.9617978,594.9300099,581.9958985,607.9352434,594.7487575,593.4914029
-0.3,518.4365544,720.821486,552.3568199,707.5482449,631.6018883,637.2953041,570.6728802,663.7660509,647.4689498,620.2434564,594.4061788,581.8804714,607.5202967,594.5497149,593.3110698
-0.3,518.7471124,720.6845242,551.9385132,707.7522115,631.8018548,637.0942406,570.9152238,663.1428746,647.3328828,620.5270468,593.8890493,581.8039647,607.1106547,594.3529524,593.0772303
-0.3,519.0309814,720.5324425,552.014952,707.960971,631.8090093,636.9814284,570.889457,662.3493433,647.2189837,620.9103321,593.3216212,581.7063383,606.7047347,594.1552514,592.8569173
-0.3,519.3205679,720.3846871,552.09458,708.1590925,631.6999981,636.8002072,570.7296925,661.7605247,647.1028137,621.1045684,592.6961375,581.6064817,606.3005677,594.0076733,592.6636811
-0.3,519.6595084,720.2440671,552.1702627,708.3597643,631.6568928,636.6683444,570.6237431,661.0639532,646.9933449,621.0932524,592.0388994,581.5160337,605.8759411,593.9961921,592.4522285
-0.3,519.8069801,720.1129182,552.2331041,708.5497847,631.6216174,636.5262478,570.4644211,660.3907019,646.8834582,621.0790343,591.3568943,581.4217606,605.4018258,593.9782575,592.2534885
-0.3,519.9378215,719.9686915,552.3118758,708.6923215,631.6235348,636.5264425,570.3129465,659.6628357,646.7796917,621.0616089,590.7104005,581.3383378,604.9101363,593.9638677,592.0766213
-0.3,519.956312,719.8188356,552.3770526,708.8263964,631.1882793,636.5288613,570.1198421,658.9431197,646.6728624,621.0666116,590.0992114,581.2561548,604.399328,593.9167005,591.9106883
-0.3,519.9528449,719.6736013,552.2839722,708.9397396,630.2993715,636.5174187,569.8869811,657.8980597,646.5784311,621.0563044,589.5004052,581.0941609,603.8728472,593.7971356,591.7567178
-0.3,519.9674053,719.5640957,552.1114983,709.0169838,629.2418306,636.5464693,569.6774801,656.9253264,646.4981107,621.0686665,588.9806133,580.9435268,603.3250552,593.6552981,591.6166076
-0.3,520.0600093,719.494879,551.9117995,709.1068942,628.0832236,636.7769377,569.4964699,656.0276516,646.3948641,621.0013734,588.4673834,580.8059244,602.7630496,593.5259074,591.3674042
-0.3,520.1680491,719.4278991,551.5608995,709.2474008,626.8068979,637.0226727,569.3461868,654.8533444,646.2770219,621.0219301,587.9483186,580.6850208,602.1873002,593.3676004,591.0824539
-0.3,520.2782919,719.4276871,551.1538299,709.3874454,625.2640082,637.2487213,569.1364855,653.7047048,646.1166573,620.9252881,587.4302872,580.5702086,601.6008205,593.1948724,590.7580155
-0.3,520.4400754,719.3955368,550.7011173,709.535374,624.0332543,637.4806479,568.9561358,652.7529228,645.927649,620.7950721,586.9072388,580.4751568,601.0078364,593.0322761,590.5313287
-0.3,520.7079527,719.3522581,550.874421,709.6109457,623.6333406,637.7066735,568.8424534,651.8235725,645.7715565,620.6987691,586.3919018,580.4146764,600.4002134,592.8997751,590.3079557
-0.3,520.9432695,719.2853527,551.1164087,709.6754587,623.0309652,637.85714,568.7529805,651.0180734,645.6125441,620.6571984,585.9358659,580.2837694,599.7154375,592.7978391,590.0694053
-0.3,520.9664514,719.2180572,551.4009131,709.7321165,620.3867116,637.9619752,568.7332184,650.2780071,645.4489864,620.7144617,585.5020718,580.1773643,599.0367512,592.8201665,589.8487708
-0.3,520.8516767,719.151487,551.6905638,709.8246814,618.6325712,638.0684313,568.7421637,649.5726165,645.2897998,620.7283213,585.0620356,580.0641488,598.3666068,592.8995124,589.7142352
-0.3,520.5490496,719.0754849,551.9437968,709.8892259,617.2818877,638.1499073,568.7588115,648.9004263,645.1562479,620.660907,584.667158,579.9675116,597.7076206,592.9708065,589.5733377
-0.3,519.8197061,719.0006716,552.1267115,709.9212732,616.1398769,638.3018663,568.8198701,648.5024336,645.0727424,620.3937883,584.3106481,579.8687184,597.0625284,592.9991212,589.4215126
-0.3,518.9964668,718.9298281,552.2203537,709.9389902,615.1805522,638.3665606,568.6742842,648.120815,645.0035249,620.1224855,583.9799426,579.6941081,596.4336623,592.890312,589.1785843
-0.3,518.0872162,718.8645146,552.0722816,709.9886543,614.3454842,638.3084768,568.4951945,647.8723568,644.970772,619.8482356,583.7252688,579.5193878,595.8212027,592.7770655,588.9616947
-0.3,517.1811257,718.8823921,551.4043633,710.0730915,613.5957413,638.30956,568.3235836,647.5981354,644.9452573,619.6311158,583.5782396,579.3504766,595.2245698,592.6511595,588.740582
-0.3,516.2821451,718.9048941,550.5639684,710.190135,612.8294235,638.3054309,568.1639361,647.5947835,644.9184532,619.4138608,583.4273513,579.1885257,594.6438847,592.5666234,588.5971583
-0.3,515.4087819,718.9316029,549.7396383,710.3265578,611.98366,638.2625307,567.991446,647.5438457,644.8947363,619.1891504,583.310797,579.0343321,594.0460814,592.4993991,588.4672242
-0.3,514.7015353,718.9874101,548.9378217,710.4799989,611.2348325,638.2163291,567.7261759,647.5076798,644.8667952,618.9597772,583.2855988,578.8878833,593.4323594,592.44864,588.3290765
-0.3,513.9841495,719.0603663,548.1521699,710.6382392,610.6348127,638.141514,567.4596624,647.5688234,644.8343348,618.6506468,583.2689619,578.7456822,592.8249358,592.4389957,588.1995251
-0.3,513.2293205,719.141389,547.3554628,710.7200157,610.9709224,638.0860772,567.2471292,647.5847144,644.7857125,618.3441803,583.2821179,578.5578645,592.2243371,592.4517753,588.0697236
-0.3,512.3478132,719.2194764,546.5879595,711.212892,611.4751026,638.0279685,567.0350562,647.5783424,644.7112459,618.0425308,583.2315678,578.3617289,591.5735882,592.4725795,587.9389152
-0.3,511.3124876,719.2982609,545.8828946,711.2759112,612.1227025,637.9106163,566.8519032,647.3447127,644.6185015,617.7358245,583.1617709,578.1661071,590.9232749,592.497323,587.820647
-0.3,510.2300087,719.3737107,545.2424839,711.3430511,612.9212032,637.8235345,566.8183431,647.0931533,644.5154586,617.4198175,583.0745656,577.9504273,590.277055,592.5419982,587.8152254
-0.3,509.0312278,719.4464063,544.6204993,711.4612919,613.8344392,637.7365391,566.8952402,646.9524318,644.4086185,616.8106003,583.0289982,577.7373834,589.6361611,592.5715577,587.7653295
-0.3,507.7778744,719.498433,544.0186925,711.5948251,614.8429226,637.6385884,566.9733397,646.7776058,644.3509171,616.1517769,582.9421914,577.5270431,589.0027092,592.4593768,587.7902348
-0.3,506.5463036,719.5119023,543.2713285,711.7563447,615.9087753,637.5855548,567.0753374,646.4760251,644.2537322,615.4858484,582.8740634,577.3858649,588.3796221,592.340276,587.8190956
-0.3,505.3520932,719.5202697,542.2862346,711.8941911,616.98925,637.590368,567.154592,646.2089305,644.1226985,614.8221988,582.8730526,577.2837252,587.7698799,592.2441684,587.817488
-0.3,504.2070377,719.5135255,541.036351,712.0011995,618.048202,637.6498535,567.2391737,646.1540659,643.9795691,614.1794667,582.8108652,577.1991462,587.1754698,592.1700998,587.8722492
-0.3,503.1473203,719.5187706,539.6258918,712.1049455,618.8608637,637.7446784,567.3257431,646.1523567,643.8262036,613.8023275,582.7803182,577.1523138,586.5967094,592.1895942,587.9197314
-0.3,502.3292872,719.5300241,538.1629848,712.2070437,619.6122356,637.8393513,567.425895,646.1157196,643.665431,613.442639,582.7521974,577.0942786,586.032108,592.1978503,587.9971481
-0.3,501.6150124,719.685353,536.6804351,712.3096971,620.4823947,638.0208314,567.4604861,646.0058161,643.5003723,613.0999655,582.7114404,577.0293153,585.4790078,592.2485825,588.0918896
-0.3,500.9099955,719.8705843,535.1690673,712.3563945,620.6801526,638.1479547,567.4475001,645.873825,643.3336691,612.7651672,582.5967723,576.959019,584.9349364,592.3198266,588.1831496
-0.3,500.3461579,720.0818338,533.6684719,712.3994094,620.5094575,638.161023,567.4180718,645.7123153,643.1758158,612.4395431,582.4546734,576.8820423,584.3988652,592.4116952,588.3098706
-0.3,499.7661052,720.3095468,532.1557909,712.5070848,620.306754,638.2027332,567.4018529,645.6994119,643.0289662,612.1035441,582.2786863,576.8048829,583.8715444,592.5013639,588.3929233
-0.3,499.220114,720.5506515,530.698715,712.6131083,620.0356376,638.2351653,567.4787466,645.6589179,642.8928431,611.8381369,582.0654797,576.7184084,583.3548132,592.5906125,588.5696065
-0.3,498.5647778,720.8013998,529.3206734,712.6500381,619.7391224,638.2851576,567.7468142,645.4897092,642.7693775,611.5675788,581.9597787,576.6293549,582.8657465,592.6751072,588.6905018
-0.3,497.7787043,721.0559104,527.9857812,712.6342653,619.4034225,638.3244261,568.1055804,645.3816645,642.6733532,611.2160369,581.7348204,576.5403063,582.3891005,592.7442342,588.8345132
-0.3,497.0488827,721.2947183,526.7036608,712.6209751,619.0229873,638.2204994,568.4443069,645.2338141,642.6015771,610.8536875,581.521109,576.4886721,581.9222124,592.8575944,588.9401366
-0.3,496.3058088,721.5240965,525.5118356,712.5946492,618.5668397,638.1160761,568.7352773,645.2775093,642.5250491,610.4840791,581.2793228,576.5401046,581.4632645,592.9907851,588.9688682
-0.3,495.6624235,721.7361135,524.3842496,712.5765066,618.0733901,638.0480912,569.1086926,645.3575346,642.456028,610.1079765,580.9613185,576.6402116,581.0126879,593.1326825,589.0961512
-0.3,495.0370887,721.9416309,523.2695776,712.5863894,617.552795,638.1244855,569.4404518,645.5856175,642.4035708,609.7767324,580.6869641,576.675928,580.5656315,593.3089776,589.0854927
-0.3,494.5256264,722.1366615,522.2275522,712.4358077,617.0164918,638.2306362,569.5706161,645.9440656,642.3660426,609.5885086,580.5085718,576.7146031,580.1306127,593.511935,589.0966244
-0.3,494.2169075,722.3043556,521.2155452,712.2288429,616.3485754,638.3609542,569.701843,646.5631739,642.3423859,609.405658,580.3408454,576.7551784,579.6976528,593.70722,589.0736174
-0.3,493.8886066,722.3138781,520.1365115,711.940665,615.8202399,638.4691118,569.714763,647.0028818,642.3179774,609.2322844,580.1781209,576.8100562,579.2591374,593.859737,589.0661692
-0.3,493.560956,722.2654618,519.1244942,711.6231841,615.315093,638.4546815,569.6897619,647.4952259,642.2410292,609.0397302,580.0134734,576.8648411,578.8278554,594.0060262,589.0738611
-0.3,493.1668395,722.2151391,518.1084529,711.2917827,614.8398551,638.4414116,569.5957922,648.0530859,642.1729399,608.8680931,579.8239997,576.917964,578.3908377,594.1678102,589.0807695
-0.3,492.8041323,722.1622903,517.0733825,710.9533831,614.5802248,638.4393407,569.350265,648.4445802,642.1059973,608.7480469,579.4555518,576.9809171,577.9418604,594.3343561,589.1467492
-0.3,492.4685745,722.1364259,515.99611,710.6220744,614.3704417,638.4364017,569.0948719,648.6089517,642.0653946,608.6487484,579.0590559,577.0411389,577.483546,594.5027879,589.2837054
-0.3,492.2223802,722.1115322,514.9438758,710.3122575,614.1772202,638.27903,568.8008422,648.6062941,642.0296506,608.5978573,578.6046534,577.0973328,577.017238,594.6719943,589.4199978
-0.3,491.815712,722.0869944,514.0007926,710.0376433,614.1397342,638.0418534,568.4934463,648.6974093,641.9892254,608.5402905,578.097924,577.1464675,576.5404402,594.839834,589.5462645
-0.3,491.418251,722.0634539,513.0607879,709.8748202,614.1288208,637.7472349,568.1103722,649.1968436,641.9462366,608.4772307,577.5499511,577.1764957,576.0488504,595.0049142,589.6856516
-0.3,491.0284842,722.0283894,512.164398,709.8761255,614.1425928,637.471763,567.7185888,649.7049124,641.9024674,608.3972703,576.9470885,577.210533,575.5502791,595.1336797,589.8470937
-0.3,490.5842345,721.9931139,511.2641925,709.8992871,614.1257827,637.2159779,567.3108878,650.2620214,641.8599883,608.2982191,576.2576098,577.1909212,575.0429139,595.2335055,589.9560077
-0.3,490.1780765,721.9507788,510.3747173,709.9494499,614.0773157,636.9653149,566.5850552,650.7123837,641.8179003,608.2020637,575.5941709,577.0373124,574.5156336,595.2246687,589.9168845
-0.3,489.8167952,721.9509861,509.5019183,710.0213458,614.0011019,636.7405075,565.8855673,651.0914464,641.7899203,608.1077932,574.9203509,576.8773103,573.9739991,595.2032202,589.7966588
-0.3,489.9630864,721.9478577,508.6000508,710.0750463,613.8836434,636.7705295,565.1767822,651.1223151,641.7654675,608.0552969,574.239746,576.7274817,573.4361325,595.1748291,589.7788219
-0.3,490.2403246,721.8641808,507.7475702,710.1305487,613.6555658,636.7251753,564.4709649,650.890897,641.6547701,608.0186946,573.5997101,576.695814,572.904835,595.1443331,589.76084
-0.3,490.6303919,721.7782083,506.9092396,710.1209533,613.4709556,636.6699191,563.7793116,650.5893943,641.544608,607.970355,572.9357451,576.6629569,572.3730402,595.1150416,589.721354
-0.3,491.0954945,721.6870875,506.0915176,710.0960905,613.1453418,636.5671666,563.1451706,650.2717263,641.4131553,607.9215664,571.631648,576.6286093,571.8428184,595.0860549,589.6867259
-0.3,491.5589985,721.6083821,505.3318901,710.0631779,612.8295397,636.4521028,562.524563,649.8753832,641.3391745,607.8977116,571.0141797,576.5910987,571.3157921,595.0552358,589.6260463
-0.3,492.0429084,721.5279889,504.6149718,710.000211,612.5412209,636.3545919,559.8014356,649.4328977,641.2438649,607.867173,570.6803516,576.5665219,570.7965988,595.0286413,589.5530593
-0.3,492.4019142,721.4453947,504.1307506,709.9302135,612.3019281,636.2778644,558.7535932,648.8961403,641.1701971,607.8105113,570.3333357,576.5431318,570.2923132,594.9781616,589.4738048
-0.3,492.2368857,721.3593108,503.5531834,709.8540478,612.0112505,636.2217496,557.6097161,648.1983833,641.1025625,607.7410961,569.9734961,576.5208809,569.7946085,594.9303663,589.3807893
-0.3,492.0277293,721.2682502,503.1060828,709.7733689,611.7398481,636.1602638,556.5053482,647.4864494,641.037987,607.6267202,569.5950993,576.4909341,569.3022778,594.8970238,589.2758885
-0.3,491.8359495,721.1711346,502.6644153,709.6632897,611.5672646,636.0936605,555.4622594,646.5085777,640.9764977,607.3582987,569.2434479,576.4607501,568.8014278,594.8398456,589.1477051
-0.3,491.4440424,721.0673804,502.2587541,709.5959771,611.4069617,636.0006232,554.5286631,645.3101752,640.9178881,607.084936,568.8660302,576.4165237,568.3172281,594.8049353,588.8760642
-0.3,490.9781402,720.9666787,501.8987155,709.528754,611.2600136,635.9022968,553.661333,644.2036909,640.8619055,606.8047736,568.4589435,576.3707595,567.8389107,594.7495407,588.5428798
-0.3,490.5090397,720.8843572,501.6578384,709.4546615,612.1598386,635.8566094,552.9472533,643.1335092,640.7978999,606.4996944,568.0684141,576.3264042,567.3805206,594.6992841,588.0943014
-0.3,490.0228056,720.8283313,501.4360917,709.427067,612.9346105,635.990874,552.3120305,642.0054083,640.7086555,606.1864781,567.7637638,576.2936251,566.9701551,594.6746036,587.7560216
-0.3,489.4569627,720.7162945,501.2264812,709.4154112,613.37,635.908716,551.7549268,640.7505041,640.6269094,605.8733961,567.5144324,576.312425,566.5697691,594.651816,587.4336342
-0.3,488.8575582,720.6191613,501.0227702,709.4205804,613.3009372,635.9339545,551.2065832,639.7124107,640.5133297,605.5679327,567.2664443,576.3294857,566.220789,594.6505725,587.1612178
-0.3,488.2065602,720.520895,500.8182675,709.437957,625.3677808,635.980395,550.8176853,638.938635,640.3444065,605.2630654,566.99303,576.3507523,565.8945338,594.6431843,586.8583872
-0.3,487.5344255,720.4158527,500.6067158,709.3778887,624.8388548,635.9695611,550.4751184,638.2334406,640.1923298,604.967366,566.7688222,576.37453,565.5777941,594.6202818,586.568125
-0.3,486.8444082,720.3354326,500.3836665,709.4167912,624.3163263,635.8665575,550.2208132,637.7358149,639.9523067,604.6806598,566.6167934,576.3949035,565.2702204,594.6095016,586.3340397
-0.3,485.8323638,720.2506403,500.1469611,709.3792423,623.8112872,635.7811785,550.031886,637.2896453,639.6525198,604.3825237,566.2776004,576.411671,564.9735708,594.6094749,586.1012758
-0.3,484.8395405,720.1618141,499.9788224,709.332012,623.3712478,635.7300195,549.8649475,636.8966748,639.3603791,604.0379749,565.9245229,576.4113895,564.6734479,594.596399,585.8375563
-0.3,483.8751421,720.06991,499.8738111,709.2025497,622.9210402,635.7130011,549.6851923,636.3561412,639.0643675,603.6494455,565.5630199,576.3883824,564.3404445,594.5682786,585.5905858
-0.3,483.1148451,719.9790145,499.7729569,709.079355,622.4962121,635.7845515,549.4403276,634.5285981,638.7709754,603.1888923,565.1543962,576.3573442,564.01515,594.5444818,585.3597566
-0.3,482.3446049,719.901886,499.6737385,708.930957,622.0957631,635.869477,549.1758089,632.7400789,638.4918626,602.7049885,564.7351954,576.3193944,563.6865345,594.4937905,585.1140036
-0.3,481.5322832,719.82743,499.6268283,708.8310708,621.7019438,635.960088,548.8827382,631.3101219,638.2539204,602.1991892,564.2832726,576.2439298,563.3703766,594.4358828,584.9060944
-0.3,480.7597838,719.7443166,499.6693647,708.7549996,621.3623644,636.0487993,548.5381402,630.3703686,638.0254896,601.6738819,563.9476394,576.187216,563.0644896,594.3774566,584.7926606
-0.3,480.1365706,719.6020808,499.7856844,708.7884504,621.0314497,636.128202,548.2556345,630.2839354,637.8046074,601.1324795,563.6315723,576.0985329,562.7786924,594.3148299,584.6978883
-0.3,479.585883,719.4692196,499.9068363,708.8240837,620.7941497,636.1471014,547.9818637,630.2496357,637.5907812,600.5791719,563.4492775,576.0242104,562.5065962,594.2582431,584.6173968
-0.3,479.0672096,719.3367215,500.027316,708.8054877,620.6943713,636.1170597,547.6343646,630.33338,637.38304,600.0337974,563.1087065,575.9341695,562.2360813,594.1943808,584.5418726
-0.3,478.6804003,719.1950839,500.1437382,708.8385395,620.5938661,636.0652386,547.5236181,630.5127048,637.1806917,599.5048152,562.7637527,575.8317001,561.9826876,594.1291111,584.4687899
-0.3,478.2983546,719.0694223,500.2565996,708.8718825,620.5015683,636.0006611,547.4033884,630.5882022,636.9899612,598.9881556,562.4963092,575.742958,561.7356048,594.0831925,584.2963556
-0.3,477.9349623,718.9467512,500.3688882,708.8343662,620.4476556,635.785136,547.4214849,630.8591251,636.6710838,598.4758112,562.1944863,575.6422442,561.4805755,594.0496593,584.126785
-0.3,477.661532,718.8212176,500.4835776,708.7224627,620.4175873,635.5103794,547.4606996,630.8709066,636.3804943,597.9751454,561.8102468,575.5711387,561.2233368,594.0160486,583.9728635
-0.3,477.4265506,718.6909625,500.602906,708.5893891,620.3999134,635.2052227,547.4969905,631.1196198,636.0598542,597.5093559,561.4732029,575.5038988,560.9678962,593.922849,583.8327521
-0.3,477.2181809,718.5693137,500.7293309,708.4892634,620.3575803,634.9093537,547.5210355,631.262994,635.7375302,597.0989541,561.0782724,575.4188699,560.7113278,593.8194788,583.7784888
-0.3,477.152369,718.4341632,500.8665081,708.3759674,620.3241123,634.6248699,547.5397022,631.1224326,635.4576504,596.7230661,560.6498028,575.3446404,560.3859592,593.7262081,583.7273413
-0.3,477.1100274,718.307055,501.017941,708.1375257,620.2963751,634.3725405,547.59745,631.1423397,635.2104963,596.3161769,560.2115503,575.2751133,560.0403357,593.6212662,583.6684395
-0.3,477.1154177,718.1991503,501.0596006,707.8858517,620.4176545,634.1416766,561.1611793,630.626994,634.9179542,595.978287,559.5732702,575.1982782,559.6860327,593.526525,583.6341363
-0.3,477.2748331,718.1063689,501.4008221,707.6546316,620.5266235,633.8913577,561.3006944,629.859459,634.6386065,595.6935331,558.8844528,575.1299263,559.323913,593.4504058,583.6461381
-0.3,477.4648736,718.0315886,501.8501422,707.3434453,620.6223423,633.6229968,561.5224033,629.3028867,634.3765815,595.4510748,558.2063396,575.0712656,558.95608,593.3769141,583.6807177
-0.3,477.6587807,718.0000895,502.3030092,707.054811,620.675279,633.4038751,561.6884196,628.281176,634.1845618,595.2093116,557.4309425,575.0498495,558.5852458,593.3621275,583.7080383
-0.3,477.9629887,718.0390707,502.7511924,706.7852526,620.6830541,633.1725935,561.844651,627.5181368,634.0193263,594.9281556,556.811713,575.0206811,558.2708007,593.3102374,583.7041223
-0.3,478.1530732,718.0711054,503.2535889,706.5311436,620.6442871,632.9076654,561.9864618,626.7169011,633.9698658,594.7173727,556.2143024,574.9915235,557.9506739,593.2382584,583.7253553
-0.3,478.2777115,718.0987944,503.5705771,706.2953511,620.5587915,632.6370341,561.9504881,625.9420122,633.9368134,594.4775945,555.6951785,574.9675739,557.6268478,593.1956733,583.7267653
-0.3,478.2854778,718.1195352,503.9128247,705.9743518,620.417576,632.2597098,561.9249127,625.1619043,633.938262,594.2441246,555.2358054,574.9694999,557.2601226,593.1852143,583.7006762
-0.3,478.2923704,718.1280009,504.1758105,705.6686189,620.2316252,631.9163771,561.8984614,624.3666722,633.9540643,594.0036592,554.6975801,575.0126828,556.8880847,593.1128922,583.6330471
-0.3,478.1531079,718.1193248,504.4581001,705.3756719,620.0313761,631.5960619,561.8559454,623.1258839,633.9371497,593.7560978,554.190737,575.0888905,556.5114841,593.0301278,583.5343389
-0.3,477.9122698,718.1085766,504.759473,705.1022537,619.8039135,631.2929606,561.7866019,621.9192957,633.9300562,593.5447976,553.8468906,575.156328,556.129039,592.9685591,583.4292017
-0.3,477.6162095,718.0623003,505.0535696,704.8378283,619.5504728,631.0082546,561.7059818,620.7780809,633.9512235,593.3096492,553.554018,575.1907829,555.7497649,592.8878786,583.3480031
-0.3,477.1753215,718.0063019,505.3654462,704.5677053,619.4861622,630.7640917,561.5746842,619.754324,633.9657815,593.0273116,553.2809285,575.220684,555.3757445,592.8073149,583.289918
-0.3,476.676341,717.9428317,505.739435,704.2651421,619.4739748,630.4956438,561.3331076,618.7602278,633.9585127,592.7299036,552.9972599,575.2575588,555.0248296,592.7015481,583.2341663
-0.3,475.9572811,717.8742129,506.1617656,703.9582682,619.4837452,630.210683,561.0600369,617.8887366,633.9652982,592.413547,552.6989628,575.2626982,554.6870681,592.6037283,583.1833249
-0.3,475.2797365,717.8031021,506.5205567,703.6231044,619.4605569,629.9424352,560.6910442,617.071957,633.9631401,592.0920714,552.4502464,575.24788,554.3449605,592.5214611,583.1343658
-0.3,474.6221143,717.7759823,506.7316628,703.2573613,619.4037326,629.7181583,560.2913261,616.2245645,633.9494881,591.8491664,551.9466222,575.241026,554.0031243,592.4422214,583.0734025
-0.3,473.9444678,717.7255914,506.9261487,702.8423979,619.3877254,629.460999,559.8764656,615.4953269,633.9868616,591.6085625,551.4628653,575.2420775,553.6876079,592.306793,582.8324384
-0.3,473.3624016,717.6647007,507.0630975,702.3807866,619.3655576,629.250427,559.3163433,615.0779072,634.0560053,591.4631407,550.9608547,575.2598533,553.3864252,592.1749203,582.5801899
-0.3,473.3147708,717.5682944,507.1022756,701.8682746,619.3278022,629.0434207,558.5701377,614.7493126,634.0992933,591.1755923,550.4485325,575.2827454,553.0939964,592.0541294,582.3195361
-0.3,473.3150363,717.5159634,507.1370158,701.2897977,619.2705874,628.8084406,557.8103727,614.4451033,634.1378266,590.9057973,549.8278876,575.3196717,552.8199752,591.9392956,582.0259667
-0.3,473.3101026,717.46166,507.0831955,700.6477008,619.1695878,628.5587718,557.0459483,614.1814272,634.1193825,590.6659025,549.2507045,575.3469825,552.5491021,591.7745985,581.6746554
-0.3,473.2594973,717.4103596,506.9934033,699.9692766,618.8874592,628.30942,556.2545834,614.0968397,634.0629356,590.4594638,548.7257835,575.3751573,552.280046,591.6090828,581.3511089
-0.3,473.1710884,717.3497401,506.8524938,699.355837,618.6480251,628.0607323,555.4793058,613.9918114,633.9794159,590.2551715,548.357327,575.3596907,552.0102584,591.4450947,581.0803413
-0.3,473.0581532,717.2535867,506.6615464,698.8798679,618.4134044,627.8132801,554.7503257,613.8570582,633.8774905,590.0053386,548.0275033,575.2661708,551.7426925,591.2935282,580.852704
-0.3,472.8337195,717.1553772,506.4751598,698.7772356,618.1800934,627.5656551,554.067302,613.7603834,633.6458387,589.7473358,547.7316685,575.1800641,551.4737172,591.1598653,580.6743872
-0.3,472.5428157,717.0597636,506.2810383,698.6667359,617.9273761,627.3882529,553.5301213,613.6520277,633.4055858,589.51069,547.3986356,575.033302,551.1900111,591.2251004,580.3285973
-0.3,471.873918,716.966995,506.1004643,698.5623273,617.6738564,627.2077906,553.0149658,613.5204141,633.1709,589.2940098,547.047665,574.8831564,550.8954556,591.2953367,580.0127164
-0.3,471.1272992,716.8769588,505.8850168,698.4634369,617.4177275,627.0235474,552.4375054,613.4522197,632.9455311,589.0954031,546.7579059,574.7702626,550.595457,591.3300142,579.6871318
-0.3,470.3315631,716.7888691,505.7773589,698.3756576,617.158488,626.8639942,551.8460226,613.4348119,632.7224898,588.9150219,546.53269,574.7176685,550.2912893,591.3623119,579.4080343
-0.3,469.4602337,716.7017866,505.6441444,698.2836329,616.9809485,626.7214909,551.2299503,613.9151067,632.5038384,588.7936468,546.3657683,574.6758146,549.9867289,591.3934944,579.1332359
-0.3,468.617487,716.5691111,505.5692124,698.1983049,622.210668,626.5970403,550.4735921,614.5771417,632.1857963,588.6399715,546.2552047,574.6235071,549.6691996,591.3702544,578.9617706
-0.3,468.0175854,716.4327491,505.464406,698.1342362,622.1646447,626.4855819,549.5808946,615.4073145,631.8499253,588.4211194,546.1838776,574.5547464,549.3240267,591.3330048,578.8477947
-0.3,467.4543465,716.2901312,505.3465586,698.0513987,622.1129286,626.3069641,548.4938152,616.4972494,631.471285,588.1893931,545.9127339,574.5218768,548.9715107,591.2589715,578.7925235
-0.3,466.9658419,716.1445475,505.2584486,697.9743791,621.6023607,626.2375385,547.3593154,618.2007867,631.0977011,587.9806985,545.7132619,574.4999734,548.613473,591.1774387,578.7456133
-0.3,466.4186089,715.9602477,505.2058692,697.9760702,621.1830816,626.172877,546.1200736,620.3820068,630.7368911,587.7114752,545.5151761,574.4709029,548.2514757,591.0989358,578.7047365
-0.3,465.9472019,715.7488339,505.2999905,697.976973,620.7187721,626.1102284,544.8842162,621.2250434,630.3960888,587.4212017,545.3099802,574.4271575,547.8909117,591.0182228,578.6687839
-0.3,465.5879386,715.5193161,505.4079548,698.4739841,620.2444909,626.0526177,543.7304978,621.4465612,630.0356504,587.1118107,545.0993124,574.3995644,547.5075745,590.9332139,578.6355886
-0.3,465.2868639,715.2854586,505.594833,699.0525654,619.7508825,626.0203118,542.8120916,621.6917886,629.6733832,586.9149722,544.9081498,574.393168,547.0920528,590.8809929,578.6751307
-0.3,465.0737479,715.0478357,505.8097945,699.6657933,619.2437372,626.0102549,542.0744424,622.0015336,629.3269842,586.7378604,544.7536623,574.386275,546.6691906,590.8896515,578.7149634
-0.3,464.946709,714.8067815,506.0189899,700.2633901,618.7440819,625.9866133,541.4112209,622.0380114,628.998514,586.5415115,544.6357084,574.4078553,546.2580097,590.8983254,578.7238517
-0.3,464.8761289,714.562701,506.1116038,700.8168721,618.2687541,625.919332,551.3298543,622.3958035,628.6694619,586.3288402,544.507912,574.5102751,545.8516268,590.8863308,578.7319773
-0.3,464.894864,714.3161291,506.1399614,701.2594651,617.8309425,625.8363032,551.2591922,622.7235236,628.3691644,586.1257759,544.3427087,574.61395,545.4509769,590.9225542,578.7115011
-0.3,465.0007668,714.0681641,506.1321596,701.60433,617.4293713,625.6900869,551.2175586,623.1599909,628.0849136,585.920375,544.1862868,574.6943591,545.0559588,590.9626211,578.6311878
-0.3,465.2335281,713.8338773,506.1743532,701.8594744,617.0856697,625.4629269,551.2021872,623.4334464,627.8175305,585.7909827,544.0939366,574.774914,544.6654702,590.9845055,578.535692
-0.3,465.3107427,713.5942772,506.2272869,702.086134,616.8063627,625.0508884,551.2074399,623.8402593,627.5623476,585.657771,543.9827611,574.839348,544.2635112,591.0247186,578.4365739
-0.3,465.5985074,713.3503052,506.2852574,702.264957,616.4608742,624.6676525,551.3953161,624.4896408,627.3469158,585.4399706,543.8892967,574.9222013,543.8436384,591.0628286,578.3834556
-0.3,465.8597484,713.0884316,506.3427732,702.4547279,616.1221311,624.2842387,551.6398796,625.0651735,627.138766,585.12021,543.898438,575.0119508,543.4205873,591.0908042,578.3412143
-0.3,466.1448334,712.8217939,506.4891569,702.6052242,615.8189857,623.8926684,551.8750234,625.8435004,626.7993957,584.9402904,543.926546,575.0836285,542.9947115,591.1213958,578.2154537
-0.3,466.4632301,712.5533497,506.7665518,702.7587561,615.5404467,623.4393864,552.0894728,626.3236436,626.4672281,584.6990463,543.8771815,575.1510083,542.569092,591.1431505,578.1039524
-0.3,466.8219,712.2847255,506.9771804,702.9065529,615.2918179,622.9803281,552.1263934,627.4575242,626.1383044,584.3531496,543.8976641,575.2119874,542.1451423,591.1385799,578.0000422
-0.3,467.2001076,712.0179242,506.8184189,703.051541,615.0670733,622.561532,552.1965252,627.6719531,625.8112901,583.9188784,543.9342285,575.2512487,541.7184208,591.0892084,577.8740661
-0.3,467.5878207,711.7553314,506.6394178,703.1863863,614.8569936,622.1501256,552.2455788,627.9045008,625.4881515,583.558738,543.9467247,575.2755958,541.2937511,591.022829,577.766456
-0.3,467.8941313,711.4993162,506.4486439,703.3044112,614.6502557,621.7547718,552.1762651,627.8214571,625.1698723,583.2221103,543.9499685,575.3026228,540.8830653,590.9702013,577.575
-0.3,468.1684151,711.2508524,506.0175226,703.4013733,614.4345889,621.3839787,552.0836195,627.5356521,624.8618132,582.9056125,543.8411234,575.3539232,540.4707132,590.9282656,577.3691731
-0.3,468.3988268,710.9992691,505.4939277,703.4765991,614.1993715,621.0457428,551.9942641,627.4819188,624.5656039,582.5575436,543.6201416,575.4040897,540.0544657,590.9093226,577.1154549
-0.3,468.5697188,710.7652281,505.1915254,703.4941956,613.9382152,620.7888886,551.9077338,627.4611644,624.2789221,582.2688442,543.3005838,575.4411188,539.6163865,590.8903958,576.8558173
-0.3,468.4809067,710.5459497,505.0277251,703.4515333,613.6504258,620.4879039,551.8231461,627.4355403,623.9642028,582.0225728,542.9973848,575.3944437,539.1729121,590.8923836,576.5895863
-0.3,468.0765558,710.3396727,504.9343395,703.4262916,613.5858079,620.1467508,551.7389695,627.5211782,623.6410801,581.7918936,542.7243344,575.3307491,538.7203236,590.9424143,576.284335
-0.3,467.6870904,710.171016,504.8341507,703.3994477,613.4913593,619.7312726,551.7199814,627.5188234,623.3215445,581.4782314,542.6412436,575.2772602,538.235712,590.9880241,575.9819723
-0.3,467.3451546,710.0041256,504.9601969,703.4544475,613.4249625,619.3952896,551.7126268,627.331355,623.0034773,580.9912661,542.611259,575.2180003,537.741344,591.0320169,575.6978337
-0.3,467.0195153,709.8386987,505.1044152,703.5051746,613.3431158,619.1174028,551.7163684,626.9948346,622.6906506,580.5020297,542.5933269,575.138432,537.2337724,591.0443738,575.3739436
-0.3,466.6787057,709.6826748,505.2910592,703.5416526,613.2823837,618.8282954,551.6543117,626.6137864,622.378752,579.9644569,542.5683056,575.0611987,536.7109703,591.048653,575.0884597
-0.3,466.3551227,709.5225619,505.6011368,703.5731259,613.2009822,618.5930771,551.5144622,625.9830435,622.0769419,579.4183603,542.5232134,574.9441468,536.1663205,591.0519259,574.7961029
-0.3,466.1514238,709.353724,505.7796268,703.6000861,613.1826686,618.3501468,551.2961495,625.2408343,621.749672,578.9068711,542.4917866,574.7922483,535.6024258,591.0803746,574.5041384
-0.3,466.0101802,709.1789962,506.0701485,703.6145035,613.2127864,618.1295985,551.0611479,624.3259802,621.4171205,578.6021407,542.4548309,574.6409166,535.0178197,591.1216402,574.180284
-0.3,465.8802086,709.0256326,506.4183448,703.6362995,613.2685605,617.894285,550.7970805,623.2362135,621.0875356,578.4027092,542.4006485,574.4922399,534.4112679,591.1580733,573.8539644
-0.3,465.7411865,708.8249347,506.7347096,703.5982103,613.3973961,617.7073221,550.5353399,622.1664593,620.7587871,578.2267242,542.3502662,574.342614,533.7817177,591.2047223,573.6003782
-0.3,465.5381039,708.6158273,507.0507019,703.3774046,613.6229384,617.4905322,550.2742972,621.1629315,620.4753637,578.001594,542.2531208,574.1993208,533.1184696,591.2468021,573.3655696
-0.3,465.3181461,708.4257876,507.3534521,702.9672165,613.8985835,617.3130666,550.0405896,620.3127095,620.1866584,577.7869291,542.0701394,574.0663815,532.4220454,591.2831205,573.1529995
-0.3,465.1270937,708.2033629,507.7518803,702.6299017,613.9659222,617.1993133,549.803031,619.5307751,619.8869957,577.5844067,541.7739189,573.8925242,531.7019591,591.4297582,572.9068636
-0.3,464.6866259,707.9549427,508.355055,702.3445153,613.8784371,617.0854347,549.5426807,618.7194501,619.568199,577.3957686,541.4730292,573.7079831,530.9601025,591.5921354,572.6603521
-0.3,464.2736542,707.7179398,508.8469083,702.1203751,613.7670067,616.9038618,549.260594,618.0538737,619.2303684,577.2226084,541.2014147,573.5212078,530.199301,591.7468845,572.4375183
-0.3,463.867612,707.4748542,509.2832044,702.0056517,613.7626451,616.7642718,549.0990542,617.43624,618.8706922,577.0687865,540.9213099,573.3310461,529.4235895,591.9015469,572.2162149
-0.3,463.4881427,707.222102,509.6434145,701.8863254,613.7448024,616.5481068,548.9047346,616.8806295,618.4867854,576.858162,540.6347228,573.1596506,528.6375836,591.9966817,571.9931013
-0.3,463.0017241,706.9619673,509.642462,701.7679977,613.633347,616.3394042,548.6813287,616.3976974,618.0768374,576.6375092,540.2903,573.0924762,527.845698,592.109953,571.7625275
-0.3,462.4644554,706.6944593,509.6193302,701.6325566,613.5137081,616.1277447,548.4529844,616.0861906,617.6398138,576.4778641,539.8969333,573.0333834,527.0516561,592.212986,571.5413489
-0.3,461.9521039,706.4203069,509.5640728,701.4954941,613.2903907,615.9434798,548.223606,615.6742894,617.0521464,576.5123036,539.5033071,572.9800419,526.2652328,592.3225269,571.2796779
-0.3,461.5119071,706.1577037,509.4907525,701.39332,613.0531211,615.8408353,547.8552018,615.3926283,616.4245907,576.5938214,539.1165269,572.9408894,525.486135,592.436313,571.0050737
-0.3,461.1074335,705.8992224,509.3333561,701.281779,612.8074518,615.7223066,547.5114982,615.1518852,615.7442377,576.6783006,538.8355814,572.9101566,524.6940819,592.5381071,570.792612
-0.3,460.8032751,705.6296258,509.0139669,701.0708814,612.5576251,615.5930981,547.179971,614.9571717,615.0422971,576.7062445,538.5894956,572.9027323,523.865983,592.558876,570.6053549
-0.3,460.673242,705.3706951,508.6766273,700.9064608,612.2988868,615.4049757,546.8565855,614.8194839,614.3200892,576.6259932,538.3516383,572.8735443,522.9684752,592.5838456,570.4238272
-0.3,460.6553427,705.1708874,508.3034385,700.7416414,612.0445453,615.1943227,546.561307,614.7467176,613.5618342,576.540119,538.0345252,572.8417176,533.0496595,592.5827489,570.266181
-0.3,460.8242102,704.9293451,507.9455223,700.6005143,611.0203869,615.1139825,546.2822695,614.6980439,612.7404548,576.4327826,537.6568623,572.8093093,532.5897163,592.5715512,570.1139438
-0.3,461.2666726,704.6992894,507.5132828,700.3766308,610.0533418,615.0254422,546.0172482,614.8041987,611.9003366,576.3402515,537.3316997,572.7715353,532.1266519,592.5557756,569.9538619
-0.3,461.9132983,704.481726,507.0404377,700.0150102,609.0842772,614.9380213,545.7675361,614.9483034,611.0449599,576.2674662,537.0368787,572.7376441,531.6669973,592.5266907,569.700631
-0.3,462.6372014,704.2761526,506.5520168,699.5480061,608.124295,614.7784278,545.6485011,615.1925115,610.191486,576.1154,536.7423019,572.7130931,531.2046864,592.4303918,569.4495379
-0.3,463.4287099,704.081269,505.9717073,698.9474591,607.06327,614.6068516,545.539371,615.4750531,609.3616948,575.9781617,536.4475532,572.7369207,530.7342208,592.3299692,569.2199683
-0.3,464.0547599,703.9143515,505.2214944,698.2763302,605.9863572,614.4375608,545.4365956,615.7773008,608.5640247,575.8251335,536.1512576,572.844444,530.2622947,592.2291311,569.0118409
-0.3,464.6761162,703.7545651,504.488224,697.5797246,604.937394,614.3151455,545.3147281,616.1575914,607.803219,575.6241747,535.8549044,572.8452573,529.7878125,592.1308033,568.82408
-0.3,465.2564187,703.6014438,503.7019307,696.9121284,603.93825,614.2996702,545.1235183,616.5313678,607.0695133,575.4197426,535.5543487,572.8280723,529.3065261,592.0371854,568.6751242
-0.3,465.7820855,703.4928389,502.8676553,696.2832624,603.1387113,614.2867892,544.8111733,616.9984194,606.3604884,575.2192069,535.248198,572.8018308,528.815817,591.9319686,568.5843615
-0.3,466.2389662,703.3926749,501.9881658,695.6337924,602.4501427,614.2520788,544.466734,617.3628394,605.6786812,575.0943412,535.1166728,572.7796274,528.3239996,591.9415788,568.4512704
-0.3,466.5948412,703.2557726,501.1054479,695.0212088,602.0499921,614.1899616,544.1103939,617.3394361,605.0086061,574.9590849,534.9746637,572.7684562,527.8246751,591.8965788,568.319055
-0.3,466.7784577,703.11992,500.1810565,694.4402671,601.8319696,614.1594067,543.7509377,617.2640734,604.3296124,574.7387121,534.8178999,572.7580608,527.3132568,591.8381789,568.1616302
-0.3,466.730008,702.9734595,499.2481251,693.8868593,601.6358581,614.0921625,543.3983381,617.1244612,603.6338059,574.5380327,534.5422263,572.7568141,526.7796546,591.7892278,567.9872078
-0.3,466.0728183,702.8240749,498.6185463,693.3617119,601.387793,614.0321348,543.2324148,617.0335698,602.8811223,574.327395,534.3616088,572.7501317,526.2367862,591.7206336,567.8147572
-0.3,465.3146041,702.6755895,498.0419997,693.1141754,601.1581069,613.7778032,543.0835175,616.9260747,602.0712055,574.1297935,534.1890289,572.7363769,525.6846205,591.6515376,567.6409894
-0.3,464.4284308,702.5290266,497.5198422,692.8989468,600.9407671,613.4882035,543.0031991,616.8307889,622.4096821,573.907052,533.8840266,572.7004001,525.1227876,591.5807778,567.3284581
-0.3,463.4622501,702.3855461,497.0498391,692.6687237,600.7095758,613.20784,542.9718956,616.7482148,622.1655351,573.5379842,533.5872346,572.6791023,524.5507775,591.5273789,566.9909202
-0.3,462.3077257,702.2645684,496.6319263,692.4223383,600.4528706,612.8808089,542.9769986,616.4986997,621.8964536,573.1832986,533.2297703,572.6271977,523.9680256,591.4785839,566.6295584
-0.3,461.0998792,702.1488952,496.3505562,692.1601662,600.2173508,612.5419876,542.9278912,616.2577969,621.5952933,572.735919,532.8934851,572.5419752,523.373291,591.4672446,566.2491115
-0.3,459.9151425,701.9991409,496.0606624,691.9562609,599.7770177,612.1930429,542.8851466,616.0576276,621.279738,572.1873285,532.5800762,572.4153765,522.7640894,591.4604504,565.8565274
-0.3,458.8621309,701.8480047,495.8528186,691.7493482,599.1334105,611.8460259,542.832987,615.8006586,620.9093645,571.6262983,532.2907994,572.3170172,522.1360279,591.4882492,565.47491
-0.3,458.007151,701.7226174,495.64265,691.5322422,598.3922398,611.4817977,542.731219,615.4618986,620.5172137,571.1427697,532.0945546,572.2449585,521.4827355,591.5033796,565.1538727
-0.3,457.1672683,701.5663342,495.4418409,691.3132958,597.5641458,611.1115859,542.6147179,615.1288425,620.1133223,570.7089203,531.9534234,572.151517,520.7960998,591.5899706,564.8473696
-0.3,456.3514627,701.3926776,495.2494847,691.0905408,596.931926,610.7368592,542.4855354,614.6103398,619.6862228,570.2730049,531.839828,572.0590641,520.0665538,591.6531213,564.5803686
-0.3,455.5635461,701.2078771,494.8755998,690.8577811,596.2916853,610.3882034,542.2306744,614.0840174,619.2474205,569.8222947,531.6961746,571.9740079,519.2842522,591.631534,564.2813017
-0.3,454.2562278,701.021966,494.4466284,690.6358648,595.5451695,610.0288908,542.2280655,613.5859136,618.8026918,569.3994644,531.7082804,571.8970409,518.4376047,591.6111053,563.9939171
-0.3,452.9279912,700.8198052,494.0439733,690.4236452,594.8306345,609.4657467,542.3089419,613.1244124,618.3454267,569.0466437,531.765232,571.8192476,517.5193378,591.576722,563.7137036
-0.3,451.5990967,700.6038837,493.6681837,690.2154398,594.1509236,608.8755827,542.4068391,612.7046259,617.8817704,568.881989,531.8710789,571.7513213,517.9600259,591.5700302,563.3620043
-0.3,450.2897788,700.3840028,493.30117,690.0120892,593.5039864,608.268351,542.5091298,612.32766,617.3703706,568.6625476,532.0419939,571.6862026,517.0270946,591.5744785,563.0181828
-0.3,449.011001,700.1547615,492.9507258,689.8054957,592.8842506,607.6104879,542.593463,611.7962711,616.8596792,568.4143441,532.10214,571.64824,516.0336163,591.5641097,562.6824146
-0.3,447.7880189,699.9303697,492.6242146,689.6220316,592.2857602,606.9096268,542.6796,611.2723135,616.344429,568.1862239,532.0996545,571.5302733,514.9830701,591.571522,562.3551563
-0.3,446.6443792,699.7124829,492.3112382,689.4398981,591.7023166,606.2527737,542.7314923,610.806106,615.8415506,567.9431924,532.0917102,571.4081805,513.8859999,591.5943093,562.0364359
-0.3,445.8708418,699.2958683,492.0578197,689.3157617,591.127782,605.7834733,542.6478113,610.1834729,615.3525809,567.7296829,532.1012112,571.2902886,512.7486107,591.6057486,561.7528732
-0.3,445.2847103,698.8864647,491.8736614,689.1692398,590.5245949,605.3563811,542.5421688,609.7000209,614.872853,567.5473933,532.0851107,571.1871714,511.5770981,591.5787334,561.4732672
-0.3,444.7198879,698.5068883,491.7333599,689.0080154,589.7370139,604.9649749,542.3933206,609.302855,614.3993402,567.3935884,532.086814,571.0947658,510.3767314,591.5261047,561.2927572
-0.3,444.1770188,698.1314372,491.6342601,688.8272015,588.9341197,604.6051561,542.2721807,609.0884247,613.9206902,567.2724063,532.052241,570.9971549,509.1517407,591.4765498,561.0901789
