0.3,446.0332401,572.6718347,537.4517107,497.5598756,518.9909134,570.5362791,447.7794292,490.9213744,504.7615103,482.1444364,502.3293614,488.2118218,529.747463,493.5436208,499.110483
0.3,447.6380812,574.4250646,539.6423297,498.8950472,512.2420189,570.3346426,449.4430338,493.1977812,504.3456759,481.3986521,503.5382977,488.9928772,525.8223369,495.2388921,500.2478996
0.3,449.2222386,576.9423515,542.6771001,500.2025461,503.176495,569.66084,450.9080782,495.4419819,504.0642798,481.5848738,504.8308296,489.5193081,520.1740617,496.980901,501.7876241
0.3,450.8620978,579.0821186,544.0637507,501.5397292,502.8124978,569.8893775,452.3179193,497.6737786,503.5950127,482.3561882,506.2189038,490.0360021,514.0512535,498.9513035,503.3257231
0.3,452.5329993,581.3335401,545.4645196,502.9392408,503.634068,570.2630741,453.668198,499.90839,503.1616884,483.1017511,507.7146924,490.705733,507.0162462,500.910803,504.8553997
0.3,454.2358907,583.363143,546.86351,504.3795269,504.285821,570.7441523,455.2118202,502.1577209,502.8571527,483.8575245,509.2616814,491.1034825,503.1886198,502.855837,506.3688772
0.3,455.9790695,585.5101445,548.2453079,505.8683961,504.9774612,571.2804869,456.8239661,504.4317512,503.5934365,484.6278149,510.9111511,491.4735387,503.880634,504.7801988,507.8595805
0.3,457.7638088,587.5005255,549.596208,507.3773976,505.9110227,571.7346853,458.5075939,506.7377015,503.9444246,485.4921797,512.6775179,491.6737438,504.8872005,506.676363,509.3248992
0.3,459.5835463,589.3566012,550.9039854,508.8828803,507.2099794,572.073053,460.2638712,509.6316047,504.2320556,486.693468,514.5565942,492.1558427,506.127348,508.5387048,510.7666716
0.3,461.425006,591.1419246,552.1583184,510.4266166,510.1357149,572.2145741,462.0921401,513.1520718,505.1564353,487.9892924,516.5421945,492.7721608,507.3164855,510.366762,512.1901536
0.3,463.2707317,593.1688255,555.1636899,512.0131568,513.0165966,572.0521742,463.9925695,516.7700587,506.5059638,489.3572093,518.6266371,493.39239,508.4581249,512.16549,513.6474441
0.3,465.1032052,595.0415059,558.2333916,513.6372133,515.8441672,571.4593871,465.9688555,520.4666509,507.9285595,491.0973008,520.7986309,494.4441494,509.9428081,513.942536,515.4877101
0.3,466.910682,597.3965426,561.3618697,515.2709769,518.611612,570.2973412,468.0283922,524.222381,509.4266886,492.8926677,523.0404678,496.0109472,511.3890733,515.7048163,517.1513442
0.3,468.6905509,600.1012876,564.5453076,516.8962345,521.3100028,568.303591,470.1776141,528.0160583,511.0038145,494.7040109,525.3274563,497.4375801,512.7971825,517.4568855,518.7851743
0.3,470.4485062,602.71379,567.7775566,518.5555932,523.9264919,566.5009596,472.4125739,531.8257507,512.9424848,496.6455899,527.6313763,498.8915344,514.1695999,519.2016705,520.574287
0.3,472.1940579,605.2106458,570.2507474,520.219016,526.4464745,564.1825855,474.5317794,535.629793,514.973119,498.7980568,529.9233153,500.3960727,515.5097079,520.9411834,522.2878354
0.3,473.9057126,607.5928511,572.8514423,521.9000028,529.5561917,562.2399778,476.3011806,539.4079469,517.0746725,500.932546,532.1759431,501.9626402,516.8200336,522.676943,523.9982
0.3,475.5859008,609.9538694,575.5712874,523.5797219,532.5002757,560.7028347,478.1444278,543.1408069,519.2366495,503.0478432,534.3651097,503.6560537,518.0567132,524.4095202,525.7586826
0.3,477.2815979,612.3109224,578.4002254,525.2722787,535.3398021,559.7573319,479.9823254,546.8101469,521.4811481,505.1483046,536.4723941,505.3807618,519.3954201,526.1385433,527.5808195
0.3,478.85534,614.5930304,581.324583,526.9928801,538.1484923,559.3085754,481.7990406,550.401975,523.7974638,507.2397049,538.4899131,507.084231,520.7246926,527.8469603,529.4731438
0.3,480.2962541,616.775698,584.325461,528.7427573,540.4939643,559.1748212,483.5713929,553.9085364,526.1737749,509.3242889,540.4222414,508.6780364,522.3222678,529.5509414,531.436457
0.3,481.7402907,618.9709493,587.3780949,530.5157899,543.0586736,559.4880105,485.2600493,557.3286976,528.5964025,511.3954949,542.28499,510.1501478,523.9463622,531.2459489,533.4601166
0.3,483.1825297,621.1879718,590.4560998,532.2950638,545.9169495,560.1615814,486.9897496,560.6651786,531.3521704,513.4343443,544.1005185,511.5959535,525.5991093,532.9161024,535.4901533
0.3,484.6216179,623.4299763,593.5340667,534.0748193,548.8291227,561.16925,488.4080607,563.9210279,534.1360058,515.3162824,545.8942263,513.0340001,527.2751478,534.5539753,537.5259307
0.3,485.9518429,625.6932224,596.5869548,535.8661348,551.7211549,562.6055086,489.9855704,567.0991228,536.9224231,516.9088857,547.6929805,514.605847,528.9576763,536.1870494,539.5368103
0.3,487.2347128,627.9674332,599.5896584,537.6552764,554.4144966,564.0165928,491.434752,570.2022134,539.6896223,518.3957403,549.5222962,516.4119637,530.6218831,537.7817504,541.4933099
0.3,488.4958638,630.2402897,602.5164851,539.4509886,556.8633017,565.259401,492.907783,573.2326428,542.4216463,519.8345573,551.4017644,518.199192,532.2447948,539.3273928,543.3767907
0.3,489.7414975,632.5044784,604.5545995,541.3714666,559.0628824,566.5036784,494.3975612,576.0440053,545.1071689,521.2771013,553.3399932,519.9041927,533.7703434,540.8488131,545.1392358
0.3,490.9744747,634.71062,606.3385887,543.3113732,561.0492252,567.7264469,495.9068353,578.7005901,547.7373969,522.7474084,555.3311014,521.5562724,535.02747,542.3182737,546.8403661
0.3,492.195057,636.8667385,607.9372993,545.2665669,562.8985959,568.9802055,497.4518671,581.2609742,550.3046756,524.2750584,557.3553375,523.1763025,536.2690085,543.7745379,548.5157578
0.3,493.401211,639.0268956,609.3197619,547.2328076,564.6741032,570.2501358,499.0062508,583.7273906,552.8028186,525.8937791,559.173927,524.7656413,537.480342,545.2250519,550.1773957
0.3,494.4860142,641.1850314,610.4547422,549.2059138,566.4046878,571.5215943,500.5676426,588.0249968,555.2284736,527.5717343,560.9374898,526.3222782,538.6256652,546.6764697,551.8282304
0.3,495.4393278,643.3345191,611.3178644,551.1827557,568.095615,572.8106837,502.1606321,590.1762099,557.5815309,529.295201,562.6633829,527.8255009,539.7572349,548.0644438,553.4688276
0.3,496.3413687,645.468408,611.8994832,553.1624892,569.7449775,574.1142859,503.7434599,592.2635436,559.8646575,531.0740183,564.2153786,529.3066392,540.8520017,549.4459767,555.1011728
0.3,497.2201621,647.5791309,612.2071245,555.1466492,571.3512484,575.4308644,505.2760292,594.3011492,562.0829283,532.9079646,565.7128909,530.7687369,541.91533,550.8440698,556.6467851
0.3,498.0776791,649.6588756,612.2679026,557.1392728,572.9169976,576.7162065,506.7549047,596.3027571,564.2430738,534.7958639,567.2801838,532.2078628,542.9761574,552.2263091,558.151965
0.3,498.9197351,651.6660514,612.1302129,559.1195196,574.4485268,578.242708,508.2369369,598.280576,566.3523986,536.7350942,568.9538834,533.6262254,544.0106064,553.66123,559.6702195
0.3,499.7503391,653.6351459,611.8638472,561.1213083,575.9328266,579.6046997,509.5208571,600.2437303,568.418766,538.7223977,570.6951831,535.0442206,545.0453955,555.1376814,561.1009549
0.3,500.575519,655.578591,611.5542316,563.0952835,577.2949428,581.0386442,511.7560462,602.1973179,570.4217726,540.7548424,572.5301404,536.4668732,546.0402485,556.6480254,562.4749839
0.3,501.3458958,657.4913913,612.6852118,565.2088017,578.6377136,582.5561651,512.7968984,604.1115786,572.4061887,542.8300974,574.4865583,537.8203443,547.0468628,558.1832711,563.8483105
0.3,502.1284819,659.3679994,614.1231759,567.4014628,579.9652483,584.1660364,513.8234314,605.9745223,574.3842422,544.9463719,576.5071413,539.0388994,548.0608482,559.7332935,565.201949
0.3,502.8804456,661.1662115,615.5553051,569.6551706,581.2370577,585.8718755,514.8405125,607.8290649,576.3680343,547.1026286,578.5778115,540.2621506,549.0758539,561.2883291,566.593895
0.3,503.6631187,662.8245118,616.9984373,571.9608803,582.4556409,587.6621825,515.7987558,609.5359022,578.369408,549.2990728,580.6178371,541.4977039,550.0844845,562.8402009,567.9878572
0.3,504.4311748,664.4272201,618.4665703,574.3026196,583.6727223,589.3377103,516.7596849,611.2528003,580.3461679,551.5369119,582.6853821,542.7408487,551.0800259,564.3829346,569.3706403
0.3,505.2295155,665.9828783,619.9699013,576.6502655,584.8954835,591.0744732,517.7186618,612.945026,582.3605436,553.8025047,584.7928685,543.9814933,552.0575152,565.9125051,570.7623811
0.3,506.0475944,667.5023381,621.5142786,578.9453506,585.9005312,592.8659387,518.6613911,614.5691005,584.372239,556.0165705,586.8618055,545.2097664,553.0140841,567.4053288,572.165708
0.3,506.8922582,668.955156,623.1011086,581.2026743,587.1293191,594.702991,519.5716051,616.1531446,586.413157,558.2359345,588.9410622,546.4188296,553.9488489,568.8861881,573.5782807
0.3,507.7727162,670.3691813,624.7297969,583.3999367,588.2334375,596.5750587,520.4336242,617.7960561,588.5051141,560.449773,591.0322225,547.6062101,554.8621709,570.3436071,574.9960465
0.3,508.6879338,671.7490399,625.6121341,585.5202809,589.4714589,598.4711407,521.2350065,619.3792685,590.6408259,562.6576613,593.1364795,548.7731294,555.7417112,571.7782317,576.4139001
0.3,509.6432869,673.0995721,626.711281,587.5530732,590.6732523,600.3802211,521.9678115,620.9028629,592.8081355,564.8150969,595.122566,549.9173994,556.5993274,573.1810391,577.8911633
0.3,510.6564816,674.4259728,627.7150702,589.4929994,591.9086897,602.228434,522.5773376,622.3681504,594.9907675,566.9178847,597.1032935,550.9712288,557.4385415,574.5494311,579.3651541
0.3,511.6370663,675.733594,629.1506791,591.3391851,593.1871288,603.9082529,523.1382155,623.7771137,597.1472887,568.9586317,599.0940082,552.011813,558.2619732,575.8916347,580.8275147
0.3,512.6782286,677.0283264,630.4275667,593.0943358,594.5944219,605.2778344,523.6522327,625.0264248,599.2614297,570.9215485,601.0905971,553.0426491,559.0726886,577.1916653,582.2014819
0.3,513.784781,678.3157518,631.2879814,594.7637967,595.9991928,606.6085807,524.128297,626.0125388,601.3057243,572.7957265,603.0367935,554.0643583,559.8741097,578.41555,583.5541404
0.3,514.9586186,679.5999425,633.0451153,596.3242577,597.2957995,607.9766048,524.5682547,626.9792383,603.3062808,574.5484601,605.0001961,555.0632815,560.6163645,579.5521459,584.832721
0.3,516.1662525,680.8824262,634.7554041,597.7999445,598.5911423,609.335535,524.982608,628.4386347,605.2598184,576.0734087,606.8680416,555.9806588,561.3484963,580.6270508,585.933143
0.3,517.4180712,682.1619843,636.3915209,599.2057544,599.8957253,610.7055229,525.3191604,629.3615424,607.166102,577.5035583,608.6932712,556.8785408,562.0694939,581.6421086,587.0066672
0.3,518.6946496,683.4537618,637.927137,600.5446989,601.2214615,612.0604758,525.6491771,630.1690591,609.0259746,578.9029185,610.5839084,557.7778695,562.7782931,582.6009102,588.0493129
0.3,519.9632375,684.6624535,639.341727,601.8201458,602.579692,613.3825003,525.9788558,630.8692894,610.7803247,580.2499724,612.2922317,558.6778624,563.4740887,583.507513,589.0572198
0.3,521.1885181,685.8625049,640.6241899,603.0367578,603.979157,614.643033,526.3184507,631.5502961,612.492032,581.6014878,613.7906714,559.5778679,564.1560417,584.3659032,590.0274798
0.3,522.3406555,687.0628227,641.7730161,604.2003531,605.4235606,615.8830062,526.6667925,632.2510793,614.160706,582.9030601,615.2075626,560.4767359,564.8233367,585.1799779,590.9587706
0.3,523.3699325,688.2659029,642.7944791,605.3176901,606.9089396,617.0063816,527.022155,633.0947329,615.7824022,584.2308974,616.5464344,561.3728268,565.4751051,585.953317,591.8516478
0.3,524.2937557,689.4736249,643.3785389,606.3966698,608.4506204,618.1198937,527.3533054,633.9187625,617.3236788,585.4791801,617.813614,562.2634923,566.1102865,586.7130143,592.7083053
0.3,525.1091359,690.6884649,642.3865698,607.4458815,610.1195909,619.1224677,527.7142529,634.8820259,618.8185653,586.708374,619.0202796,563.1443612,566.7278664,587.4382975,593.5318728
0.3,525.8155077,691.9130841,641.1782307,608.4741301,611.9514664,620.0847128,528.110511,635.8417048,620.2663547,587.9506737,620.2133686,564.0090011,567.3272596,588.1301238,594.2715225
0.3,526.4126512,693.1492178,639.8695546,609.489218,613.5574573,621.0000173,528.5569154,636.9253658,621.6592158,589.1697845,621.4932609,564.8494053,567.9087319,588.7830677,594.9573889
0.3,526.8996085,694.3972081,638.5377755,610.4968816,615.1245574,621.8364566,529.1906129,638.1016026,622.960562,590.4343563,622.7103694,565.657028,568.5035286,589.3728181,595.6167581
0.3,527.2768145,695.6558851,637.1992816,611.5006966,616.6472771,622.6238393,529.8730055,639.3001225,624.137412,591.659307,626.107501,566.3399758,569.0884722,589.9275961,596.1527726
0.3,527.5486317,696.9231492,635.8724869,612.5021012,618.1250033,623.34555,530.5895625,640.1870206,625.2471563,592.8736395,626.8049435,566.9869175,569.6645814,590.449528,596.6116808
0.3,527.7252435,698.2255656,634.5803506,613.4451179,619.5608576,624.1187705,531.3170694,640.9272292,626.2113938,594.0603322,627.4120145,567.5998471,570.2332089,590.8997184,597.0520313
0.3,527.822096,699.5037684,633.3430627,614.3757142,620.9602395,624.9426997,532.0196987,641.6060485,627.0565333,595.2329698,627.8101142,568.1770641,570.7954966,591.3315594,597.4545839
0.3,527.8577176,700.7773696,632.1728472,615.2993295,622.328998,625.6152594,532.7398722,642.2794085,627.8097502,596.3904419,628.026938,568.7362513,571.3519671,591.7512563,597.8626575
0.3,527.8563515,702.0341176,631.0770595,616.217131,623.6715555,626.2296362,533.4725784,642.9547607,628.514753,597.5153262,628.287695,569.2761342,571.9026392,592.1667099,598.2783963
0.3,527.9062995,703.2703225,630.0621287,617.1323018,624.990052,626.7753829,534.212892,643.667629,629.1769167,598.6252719,628.4674563,569.8057928,572.4420232,592.5864328,598.6206147
0.3,527.9528115,704.4785921,629.1373172,618.0498519,626.2850203,627.0932681,534.9019675,644.424862,629.8020178,599.7622223,628.7663883,570.3271293,572.9290938,593.0170792,598.8757266
0.3,528.0295057,705.6519219,628.3097363,618.9753133,627.8359619,627.3458985,535.5926541,645.3261371,630.3967723,600.847642,628.9654771,570.8386294,573.4102208,593.4619198,599.0936691
0.3,528.1705805,706.7837203,627.5802671,619.9134803,629.4007049,627.5422983,536.2792018,646.3629369,630.9071093,601.9124226,629.2040473,571.299847,573.8850915,593.920776,599.3324613
0.3,528.3836438,707.8685706,626.9459755,620.868261,630.9687884,627.6970274,536.9552309,647.499122,631.373765,602.9410002,629.484164,571.7476293,574.3528249,594.3428179,599.4974654
0.3,528.6882527,708.902584,626.4042322,621.8429581,632.5260905,627.7401287,537.702694,648.9619944,631.8522656,603.9478371,629.6916814,572.1901473,574.8118753,594.7720369,599.7012795
0.3,529.1019408,709.8655902,625.956995,622.8408862,634.0574946,627.7431934,538.3819119,650.5440016,632.2836781,604.8412691,629.9606157,572.6269855,575.2602938,595.2012079,599.9635181
0.3,529.6394753,710.7647406,625.6060174,623.8652475,635.4366625,627.7232407,538.9858735,651.7280669,632.7039742,605.6929422,630.2004878,572.9790632,575.6795864,595.6333425,600.2245194
0.3,530.3128633,711.6127744,625.3475682,624.9186424,636.7002145,627.7949949,539.5463205,652.9928676,633.0590372,606.5075532,630.1992929,573.3216026,576.069234,596.0434095,600.4611099
0.3,531.1286177,712.4535972,625.1725668,626.002458,637.8758147,627.8592677,540.1463989,654.346554,633.4411699,607.2778312,630.1566989,573.6767081,576.446056,596.3203542,600.6500444
0.3,532.0812333,713.2542713,625.0700616,627.1162179,640.9220754,627.9205224,540.723784,655.7975052,633.8582545,608.1074345,630.1804373,574.0344065,576.8144979,596.5853604,600.8221833
0.3,532.9422304,714.0317702,625.0317139,628.2572946,641.9339021,627.9552612,541.3055485,657.2023406,634.3164772,608.9235109,630.1431422,574.4759447,577.1751172,596.7926558,600.9006821
0.3,533.9540413,714.7852226,625.0494032,629.4211948,642.928125,627.9899825,541.8930223,658.6094005,634.8081071,609.7041943,630.1048815,574.8994277,577.5277856,596.9924772,601.0178004
0.3,534.9322192,715.4686441,625.1101591,630.6019923,643.7440237,627.985993,542.4211044,659.9773911,635.392512,610.4571279,630.0017911,575.333093,577.8717593,597.1882073,601.1202374
0.3,535.8709836,716.0973677,625.196079,631.7929642,644.5510039,628.0237852,542.8906631,661.26285,636.0352378,611.1858197,629.9329832,575.7380328,578.2062459,597.3911804,601.2260558
0.3,536.7270978,716.6190581,625.2883122,632.987008,645.4933158,627.8986026,543.3960802,662.4280299,636.7079661,611.856812,629.8426609,576.1350845,578.5207015,597.5846328,601.3403322
0.3,537.488116,717.0649679,625.3723024,634.1766354,646.3526691,627.8202253,543.8936444,663.4479412,637.3258073,612.5307662,629.7334061,576.5447264,578.8275256,597.7901129,601.3898304
0.3,538.1429626,717.4390291,625.438379,635.2994805,647.2581724,627.616638,544.3870038,664.5102324,637.9644657,613.2093571,629.6093913,576.967076,579.1289216,597.9536383,601.4860058
0.3,538.6973004,717.7908897,625.4771548,636.358358,648.2349358,627.4356494,544.8806066,665.2541853,638.6160543,613.8982982,629.4753619,577.4121087,579.4266875,598.1423387,601.5692713
0.3,539.1621064,718.1361494,625.4785056,637.3933099,649.1899181,627.2511714,545.2573813,665.6159738,639.2751213,614.602207,629.3365901,577.8730118,579.7143828,598.3355629,601.6314774
0.3,539.5492655,718.4682659,625.4338964,638.3994018,650.1727988,626.9491796,545.5869952,665.9765499,639.9125075,615.3226676,629.2003062,578.3526904,579.9916576,598.51727,601.6668422
0.3,539.870472,718.7682095,625.3401914,639.3734543,650.8777387,626.6753111,545.9302728,666.193903,640.6158363,615.976597,629.0761322,578.8103407,580.230939,598.7025765,601.6717089
0.3,540.1364623,719.070086,625.2015526,640.3144479,651.535914,626.2936013,546.2977263,666.4089612,641.2913164,616.6016037,628.9681367,579.3084792,580.4673036,598.8899683,601.6444667
0.3,540.3752734,719.3083685,625.0242296,641.2232641,652.1723989,625.96033,546.8125677,666.6489884,641.9596188,617.2155534,628.9337925,579.8386981,580.7003999,599.0551474,601.5857292
0.3,540.555501,719.513488,624.813566,642.1023184,652.7780978,625.6267886,547.4403366,666.8401048,642.6278449,617.8180313,628.9874296,580.3967252,580.9297134,599.2206111,601.4307354
0.3,540.7019014,719.6862899,624.573615,642.9549513,653.3442329,625.2999978,548.0645676,667.0029153,643.1957717,618.3983584,629.0732073,580.974997,581.1547048,599.3825574,601.2480073
0.3,540.8013045,719.8617618,624.309662,643.785116,653.6809473,625.1527869,548.6686025,666.9973614,643.6185052,618.9700098,629.2071748,581.5676606,581.3749437,599.5350387,601.0345916
0.3,540.7838476,720.0405545,624.0306537,644.5974277,653.637458,625.1681569,549.3047764,666.9621484,644.0089057,619.5030739,629.4050542,582.1432873,581.5781899,599.6992584,600.8102356
0.3,540.750226,720.2239624,623.7454109,645.3645166,653.9403992,625.1665086,549.9232161,666.7231037,644.2825099,620.0197385,629.6797295,582.6957443,581.7733129,599.8807272,600.5802843
0.3,540.7123919,720.3847212,623.4594244,646.0904179,654.5091039,624.9534248,550.5689583,666.5033393,644.4219539,620.4482411,630.0397157,583.2437534,581.962548,600.0118893,600.3464953
0.3,540.6767223,720.5523941,623.0522602,646.7118299,655.0778414,624.7362214,551.2186833,666.314729,644.5765232,620.8610692,630.3405905,583.7830159,582.1469396,600.1335492,600.1157465
0.3,540.6501446,720.7281164,622.6502025,647.3490059,655.5194272,624.4922534,551.8573204,666.0728431,644.7510391,621.2279887,630.6543276,584.3094807,582.3142884,600.2435229,599.8946634
0.3,540.6401879,720.9125332,622.2700128,648.0044535,655.9683334,624.2266341,552.4755011,666.1192922,644.9555171,621.5606332,631.0664275,584.8196267,582.495075,600.2571472,599.6890224
0.3,540.654099,721.0812553,621.9133235,648.6778082,656.4281396,623.9424132,553.0639073,666.1890346,645.2611918,621.8852993,631.5719191,585.2761783,582.6670433,600.3474689,599.50409
0.3,540.7688125,721.2610237,621.5790109,649.3662075,656.9309535,623.6365928,553.6161621,666.2769359,645.4682375,622.1726835,632.1532518,585.6659548,582.828976,600.4267203,599.5344454
0.3,540.9527779,721.4321382,621.2618493,650.0670175,657.4714747,623.3297816,554.1311271,666.3884408,645.6949831,622.3948529,632.7872442,586.0824846,582.9808086,600.5226837,599.5443305
0.3,541.2541145,721.6369205,620.955078,650.8061473,658.0414557,623.0238114,554.8494824,666.5205963,645.9237347,622.6149247,636.4060136,586.4399451,583.1213751,600.6092314,599.5505223
0.3,541.5832246,721.8050367,620.6538656,651.5151401,658.6306464,622.7226643,555.5107612,666.5700645,646.1394566,622.8335894,637.1380035,586.7980797,583.2243709,600.6913767,599.5500105
0.3,541.9334055,721.9289072,620.3563069,652.2209477,659.2284012,622.4218352,555.8555632,666.5447339,646.3251545,623.0450664,637.8593047,587.135901,583.315748,600.726531,599.5738765
0.3,542.2015707,722.0531816,620.0598598,652.9564958,659.8190704,622.1296311,556.1902569,666.388285,646.415286,623.2422411,638.5589478,587.4538855,583.3972355,600.7633735,599.6136641
0.3,542.4704548,722.180965,619.7597744,653.63621,660.4000212,621.8529775,556.5268749,666.2072064,646.5010393,623.4325086,639.2303541,587.7570961,583.4710452,600.8034574,599.6321936
0.3,542.7311602,722.3147348,619.4507167,654.3247237,660.9639814,621.5939977,556.8736175,666.0314119,646.5319736,623.5792286,639.8690519,588.0045124,583.5394917,600.8252434,599.6376522
0.3,542.9869888,722.4563075,619.1296619,654.9925019,661.5051825,621.3175526,557.2327135,665.8605291,646.6328109,623.9000503,640.4715564,588.2104441,583.604274,600.7563833,599.6074163
0.3,543.1743743,722.6077175,618.6885208,655.630623,661.9751903,621.0842174,557.6006445,665.9424352,646.729712,624.0110005,641.0342111,588.4144285,583.6690181,600.6698527,599.5748483
0.3,543.2646175,722.7715683,618.2328943,656.2327889,662.4102459,620.8558845,557.9699722,666.1402421,646.8210369,624.0339372,641.5540553,588.6109472,583.7261708,600.567307,599.5439195
0.3,543.3528833,722.9495412,617.7608878,656.8515612,662.814375,620.6367131,558.3309196,666.5914358,646.9494041,624.0343356,642.0295352,588.8110872,583.7832414,600.4436492,599.5147615
0.3,543.4753968,723.2465518,617.2672955,657.4905181,663.1695964,620.4399414,558.641649,667.1272121,647.0925505,624.0062455,642.4602168,588.9670675,583.8397623,600.4072802,599.6991685
0.3,543.5720932,723.5398922,616.7471509,658.1527106,663.4892359,620.2149436,558.9082424,667.7468677,647.2012089,623.91644,642.8341306,589.1478916,583.8975261,600.4514185,599.8596512
0.3,543.6531117,723.9337633,616.1994596,658.8403271,663.7772195,620.0223498,559.114642,668.4387762,647.3064182,623.7972286,643.1553955,589.3196304,583.9506547,600.5267179,600.0202546
0.3,543.7000567,724.3216808,615.6245282,659.5091893,664.0309616,619.8681316,559.2427054,669.2091644,647.4069307,623.639777,643.3939662,589.4489558,584.0028846,600.6068271,600.0181413
0.3,543.7206268,724.6912446,615.0210482,660.152206,664.250698,619.7377665,559.2657074,670.0366906,647.4976552,623.4590403,643.5928199,589.5918712,584.0350618,600.6759788,600.0326509
0.3,543.7117859,725.0360247,614.3857483,660.8749669,664.4423478,619.6474406,559.2522329,670.6637834,647.5715429,623.2486559,643.7578321,589.6313445,584.0187252,600.7247162,600.0639547
0.3,543.6726104,725.2896167,613.7167101,661.6016724,664.6016509,619.5824523,559.1089648,671.2483288,647.6475654,623.0282275,643.8946852,589.7259892,584.0024241,600.7444195,600.1779119
0.3,543.6068268,725.5108927,613.0168027,662.3259507,664.7316996,619.5421593,558.9889523,671.7116685,647.7241905,622.8157553,643.8761714,589.8182729,583.9956724,600.7427332,600.3024101
0.3,543.5229515,725.6432869,612.2922059,663.0432588,664.8020154,619.5151914,558.7997929,671.8389076,647.7398768,622.626037,642.4299115,589.8384513,584.0036451,600.7154254,600.4062566
0.3,543.4140895,725.7578808,611.5485316,663.7511092,664.8293562,619.4957347,558.6051101,671.8165919,647.7042473,622.4851793,642.3746401,589.8574665,584.0310755,600.6418691,600.5176134
0.3,543.269375,725.8595378,610.7888134,664.3887463,664.8096745,619.4791568,558.3398223,670.901919,647.5612322,622.3330671,642.2787492,589.8865118,584.0670326,600.506505,600.6243711
0.3,543.0793806,725.9540817,610.015439,665.0183312,664.7672226,619.4295141,558.0229036,670.0108763,647.4264457,622.1508437,642.1525572,589.9430116,584.0975766,600.3517544,600.6485483
0.3,542.8808708,726.1295734,609.2331147,665.5666853,664.8617787,619.342809,557.6521896,669.2667154,647.2824083,621.9902397,641.9907171,590.0142985,584.1545763,600.1890739,600.7167632
0.3,542.6788259,726.3054886,608.448537,666.0184452,664.9459185,619.2398115,557.2627192,669.1833651,647.1401947,621.8559824,641.8051032,590.0854343,584.236549,600.0214348,600.7841501
0.3,542.3994376,726.4744926,607.6667811,666.4964077,665.0148149,619.1294089,556.3860105,668.9841223,646.9708633,621.6910759,641.5617489,590.1572891,584.3392486,599.8501974,600.8813604
0.3,542.1345453,726.6340682,606.889628,666.9962928,665.0706533,619.008287,555.4181628,668.8020996,646.8043442,621.5330167,641.287065,590.2304665,584.4318727,599.684474,600.9154527
0.3,541.8950518,726.7817052,606.1170355,667.520939,665.1308272,618.8715038,554.4455376,668.5857826,646.639256,621.4079522,640.9963774,590.3054556,584.4859616,599.5161259,600.8297554
0.3,541.6878096,726.9039403,605.350738,668.053366,665.1921921,618.7297454,553.4337375,668.4354239,646.4478837,621.3079034,640.6764183,590.3235834,584.5422958,599.3770677,600.7106418
0.3,541.5314144,727.0049156,604.5950997,668.6477493,665.2156791,618.5755218,552.4696059,668.4589612,646.261046,621.2278944,640.3391384,590.3571112,584.5970216,599.2483508,600.6133558
0.3,541.4223855,727.0531107,603.8538243,669.2458479,665.214859,618.4244442,551.5902542,668.5789414,646.0910033,621.1739837,640.0009899,590.3891837,584.6468484,599.1345849,600.5430271
0.3,541.3285874,727.0625437,603.1277337,669.87199,665.1637289,618.268602,550.8167506,668.7141035,645.8709843,621.1298372,639.6483874,590.3885229,584.6785701,599.0727179,600.5411328
0.3,541.2049341,727.0656946,602.4146248,670.5024118,665.1567386,618.1157016,550.1997392,668.879853,645.6243251,621.0628315,640.9186275,590.3799906,584.6843105,599.0936843,600.5789893
0.3,541.074494,727.0806553,601.7124131,671.121397,665.214797,617.9664889,549.7075087,668.3591902,645.3676953,621.0143694,640.5728889,590.3584501,584.6840555,599.0893973,600.6049376
0.3,540.9229389,727.0881395,601.0201956,671.8109792,665.3081181,617.828522,549.3066845,667.7573054,645.1008241,620.9483143,640.2388347,590.3645234,584.6767202,599.0805307,600.51476
0.3,540.7436672,727.0733862,600.3362934,672.4896117,665.3373471,617.6972751,548.9811849,667.181788,644.8474475,620.8316492,639.9212699,590.4461105,584.6612365,599.0087496,600.4100533
0.3,540.534566,727.0551635,599.656156,673.065934,665.3979045,617.5733479,548.6984952,667.0429322,644.648995,620.716769,639.6247109,590.5517202,584.6352054,598.8353972,600.2598706
0.3,540.2948291,727.0361507,598.971701,673.7165112,665.3967503,617.4621176,548.4752528,667.1590508,644.4642616,620.6080549,639.3528083,590.6608003,584.566604,598.6304158,600.012322
0.3,540.0199872,727.0174583,598.2745907,674.3559836,665.4503182,617.3377296,548.3020521,667.3803896,644.2943739,620.4967868,639.1074199,590.7639686,584.487741,598.3606822,599.7970597
0.3,539.7057571,727.0003302,597.5574464,674.906908,665.4235633,617.2320765,548.2711133,667.4421753,644.1604401,620.3940055,638.8516069,590.8862922,584.3892935,598.0528519,599.5668457
0.3,539.3510995,727.0079048,596.8134717,675.3004293,665.3677689,617.1242823,548.2438398,667.1056376,644.0470385,620.242223,638.529012,591.0227945,584.2683893,597.7416751,599.3589844
0.3,538.9548378,727.0343616,596.0341696,675.6905575,665.2872263,617.0140743,548.2182115,666.2759001,643.9383836,620.0687142,638.2227424,591.1714397,584.1359478,597.4819468,599.1192631
0.3,538.5303303,727.0594722,595.2081891,676.0780134,665.1871365,616.9090266,548.1921088,665.4501432,643.8364563,619.8216598,637.930708,591.3030894,583.9930584,597.3044584,598.8636081
0.3,538.0753934,727.0696572,594.3244284,676.5620167,665.0726202,616.8062543,548.1632829,664.6155687,643.771001,619.5800577,637.6497046,591.4204651,583.841432,597.1239859,598.6156624
0.3,537.6497205,727.0708909,593.3741939,677.0573528,664.9485692,616.6897005,548.134206,663.9217461,643.741376,619.3532245,637.3763244,591.5215051,583.6571561,597.0240836,598.3213341
0.3,537.2168163,727.0780609,592.353107,677.5661575,664.5739865,616.5079685,548.2273367,663.1114533,643.7359821,619.0998876,637.0602793,591.6260113,583.4673902,596.9350668,597.9940515
0.3,536.7903042,727.1297939,591.2599172,678.089744,664.1755189,616.3196943,548.4027927,662.239821,643.7873187,618.8603306,636.7482737,591.737205,583.2743799,596.8848628,597.7060041
0.3,536.381473,727.1937222,590.0960767,678.5169588,663.6926497,616.1318403,548.5761075,661.3815905,643.8599025,618.6250237,636.4396487,591.8452871,583.0796657,596.8306819,597.3611195
0.3,535.9995102,727.2586422,588.8682425,678.8058357,663.2175197,615.9509411,548.7479213,660.6114001,643.8925795,618.40916,636.0309616,591.9635053,582.8842427,596.77969,596.9875985
0.3,535.6516992,727.353755,587.5893735,679.0170727,662.8511864,615.7829805,548.8037003,659.8211715,643.9428969,618.1839567,635.6492713,592.1104156,582.6857278,596.7069515,596.4065136
0.3,535.3435379,727.4730151,586.2786897,679.1985183,662.5238414,615.7326802,548.851173,659.2620046,643.9925554,617.9693799,635.2951831,592.2556316,582.4347423,596.6288309,595.7588996
0.3,535.0803079,727.599256,584.9574742,679.3836275,662.2436271,615.7322875,549.0208859,659.0329671,644.0414964,617.7619047,634.9683974,592.3820303,582.1841644,596.5505454,595.0451396
0.3,534.8680201,727.7214842,583.6446251,679.5876834,662.01486,615.7461429,549.2229076,658.8586748,644.1696921,617.4240975,633.2669874,592.4419455,581.9206163,596.495265,594.1798052
0.3,534.711553,727.7835108,582.3552116,679.7980376,661.8382616,615.7739804,549.3620877,658.7048441,644.2834642,617.1262919,633.0525431,592.4858686,581.6389923,596.4312075,593.2521469
0.3,534.6130697,727.8514172,581.1008705,680.0883901,661.7100311,615.8146687,549.6380863,658.5998609,644.3764174,616.8681279,632.8842868,592.5246825,581.3544624,596.3809891,592.2742314
0.3,534.5703267,727.8973376,579.890884,680.3765105,661.6219313,615.8664012,549.9761707,658.540271,644.4670126,616.5733305,632.711907,592.5091535,581.0670787,596.3416855,591.2880867
0.3,534.5678264,727.945159,578.7319299,680.7810123,661.5621119,615.9270463,550.3734157,658.7293984,644.5656422,616.29954,632.5223066,592.4339574,580.7762869,596.2642881,590.3384115
0.3,534.6140365,727.9945777,577.6267786,681.1657134,661.5163391,615.949056,550.8289621,658.9780326,644.6366643,616.0110851,632.3204095,592.4042666,580.4811712,596.1534194,589.4599798
0.3,534.6904732,728.0471946,576.5749947,681.5433408,661.4699783,615.980407,551.3431954,659.244083,644.6961695,615.7166724,632.1046725,592.3573705,580.1809079,596.0474067,588.8512613
0.3,534.7878753,728.1242605,575.5750072,681.7846504,661.2780588,615.9355693,551.9348089,659.5147554,644.7446931,615.376279,631.8625788,592.3146721,579.8750944,595.8801582,588.3392653
0.3,534.8994726,728.2054204,574.6253603,681.9933816,661.0402835,615.8900332,552.5286345,659.7942815,644.6645105,614.9528666,631.6127804,592.2797273,579.5639944,595.7407514,587.9118617
0.3,535.0215113,728.289329,573.7248079,682.1308395,660.7481402,615.8414551,553.0895463,660.0392486,644.5293686,614.5142516,631.2697177,592.2477823,579.2483675,595.6246773,587.5990411
0.3,535.2328746,728.4256011,572.869746,682.2352649,660.4186973,615.7875489,553.5323021,660.54843,644.403756,614.0663293,630.9012164,592.2253661,578.9326554,595.5011176,587.3385765
0.3,535.4370548,728.5655735,572.0542245,682.3147907,660.0145995,616.9844716,553.9131236,661.0632565,644.3032358,613.60618,630.5287395,592.2248737,578.6127536,595.3917067,587.114299
0.3,535.6285135,728.7053782,571.2720911,682.3785201,659.5494814,616.9619233,554.1117781,661.6132914,644.2043759,613.1308843,630.1005858,592.2762109,578.2892234,595.3869348,586.930635
0.3,535.8021118,728.6308173,570.5185337,682.4793869,659.0424314,616.9293359,554.2037206,662.8042435,644.0947685,612.6382312,629.6312473,592.3415896,577.9605191,595.3728623,586.7945431
0.3,535.9541121,728.496504,569.7917818,682.5578527,658.5063398,616.9011661,554.1259994,664.0042895,643.9960154,612.127196,629.2022813,592.4301897,577.6299526,595.3575864,586.6665109
0.3,536.0810265,728.3175767,569.0903538,682.6956953,657.9539444,616.8610235,553.9577573,665.2087536,643.9365153,611.6126801,628.773857,592.5131638,577.2980931,595.3924754,586.5154142
0.3,536.1443333,728.1186283,568.4120909,682.7900944,657.394785,616.7689656,553.7115087,665.9464666,643.8696128,611.0696731,628.281455,592.59663,576.966015,595.3921676,586.3099018
0.3,536.1385109,727.9030342,567.7545187,682.8702861,656.8337035,616.6403648,553.4012253,666.5890944,643.7931579,610.5053099,627.7676581,592.6877758,576.6344682,595.3822353,586.0539084
0.3,536.0963268,727.6538489,567.1147387,682.9414884,656.2709867,616.4673714,553.0417206,667.2054026,643.7059769,609.92718,627.2591155,592.7746505,576.3075863,595.3605464,585.8049355
0.3,536.0174422,727.4018769,566.4911997,683.0080206,655.7035789,616.2984171,552.7283375,667.6773304,643.6076052,609.3410622,626.7347148,592.8426616,575.9836967,595.3136502,585.7073312
0.3,535.9122477,727.1533291,565.8817793,683.0484926,655.1267043,616.0967434,552.7141485,667.9756622,643.4821582,608.7468996,626.225999,592.9045735,575.6674575,595.2258545,585.5875274
0.3,535.7770225,726.9113849,565.2827866,683.0662146,654.535287,615.9404553,552.5339784,667.8977218,643.2941764,608.1518635,625.733149,592.9465749,575.3582509,595.1179346,585.4796135
0.3,535.6514706,726.679319,564.6891585,683.0367454,653.9169243,615.8063169,552.3587266,667.7287306,643.107497,607.5538788,625.2270139,592.9678687,575.0584279,594.9642008,585.2026971
0.3,535.5972704,726.4598049,564.0951186,683.0042771,653.2459983,615.6758479,552.1819776,667.638403,642.9173508,606.9633871,624.709198,592.9862606,574.7623395,594.7570283,584.9222617
0.3,535.5417767,726.2542913,563.4966295,682.9612614,652.5667535,615.5461976,551.9978305,667.4818009,642.7182022,606.3873157,624.1916131,593.0636827,574.4935149,594.6003908,584.6452575
0.3,535.5193196,726.0578973,562.8913397,682.9146898,651.8303867,615.4333833,551.7652345,667.2859101,642.5437428,605.9447475,623.6640951,593.1401431,574.2049117,594.4273347,584.322235
0.3,535.502484,725.8806112,562.2779044,683.2672931,651.0874244,615.3316189,551.5906668,667.0608701,642.3864164,605.5318348,623.0820399,593.2019052,573.9509986,594.2691271,583.9942068
0.3,535.5111459,725.6916581,561.6558461,683.2600189,650.3462083,615.2531879,551.3903386,666.8203108,642.2889832,605.1211696,622.4877076,593.2783786,573.6814939,594.1276711,583.6588365
0.3,535.5519232,725.4992721,561.0252407,683.1429133,649.6373927,615.1995237,551.217365,666.8534935,642.243239,604.6875412,621.8804542,593.3724742,573.4216808,594.0838639,583.2768047
0.3,535.5402812,725.3224525,560.388302,682.9441461,649.3272016,615.161214,551.0719502,666.8934565,642.2176281,604.2593181,621.2589198,593.4849427,573.1507473,594.0684525,582.8879961
0.3,535.538615,725.1606872,559.7499734,682.6922849,649.0154671,615.0747049,550.9420487,667.1383427,642.2027255,603.8545211,620.7869965,593.6143296,572.8826881,594.0545075,582.4950567
0.3,535.5463845,725.0131844,559.1161495,682.417534,648.7074977,614.9770934,550.8298392,667.4557277,642.1675652,603.4879269,620.1340798,593.7569274,572.6075254,594.0576246,582.1070381
0.3,535.450041,724.9004377,558.4920755,682.1400112,648.4089084,614.8493168,550.8327952,667.540859,642.1540035,603.1330013,619.4651395,593.8955803,572.233489,594.0602365,581.8291721
0.3,535.2822696,724.8859824,557.8814664,681.8979711,648.2875914,614.7362127,550.8456754,667.4438502,642.1317602,602.7768638,618.864231,594.0327773,571.8639258,594.0319024,581.5999151
0.3,535.0527825,724.8765338,557.2877051,681.5866725,648.1681141,614.6310722,550.7972259,667.1828598,642.0159346,602.4694463,618.2485368,594.1796731,571.501186,594.0409589,581.3213691
0.3,534.5773111,724.8642527,556.7151036,681.2729678,648.049456,614.5203713,550.7184797,666.7967857,641.8923522,602.1521494,617.6189517,594.3054828,571.1304863,593.9401233,581.0678677
0.3,534.069903,724.8203194,556.1675552,680.9028483,647.9136845,614.4038603,550.557975,666.228058,641.7263323,601.8683947,616.9835008,594.4338146,570.7813793,593.7979932,580.9229138
0.3,533.5347048,724.7659578,555.6471175,680.5458896,647.7769881,614.2890839,550.2763915,665.5289543,641.510415,601.6220351,616.3657292,594.5972516,570.441961,593.6273813,580.6760477
0.3,532.9757428,724.7127973,555.1526065,680.226935,647.63874,614.1813512,549.9347043,664.808985,641.3040843,601.3271439,615.7552782,594.6892794,570.1019941,593.3926487,580.4407852
0.3,532.3960093,724.7353703,554.6816987,679.9511571,647.496485,614.0844086,549.5863371,663.7387463,641.1076218,601.0993965,615.121134,594.7737627,569.7768506,593.0348911,580.2732156
0.3,531.7979969,724.7548268,554.2336703,679.7659629,647.3060424,613.9831221,549.2697814,662.6742914,640.9271408,600.8277506,614.5149511,594.849811,569.4582357,592.6640366,580.112002
0.3,531.1895737,724.7806384,553.8095604,679.6664474,647.5825213,613.8938107,549.0465204,661.5582009,640.8057103,600.5389757,613.9398044,594.9168465,569.1496264,592.2857848,579.9752614
0.3,530.5806915,724.8057376,553.410981,679.5216869,647.8991862,613.8140152,548.8777016,660.4288689,640.6987287,600.2436772,613.3965609,594.9744375,568.8563208,591.9188007,579.8742784
0.3,529.9596493,724.8283133,553.037597,679.3876526,648.2474359,613.7063377,548.753585,659.5693878,640.5768877,599.9741096,612.8420139,595.0219036,568.5691074,591.5984687,579.7881703
0.3,529.3315269,724.8467553,552.6884081,679.2657424,648.6192728,613.6467871,548.6708835,658.6003464,640.4936727,599.6965122,612.3580621,595.0168495,568.2870958,591.308508,579.7261504
0.3,528.7040304,725.0081474,552.3633239,679.156593,649.178996,613.5320795,548.6438275,657.8180954,640.418108,599.4423119,611.8998103,594.9610823,568.010209,590.9197085,579.7137637
0.3,528.0853739,725.1872767,552.0631989,679.1008428,649.7725976,613.4154825,548.6274136,657.2119109,640.3480329,599.1494038,611.4642611,594.9908943,567.7392455,590.5379155,579.6950624
0.3,527.397271,725.3662634,551.7880978,679.0170016,650.403298,613.2782819,548.5215246,656.8592153,640.2812431,598.8505398,611.0481088,595.0238592,567.4753407,590.2184843,579.6472369
0.3,526.728061,725.570353,551.5636957,678.9444433,650.9837856,613.1454817,548.4211663,656.9768594,640.2204534,598.472609,610.6482224,595.0549187,567.2430035,589.9724659,579.5912983
0.3,526.0422753,725.7187094,551.4411897,678.8912207,651.2587827,613.0139389,548.2824614,656.9875629,640.1906466,598.1132627,610.2628417,595.0803759,566.9847772,589.7655903,579.6672479
0.3,525.1724666,725.8888349,551.302557,678.8331255,651.391712,612.8833389,548.1408674,656.7552137,640.1235993,597.7582015,609.8920524,595.0505854,566.7275394,589.5449222,579.7422583
0.3,524.3365299,726.0803185,551.1431894,678.7803586,651.1569267,612.8002401,547.9715562,656.4835902,640.0917188,597.3817376,609.5420575,594.9945079,566.4722887,589.3544658,579.8385771
0.3,523.5418066,726.2989801,550.9582014,678.7353846,650.9084124,612.7207727,547.7884698,656.2983073,640.0359839,596.9779672,609.2571351,594.9305904,566.2199834,589.1842392,580.0339349
0.3,522.8009734,726.5256859,550.7410582,678.7460115,650.6303228,612.6340254,547.6552822,655.9675149,639.9831106,596.5078651,608.9559339,594.8789624,565.9716568,589.0232962,580.119482
0.3,522.4330254,726.7871176,550.4860669,678.778882,650.3336549,612.6356408,547.5145968,655.5700838,639.9068504,596.026656,608.6531541,594.8253066,565.7283471,588.8847737,580.24447
0.3,522.0030988,727.0484847,550.1898088,678.8212999,650.0385738,612.6253527,547.367913,655.4307159,639.8397947,595.5263724,608.3552812,594.7721562,565.4727004,588.758041,580.3302668
0.3,521.7010877,727.3505253,549.8526498,678.8689026,649.7471732,612.5903239,547.2808698,655.2519723,639.7353066,594.9240334,608.1076891,594.7006118,565.2237984,588.6671454,580.4485119
0.3,521.4754747,727.6456051,549.4769035,678.9325921,649.4456898,612.5955687,547.2330147,654.9289105,639.7079468,594.3977757,607.8780094,594.5701133,564.9676765,588.5363113,580.5776941
0.3,521.2370789,727.8764249,549.0645906,678.9657126,649.1344258,612.5932736,547.1423854,654.5098677,639.6918596,593.7995092,607.6378671,594.4497461,564.7547622,588.3869892,580.7294351
0.3,520.9420896,728.0013387,548.619077,678.9774818,648.8506265,612.5854058,547.0419999,654.0424056,639.7545711,593.2132267,607.4041819,594.3604845,564.5339565,588.2292121,580.917935
0.3,520.6313449,728.0727157,548.1462216,679.0054564,648.5624339,612.5754535,546.9295397,653.5327575,639.8294724,592.6335534,607.1811289,594.2825562,564.3046089,588.0521051,581.0950802
0.3,520.3042433,728.1260304,547.7502749,679.035743,648.2763868,612.5553322,546.8018206,653.0842823,639.8884078,592.107669,606.9779566,594.247549,564.0846039,587.8684452,581.2468647
0.3,519.9872975,728.1725601,547.3362152,679.063471,647.8639208,612.5272781,546.6503881,652.6056188,639.9181349,591.6415753,606.7919489,594.239808,563.8647543,587.6687137,581.3559628
0.3,519.6839811,728.2184935,546.6344612,679.0827644,647.2638888,612.5477582,546.3426297,652.1061993,639.8741458,591.2369096,606.622207,594.2816097,563.6361748,587.4532871,581.4054613
0.3,519.4018615,728.2805528,545.9447882,679.1194159,646.7615935,612.5888308,545.8481618,651.7168831,639.7774226,590.8828853,606.4759123,594.3388418,563.3522389,587.2236002,581.4256415
0.3,519.1503916,728.3402265,545.2859189,679.1698504,646.3252731,612.6678591,545.3276996,651.3830443,639.6816228,590.6402947,606.3742449,594.428123,563.0406998,586.9811338,581.2246522
0.3,518.8988515,728.3540997,544.6767842,679.2200394,645.8259656,612.7894809,544.7773053,651.0086973,639.590138,590.3761994,606.283835,594.5329244,562.731496,586.7057866,580.9893031
0.3,518.6853079,728.3587751,544.721277,679.2764962,645.3314681,612.9886305,544.2622469,650.7905214,639.5048876,590.1161264,606.2002251,594.6546915,562.4276025,586.4045395,580.7346956
0.3,518.4549865,728.5231253,544.8229722,679.3159098,644.8409063,613.2201052,543.7725022,650.8771289,639.4127391,589.867882,606.1194843,594.7719606,562.1278396,586.0854019,580.4601801
0.3,518.4001791,728.6915605,544.9227429,679.3462572,644.3524781,613.2755777,543.3063401,651.3350881,639.3282941,589.6206629,606.0383024,594.831494,561.8344546,585.7844729,580.3670543
0.3,518.4372336,728.8312326,545.0222446,679.3566466,643.8642522,613.2853273,542.8019816,651.7962885,639.2914243,589.39348,605.9539173,594.8659834,561.554486,585.3819167,580.2956926
0.3,518.4181852,728.9450831,545.1237799,679.3639414,643.373844,613.3054476,542.425128,652.2494393,639.2549733,589.1674121,605.8049131,594.8805218,561.2711195,584.9637106,580.2675063
0.3,518.3959115,729.0565013,545.230579,679.3113135,642.8783199,613.3091979,542.1015947,652.6755235,639.2459779,588.9804032,605.6424009,594.7512358,561.0370947,584.5419003,580.2441062
0.3,518.3752469,729.1765216,545.3460777,679.2650772,642.3743512,613.3079684,541.8544981,652.9927623,639.2363792,588.7978501,605.4457051,594.5396424,560.8182648,584.1211432,580.0602645
0.3,518.3540978,729.294817,545.4729031,679.2803991,641.858472,613.3035711,541.6314893,652.8653046,639.2284913,588.6104607,604.9416508,594.320172,560.5917398,583.702579,579.8143973
0.3,518.32921,729.398768,545.6125294,679.2863748,641.3280385,613.3053497,541.3787145,652.7118468,639.2084871,588.4370973,604.4026835,594.1412136,560.3760014,583.255016,579.5555751
0.3,518.2968813,729.4856189,545.7649299,679.289181,640.7812185,613.2929408,541.0892833,652.5517539,639.1931392,588.3439599,603.9123567,593.8942017,560.1701817,598.8628754,579.2895196
0.3,518.253788,729.5545247,545.9289164,679.3045572,640.3407016,613.2741424,540.859679,652.4743614,639.1855345,588.1823727,603.4873806,593.6305382,559.9726073,598.6847356,579.0040961
0.3,518.1982835,729.6072996,546.1022221,679.3269618,639.8886086,613.2374288,540.5823119,652.4474301,639.2136304,587.9734428,603.0950645,593.3809328,559.781102,598.5192597,578.6412838
0.3,518.131833,729.645669,546.281263,679.3547984,639.1593896,613.2068343,540.305638,652.4681808,639.2275462,587.7652945,602.7405934,593.142817,559.593095,598.3797096,578.2620644
0.3,518.0591535,729.860468,546.6499251,679.3770194,638.6879646,613.1560407,540.0287416,652.5343263,639.2609721,587.5699604,602.4267853,592.914808,559.4059741,598.2370721,577.8301239
0.3,517.9924114,730.076488,547.0458507,679.393614,638.2047945,613.1118731,539.736405,653.3822748,639.2902291,587.3896057,602.1541932,592.6983312,559.2174594,598.115212,577.3957585
0.3,517.9129725,730.273742,547.4648604,679.4160321,637.5920375,612.8545234,539.4212926,654.2687708,639.258972,587.2751611,601.921123,592.4944103,559.0260325,597.998476,577.0512939
0.3,517.8109388,730.474812,547.9022482,679.4608628,636.9816898,612.6140742,539.1059467,655.1663796,639.0693552,587.3267596,601.7233586,592.3050847,558.8315671,597.8846888,576.7544136
0.3,517.8056681,730.6839964,548.3504471,679.4751979,636.3793082,612.4063887,538.7884483,656.0913802,638.8876711,587.3536033,601.5544716,592.1383233,558.6351264,597.7720278,576.3291357
0.3,517.8277886,730.8992973,548.8021982,679.4857648,635.7897747,612.3300108,538.5903015,656.9673183,638.7214552,587.3868826,601.4067685,591.8173046,558.4381101,597.6623987,575.8789148
0.3,517.9138795,731.1356689,549.2520599,679.5779865,635.2169662,612.3076406,538.390207,657.6743068,638.5635492,587.399625,601.2411497,591.5185414,558.241583,597.579884,575.4045864
0.3,518.0099097,731.207572,549.6981446,679.6736545,634.6724067,612.2905996,538.1164023,658.1021163,638.4257979,587.4029016,601.0668743,591.2506613,558.0197835,597.4782384,574.9513742
0.3,518.1135469,731.2650875,550.1408348,679.7616404,634.1422733,611.072863,537.8135457,658.424186,638.1335302,587.2834129,600.8997068,591.0980559,557.7968759,597.3874731,574.5173066
0.3,518.2239399,731.3097242,550.5788459,679.8694431,633.6300146,611.078105,537.5042552,658.7369989,637.8456321,587.0601283,600.6885065,590.9350066,557.5717405,597.3055844,574.2730235
0.3,518.3417372,731.3451731,551.0104766,680.0177981,633.1281319,611.0572902,537.2037071,659.0411812,637.551468,586.8216383,600.5122651,590.7688733,557.3427118,597.2296223,574.0359587
0.3,518.467485,731.3683373,551.4239532,680.1395424,632.6437951,610.9680808,536.753781,659.4765502,637.2653714,586.5396059,600.3287241,590.6049044,557.1083423,597.2030865,573.8095002
0.3,518.5135706,731.3210318,551.8369983,680.2236759,632.2178569,610.8426159,536.2854638,659.6065797,636.9816026,586.2165255,600.1678782,590.4424532,556.8294545,597.1825058,573.5931872
0.3,518.5518873,731.2732437,552.2465928,680.3007278,631.9801381,610.6958539,535.8259657,659.7621656,636.6498785,585.878948,599.8743856,590.281323,556.5500517,597.2035727,573.3829617
0.3,518.6137148,731.2237721,552.6474057,680.2972423,630.449352,610.5193278,535.3877103,659.9537204,636.3374144,585.5307164,599.5471306,590.0939585,556.269534,597.2288909,573.1919222
0.3,518.6505372,731.1715092,553.0330002,680.2724993,629.5631414,610.2565334,535.0267159,660.115268,636.0749193,585.1778084,599.2442447,589.9070122,555.9876988,597.2553724,573.0342568
0.3,518.8011741,731.0647063,553.398213,680.1937845,628.7613894,609.955005,531.9982992,660.2829637,635.8211115,584.9732465,599.0269342,589.7190737,555.7047714,597.2620364,572.9180105
0.3,518.905869,730.9597022,553.7400426,680.100427,628.5399813,609.694419,531.8911917,660.507334,635.5670041,584.7678655,598.8273842,589.5442706,555.4215463,597.2604135,572.7319661
0.3,519.0489529,730.8579677,554.0579952,679.9811773,628.2285918,609.4655075,531.7313843,660.7095959,635.3249489,584.4762672,598.6559681,589.3567312,555.1398308,597.2581398,572.5054224
0.3,519.2241554,730.6815265,554.3506273,679.8593384,627.997523,609.2678,531.5350132,661.0728986,635.0856536,584.1247304,598.6237332,589.1537123,554.8790623,597.2840469,572.2761804
0.3,519.4943252,730.3044678,554.614839,679.7353047,627.6682044,609.1678524,531.3342299,661.6152302,634.6373887,583.7055627,598.5396009,588.982617,554.6218679,597.2409554,572.0534925
0.3,519.8194992,729.9255318,554.848124,679.5437508,627.4095229,609.1102152,531.127587,662.1644274,633.9620831,583.2373815,598.4478108,588.7093855,554.3714153,597.1843889,571.8512445
0.3,519.853924,729.5509159,555.0491158,679.3992795,627.0917715,609.0690456,530.91158,662.6797825,633.2331036,582.7471982,598.3607193,588.385706,554.1209421,597.0999103,571.8080064
0.3,519.9655667,729.2291704,555.0193044,679.2276193,626.7513167,608.9807155,530.7312951,663.2333695,632.4749227,582.3023686,598.2820971,588.0116168,553.8831412,597.0094216,571.791188
0.3,520.04713,728.8666414,554.9568272,679.0692405,625.7071975,608.8585299,530.3376653,663.6302874,631.6945125,581.8403765,598.1739616,587.5931741,553.6395664,596.9222927,571.7956746
0.3,520.1278946,728.4870737,554.8632394,678.887587,625.3924578,608.7146596,529.9126802,663.9708902,642.1011501,581.372486,598.1656595,587.1423462,553.3857099,596.828754,571.7940492
0.3,520.1344779,728.1201371,554.7317982,678.756493,625.1386341,608.5702972,529.4542822,664.2198285,641.8431411,580.9164342,598.1377184,586.6649911,553.131158,596.7528778,571.6908051
0.3,520.0784703,727.7678761,554.5563408,678.6269345,624.9584185,608.3666811,528.9295545,664.4506139,641.5973257,580.4741412,598.1392276,586.1872023,552.8907542,596.7273609,571.5600584
0.3,519.9059844,727.4182538,554.3319126,678.5116568,624.7889079,608.1041892,528.4087978,664.661257,641.3530012,580.0473459,598.1412557,585.7973333,552.6563868,596.6994896,571.4217397
0.3,519.6829154,727.1152252,554.0551513,678.4073101,624.9518999,607.8366624,528.0641769,664.4286704,641.0490637,579.6468791,598.1610644,585.4368195,552.4276561,596.660337,571.2971374
0.3,519.4730077,726.8231584,553.7244837,678.3142581,625.1076998,607.5588831,527.7049555,664.1916883,640.8456923,579.2650492,598.1771025,585.1168134,552.1985133,596.6217801,571.1730193
0.3,519.238062,726.5373559,553.3404887,678.2477399,625.2504214,607.2757528,527.3946048,663.96586,640.6316086,578.5392416,598.1129519,584.8057386,551.9665026,596.5900847,571.0391743
0.3,518.9919837,726.2722437,552.9060274,678.1767071,625.3774796,607.0119315,527.1320457,663.7637522,640.3950599,578.166185,598.0874925,584.5283037,551.7250571,596.2327308,570.8821725
0.3,518.758661,726.0227415,552.4261981,678.0457741,625.4902146,606.7773071,527.0970454,663.5878285,640.1442934,577.8209657,597.9571132,584.2755003,551.4758439,596.1130082,570.7388785
0.3,518.4924244,725.7693297,551.9080657,677.900414,625.5920222,606.5517642,527.1093258,663.1942053,639.8953718,577.4991477,597.7155051,584.0543643,551.2211455,595.9739974,570.5838215
0.3,518.2583119,725.5283437,551.3602374,677.7697055,625.6869654,606.3274335,527.1252237,662.8566496,639.659935,577.3403112,597.4475169,583.8548849,550.9581712,595.7933881,570.4469149
0.3,518.1158157,725.3137063,550.6916623,677.5692263,625.730808,606.2014904,527.0870684,662.7269634,639.4153432,577.203067,597.1362758,583.6784882,550.6614334,595.5871162,570.2932825
0.3,518.0019288,725.1267478,550.0151574,677.3893448,625.5628661,606.1275069,527.0361884,662.8664165,639.1879175,576.9429026,596.8123603,583.5529858,550.3535035,595.3743481,570.1155056
0.3,517.7724933,724.9483933,549.3440352,677.193294,625.3781581,606.0393749,526.9605885,662.5783026,638.9715168,576.7138872,596.4813501,583.4639778,550.0428314,595.1634575,569.9064221
0.3,517.5512755,724.8043583,548.69242,676.9998489,625.255588,605.9418147,526.868939,662.5977056,638.7620015,576.4987861,596.1485725,583.2855628,549.7477095,595.2483865,569.5452571
0.3,517.3498683,724.654252,548.071526,676.8662155,625.1524684,605.8347241,526.7107145,662.5967247,638.5014012,576.1913307,595.8188548,583.2802797,549.4570516,595.3424349,569.1647868
0.3,517.0580224,724.460963,547.5302829,676.7426238,625.0660091,605.658289,526.5634544,662.5125215,638.0467526,575.8729723,595.4963611,583.2801589,549.1697888,595.4433065,568.7794257
0.3,516.8211592,724.2602134,547.0560744,676.6114704,624.98707,605.4688314,526.4151262,662.0489379,637.6716971,575.6391406,595.184402,583.282518,548.8857044,595.5354167,568.5948421
0.3,516.6066213,724.0443272,546.6164641,676.5092289,624.9257388,605.18858,526.2694995,661.559077,637.3883242,575.3871823,594.8853353,583.2662844,548.5995042,595.6265283,568.4203981
0.3,516.4144236,723.8260776,546.2244171,676.4685937,624.8689285,604.8338137,526.1127233,661.0617828,636.9890708,575.1184553,594.6018006,583.2509476,548.3096176,595.7559967,568.2195525
0.3,516.25354,723.6845988,545.8699318,676.4536343,624.8116167,604.5308877,525.9536806,660.7217877,636.5877286,574.8343605,594.3138637,583.2358792,548.0215982,595.8705956,568.0193388
0.3,516.1175938,723.5113799,545.5647602,676.3986084,624.7486195,604.2228455,525.8623684,660.3153414,636.1917179,574.5342458,593.9014665,583.2697287,547.734555,595.9121801,567.8064645
0.3,515.9281872,723.3501654,545.32062,676.4307486,624.6355967,603.908886,525.7862735,660.126334,635.7987157,574.218412,593.4525772,583.2991172,547.4476882,595.9372287,567.5771644
0.3,515.7498026,723.1743204,545.1125611,676.4353894,617.6837711,603.6116056,525.6823192,659.9993919,635.3814144,573.8879291,593.0008705,583.1142153,547.1612652,595.896645,567.3153468
0.3,515.585206,722.9732236,544.924202,676.3395639,617.458777,603.3348293,525.5909329,659.9380076,635.0082416,573.5444575,592.5545489,582.9307402,546.876762,595.8612782,567.0450312
0.3,515.252564,722.7335447,544.8682897,676.2192391,617.2772338,603.08372,525.4911874,660.1460554,634.645932,573.2188599,592.1166337,582.8409845,546.5963119,595.7726317,566.7727056
0.3,514.8195551,722.4993664,544.8323353,676.1110037,616.7507533,602.8321922,525.4585575,660.6167742,634.3020345,572.896306,591.7022126,582.7698386,546.3221301,595.7188148,566.489313
0.3,514.3544788,722.2277295,544.8164339,676.0075489,616.1598433,602.6912698,525.4283325,661.1505906,633.9725858,572.5720811,591.3207826,582.7202991,546.1026264,595.7215853,566.2016345
0.3,513.8543689,721.9220403,544.8044772,675.898568,615.2454772,602.6011207,525.3596042,661.6856815,633.7377058,572.2221167,591.026347,582.6913961,545.898172,595.7018051,565.9247389
0.3,513.3157807,721.5866886,544.7934531,675.8297155,613.918898,602.4277745,525.3486863,662.2043834,633.5743308,571.9210565,574.2836401,582.6673267,545.7076012,595.7329321,565.7255198
0.3,512.7360201,721.2476701,544.787347,675.7619571,612.3432668,602.2539547,525.1644975,662.6081193,633.3789153,571.7084565,574.1820907,582.6262141,545.5293821,595.7438897,565.6340205
0.3,512.1146143,720.9114374,544.787347,675.7493588,610.80358,602.0176631,524.9993074,662.9078335,633.0590215,571.4115305,574.0109207,582.6295819,545.3620723,595.7723235,565.4646176
0.3,511.4541409,720.6305454,544.787347,675.7467629,609.4505514,601.7961921,524.8006358,663.5473468,632.7343785,571.1175554,573.7840354,582.6213505,545.2041892,595.7999244,565.3450997
0.3,510.6597379,720.3696577,544.787347,675.749419,608.3062401,601.5807274,524.6183935,664.2511134,632.3924372,570.8206385,573.482975,582.6227559,544.9982231,595.8874174,565.2298045
0.3,509.7336517,720.1510226,544.6973929,675.759844,607.3435817,601.3720583,524.4562087,665.1110031,632.0463177,570.5472676,573.0962307,582.6294036,544.7986258,595.875799,565.1092428
0.3,508.7244965,719.9312967,544.5845463,675.7801308,606.5088529,601.1356718,524.3191196,665.9145505,631.6947716,570.2654181,572.6430666,582.569929,544.6161917,595.811802,564.9903279
0.3,507.6806048,719.6944225,544.4550018,675.7932743,605.8045706,600.9192449,524.2124534,666.3411088,631.3444256,569.9822289,572.1025484,582.423987,544.433629,595.7118376,564.8507785
0.3,506.5900514,719.5077242,544.3079638,675.7617064,605.2312354,600.7689328,524.1557328,666.8122979,631.0025657,569.7154817,571.4994,582.2656778,544.2483428,595.6157547,564.7137017
0.3,505.50444,719.3386703,544.1493812,675.7632177,605.0356282,600.6385645,524.128259,667.351341,630.6166555,569.4897883,570.7630996,582.1042686,544.0546493,595.5729024,564.5895369
0.3,504.4542298,719.1773051,543.9734653,675.7822445,604.802574,600.5553667,524.1472374,667.9230588,630.2383549,569.2415235,569.8403491,581.9507212,543.8585969,595.5427653,564.4657753
0.3,504.2543136,719.0388279,543.7885382,675.7943362,604.5961563,600.588859,524.2203371,668.4638108,629.970005,568.9680148,568.9387017,581.8515943,543.6558274,595.5397337,564.2605015
0.3,504.1933547,718.9171142,543.6017142,675.8301686,604.3916129,600.6441923,524.3189485,668.6097203,629.8155361,568.6424246,567.948922,581.6236593,543.4529973,595.546298,564.0494214
0.3,504.1370816,718.8282358,543.4177016,675.8108355,604.1717313,600.6910894,524.320675,668.7781825,629.6819547,568.3005444,566.9734785,581.3658888,543.2615636,595.5681806,563.8284641
0.3,504.0840734,718.7685945,543.2406831,675.8853565,604.0431264,600.7014334,524.3095643,668.8987472,629.5612004,567.9348735,565.9797617,581.0848407,543.0693479,595.5635183,563.57957
0.3,504.0323232,718.714828,543.0752231,675.9442287,603.8606306,600.7145175,524.2438937,668.8654458,629.4044112,567.5642651,565.0209647,580.78184,542.8670055,595.5554384,563.236901
0.3,503.9797132,718.6712869,542.9255276,676.0016504,603.8497745,600.7280942,524.116369,668.7293675,629.2723177,567.1974856,564.2366498,580.4838655,542.6566593,595.5539093,562.8763827
0.3,503.9231997,718.7041561,542.791282,676.0610409,603.8162172,600.7201219,523.975928,668.5767938,629.1238736,566.8410834,564.0551526,580.1984887,542.4298806,595.4169446,562.4877893
0.3,503.8584642,718.7515579,542.6662004,676.1234033,603.7482908,600.7296858,523.8076683,668.3325484,628.9625399,566.4758891,563.8526951,579.912422,542.1914237,595.2249145,562.0739521
0.3,503.7810251,718.8014693,542.5413467,676.1901265,603.7310668,600.75908,523.6193727,667.6205236,628.7753295,566.078377,563.6485994,579.6330697,541.9361351,594.9731395,561.6820115
0.3,503.6478814,718.8657173,542.4069641,676.2626681,603.7639414,600.7752788,523.4206907,666.7459725,628.5799558,565.7049845,563.4382429,579.3921548,541.6709503,594.7249369,561.3674593
0.3,503.4435193,718.9746355,542.253741,676.3424117,603.8262043,600.8492805,523.225998,665.846503,628.4090835,565.2996228,563.2165776,579.1843934,541.3978421,594.5383814,561.1255814
0.3,503.267508,719.0932673,542.0707634,676.4262798,603.8262094,600.9271408,523.0693484,664.9565302,628.2426491,564.980849,562.9790292,579.0091606,541.1198077,594.3494742,560.832001
0.3,503.0557157,719.1856117,541.8447928,676.4949266,603.9146199,601.0233683,522.9386044,664.1160938,628.1407769,564.6580363,562.722068,578.8634869,540.8408422,594.1260047,560.5624175
0.3,503.3990007,719.2276905,541.4740093,676.543375,604.0650741,601.0539775,523.0273996,663.0012377,628.0512153,564.325007,562.3865712,578.6392538,540.5657959,593.8951601,560.2529657
0.3,503.828757,719.2676023,541.0382508,676.4901558,604.1595066,601.0360507,523.1595325,661.8803157,627.9576191,563.9645516,561.945466,578.4172332,540.3208919,593.657958,560.0322464
0.3,504.3129713,719.3269996,540.5667746,676.3988725,604.2666366,600.9348881,523.2927675,660.7999515,627.7610438,563.5709963,561.4845987,578.2539267,540.1419809,593.415606,559.8839837
0.3,504.6796909,719.3818402,540.0693552,676.4006801,604.1755144,600.8321212,523.2035534,659.8158389,627.5570967,563.1711695,561.005028,578.0778766,539.9681631,593.170644,559.7569448
0.3,505.1025767,719.4280813,539.5559666,676.345035,604.1354896,600.7286855,523.1509668,658.9066557,627.3497482,562.7055944,560.5091281,577.8809627,539.8056426,592.9272347,559.6424621
0.3,505.4814197,719.4669079,539.0381021,676.3233152,603.9848086,600.6044934,523.1145502,658.0674381,627.0962658,562.1821642,560.5780041,577.7086871,539.6454402,592.6792645,559.5240807
0.3,505.84709,719.4940628,538.5288209,676.3300949,603.7381717,600.4791392,523.0884628,657.3075802,626.8276101,561.6518591,560.7398739,577.5443177,539.4676371,592.3290454,559.4064251
0.3,506.2072093,719.5058754,538.0426866,676.3353651,603.3875545,600.3427952,523.0759326,656.6357256,626.5451235,561.1038872,560.9579424,577.3869459,539.2835824,591.9759782,559.2708425
0.3,506.5462961,719.4541708,537.5926241,676.3136037,603.0419733,600.1783008,523.0766971,656.0993614,626.2523404,560.5431828,561.2606907,577.2212362,539.0280006,591.7502873,559.0966449
0.3,506.8483345,719.4043285,537.1857901,676.2661814,602.6800324,600.0361783,523.091974,655.6234081,625.9242912,559.9740388,561.6505261,577.0727584,538.7820998,591.5299463,558.9874539
0.3,506.8962211,719.3528695,536.8250908,676.232032,602.3281553,599.882769,523.1241698,655.3070518,625.6532513,559.4126161,562.1097703,576.9338195,538.5379765,591.4284561,558.8577034
0.3,506.7537263,719.2975808,536.5108042,676.1978985,601.918371,599.7506809,523.2239864,655.1129243,625.3839575,558.9390464,562.6105142,576.7876862,538.30417,591.3459316,558.7118379
0.3,506.5906861,719.2330723,536.2423093,676.1563995,601.4601204,599.6728467,523.3217914,654.9226646,625.0881708,558.4696047,563.1200443,576.6664078,538.0735442,591.3644355,558.5625727
0.3,506.4167999,719.1603394,535.9443791,676.1266402,601.3732201,599.5757509,523.4143817,654.7915224,624.7400115,557.9871724,563.6058135,576.5670878,537.8447509,591.3814423,558.3902133
0.3,506.2486179,719.0354743,535.6884683,676.0230917,601.3046458,599.4975981,523.4902994,654.6389178,624.4369647,557.4860734,563.1918418,576.5158741,537.6493124,591.3970415,558.2987254
0.3,506.0702174,718.891164,535.4681382,676.0269026,601.2171664,599.463431,523.5037702,654.510536,624.0265623,556.9238755,562.8050929,576.5338529,537.4400589,591.4112648,558.2184991
0.3,505.91547,718.7377935,535.2766732,676.023402,601.0594496,599.442391,523.3824639,654.3868118,623.6984587,556.3500398,562.4446065,576.4582072,537.2400796,591.4239442,558.1551274
0.3,505.7735567,718.5789863,535.1078645,675.9547837,600.9372035,599.3780603,523.2338534,654.2315073,623.3143958,555.9110247,562.1080172,576.3633003,537.0246718,591.4347816,558.0945252
0.3,505.6530452,718.4271902,534.9567063,675.8762293,600.8049863,599.1657077,523.110922,654.0358428,622.9661712,555.4654482,561.9350565,576.2338169,536.7946322,591.443449,558.018294
0.3,505.548009,718.2754198,534.8160776,675.7892992,600.6678651,598.9340004,522.9366785,653.7487267,622.620635,555.0172078,561.6562262,576.1140918,536.5786749,591.388592,557.9217835
0.3,505.4949505,718.1158071,534.6779818,675.6996777,600.5322103,598.6788414,522.7477812,653.4345409,622.2858319,554.5650499,561.3784019,576.0133741,536.3933197,591.3139497,557.7658467
0.3,505.4331895,717.9545925,534.5360937,675.5967482,600.3952351,598.4198645,522.5167558,653.0716355,622.0119164,554.0163497,561.1168573,575.8158784,536.2056358,591.2308035,557.5414098
0.3,505.4559692,717.7977621,534.3859794,675.5287716,600.2129961,598.1678343,522.2487432,652.7168769,621.781322,553.4133431,560.8836878,575.5769668,536.0102558,591.1571008,557.2974417
0.3,505.1409331,717.6451602,534.2256099,675.4742135,600.0889086,597.9510239,521.9766344,652.3620819,621.4989765,552.9376561,560.6270516,575.304889,535.8232182,591.0653064,557.0367915
0.3,504.8285106,717.4804795,534.0511703,675.3951854,599.9287583,597.8675007,521.7105115,652.0208029,621.2813306,552.4859516,560.3756448,575.0412571,535.6345627,591.0326103,556.8036259
0.3,504.4794767,717.3189348,533.8562288,675.3098232,599.7198244,597.795449,521.4344994,651.6989503,621.0483694,551.2004139,560.1284341,574.7791131,535.4500753,591.0566724,556.5895241
0.3,504.096246,717.1626589,533.6337422,675.2089916,599.6397625,597.7140166,521.1647613,651.4039677,620.804747,550.8356471,559.5296028,574.5157637,535.2713923,591.1419724,556.4127059
0.3,503.7009962,716.9561854,533.3760976,675.1060192,599.5373634,597.6482071,520.9291973,651.0147376,620.57605,550.4946971,558.291867,574.2616683,535.0248051,591.2170903,556.2008128
0.3,503.2950278,716.7337324,533.0764273,674.982763,599.4426947,597.5848188,520.7049817,650.6710346,620.3903006,550.1757018,556.9922806,574.0443713,534.6946616,591.2618562,555.9915959
0.3,502.813005,716.4958676,532.7263073,674.8715508,599.2835193,597.5053861,520.496239,650.7471534,620.2305588,549.7953671,555.6686761,573.8098298,534.40326,591.3021545,555.7934551
0.3,502.2691952,716.2567046,532.3150911,674.8188188,599.1048312,597.4166322,520.3749992,650.8665485,620.0885512,549.6794004,554.3570589,573.6176967,534.1319419,591.3375219,555.5991411
0.3,501.7281176,716.0373315,531.8333329,674.7641148,598.699441,597.3346103,520.2694496,651.0250476,619.9605526,549.6060017,554.0776892,573.4310914,533.8666559,591.3314455,555.443711
0.3,501.2089997,715.876804,531.2742108,674.7043969,598.3407721,597.2512893,520.1831108,651.2327792,619.7693568,549.570114,553.8656555,573.2924924,533.609068,591.2952605,555.3450274
0.3,500.6691156,715.7271328,530.6354216,674.6492952,598.1673367,597.1445106,520.1006523,651.8152713,619.6558321,549.5691082,553.6699325,573.1740583,533.3602383,591.2457659,555.1915236
0.3,500.1543631,715.586646,529.6775265,674.5948287,597.904621,597.0508446,520.0509466,652.4326535,619.5383452,549.6165185,553.491118,573.0090132,533.0991571,591.1846289,555.0549573
0.3,499.6505436,715.4561851,528.3825711,675.4584808,597.7317882,596.9428091,520.0048562,653.0663633,619.4362378,549.6825385,553.2905563,572.8302475,532.8435515,591.0975429,554.9155052
0.3,499.1719753,715.3385262,527.1272112,675.4136265,597.5020189,596.9656165,520.0336033,653.7582258,619.3609822,549.7084587,553.0149171,572.6716245,532.5862819,591.0018097,554.7994165
0.3,498.7141335,715.2401674,525.9084947,675.3871792,597.0669585,596.9805206,520.0806135,654.452412,619.2761453,549.6831663,552.7421662,572.5087605,532.3129197,590.9004419,554.6238077
0.3,498.2973161,715.1421969,524.7259074,675.3523734,596.5780483,596.9950091,520.1392604,655.1377412,619.1767657,549.6158897,552.4741309,572.3652946,532.0465125,590.8389455,554.4886713
0.3,497.8541464,715.048098,523.581236,675.2932642,596.0624918,597.0678866,520.1375847,655.7662344,619.0573513,549.4687782,552.2070293,572.2466917,531.7854355,590.7458556,554.3570783
0.3,497.3794542,714.957495,522.4751909,675.1725677,595.4945051,597.1483468,520.0084774,656.3535436,618.9344387,549.2525176,551.9123939,572.1513038,531.5282785,590.60776,554.2101146
0.3,496.9069995,714.867392,521.4088199,675.0976614,594.9767164,597.1199235,519.8524886,656.9235379,618.818754,549.0157544,551.6178041,572.0598104,531.274073,590.4583499,554.0573375
0.3,496.3304438,714.7815953,520.3838903,675.0121181,594.3837291,597.0623436,519.7001635,657.4090689,618.6447148,548.6552411,551.3264355,572.0006268,531.0481004,590.3155008,553.9072647
0.3,495.7353023,714.703267,519.4026612,674.8385546,593.7920994,597.0138966,519.5632288,657.816427,618.4685346,548.2833587,551.0375065,571.9541271,530.8222635,590.1805808,553.7482045
0.3,495.1305472,714.630373,518.4668815,674.5778515,593.1379384,596.9352615,519.4367192,658.1123671,618.2332368,547.8883326,551.8123772,571.9840499,530.5959313,590.0151677,553.4892122
0.3,494.5092127,714.5476523,517.5728842,674.3157007,592.4710747,596.8375323,519.315866,658.0923108,617.9689232,547.4861268,552.6358505,572.0261219,530.3687921,589.915577,553.2550928
0.3,493.8743213,714.4638298,516.7119033,674.0191874,592.1008164,596.6958268,519.2035508,658.1403196,617.6601749,547.121234,553.4471599,572.060981,530.1263077,589.8693922,553.0183688
0.3,493.2277518,714.3728306,515.793207,673.7248769,586.1532658,596.4913901,519.0954733,658.0642146,617.30847,546.7557408,554.2122764,572.0520902,529.881022,589.8134555,552.7580043
0.3,492.5694858,714.2740103,514.6285933,673.3675589,585.3296974,596.2468177,518.9904583,657.6678968,616.8334633,546.3495222,554.9040429,571.9045629,529.6340018,589.7453247,552.5030563
0.3,491.897787,714.1495256,513.4954776,673.0110605,584.3786105,595.963464,518.8864699,657.1492721,616.3374212,545.8630207,555.5025728,571.6069012,529.3475954,589.6692025,552.1979627
0.3,491.2092548,714.013072,512.4015714,672.7082637,583.3356422,595.6451437,518.7805852,656.6000642,615.8082664,545.3701189,555.9954671,571.3089744,529.0539012,589.5822348,551.8852054
0.3,490.4917307,713.8653512,511.3534586,672.4117837,582.38548,595.2979331,518.6066433,656.0062914,615.2851814,544.8764778,556.3793158,571.0152982,528.7543216,589.4896808,551.6327881
0.3,489.8532287,713.7027893,510.3586289,672.0723852,581.3979079,595.0024795,518.350404,655.3637959,614.7483079,544.3450498,556.64889,570.7386654,528.4603007,589.3846342,551.364913
0.3,489.3074191,713.5296498,509.4256336,671.6958302,592.9280677,594.8100939,517.936784,654.6637217,614.3092397,543.8188999,556.8369685,570.4822809,528.1681575,589.2570292,551.1077704
0.3,488.8136412,713.3580283,508.5646815,671.3081213,592.8367131,594.5856482,517.471381,653.9060563,613.8597421,543.2921756,556.9576103,570.2573735,527.8811399,589.1247797,550.6672489
0.3,488.3206379,713.2094518,508.0719301,670.9135297,592.7089087,594.3630308,516.9579882,653.0496242,613.427831,542.7699295,557.0265408,570.0432197,527.6017088,589.0765777,550.2207175
0.3,487.8346726,713.0623568,507.6489024,670.6045079,592.5216797,594.2624541,516.4016209,652.1360821,613.0481526,542.2568047,557.0534755,569.85516,527.3313427,589.0134892,549.7802559
0.3,487.3782061,712.9413909,507.2605176,670.3448774,592.0060712,594.188959,515.8073497,651.2827302,612.6197313,541.7522148,557.0697365,569.67053,527.0706476,588.918517,549.3694365
0.3,486.8746617,712.8194764,506.9099341,670.0685035,591.3869551,594.1376855,515.1542803,650.1786421,612.1998265,541.2552909,557.0673363,569.6131764,526.802729,588.8906551,548.9852856
0.3,486.4480579,712.6788704,506.5991919,669.8161498,590.6917958,594.1099801,514.4977396,649.7129296,611.8027803,540.7643747,557.0414032,569.5257395,526.4832703,588.9058333,548.5679961
0.3,485.9904106,712.5058643,506.3289105,669.5841784,589.8966986,594.1014541,513.8299009,649.2453302,611.3508163,540.2768492,557.014211,569.3736162,526.1877264,588.9301522,548.1870114
0.3,485.5398135,712.3414722,506.0981737,669.4029976,589.0240094,594.1090206,513.1618449,648.6015709,610.905931,539.7921271,556.8353474,569.1743529,525.8901101,589.0341275,547.8151027
0.3,485.1403902,712.1898105,505.904688,669.2753342,588.2817473,594.1332763,512.4886551,647.9586686,610.4750284,539.3538993,556.6432506,568.8983321,525.5906854,589.1223033,547.4179307
0.3,484.6472438,712.0471608,505.7452945,669.217369,587.5822021,594.2175902,511.7787857,647.3068553,610.0668093,538.9178597,556.4426536,568.6442571,525.2894799,589.2200581,547.0216384
0.3,484.1586992,711.9126678,505.6164979,669.1018577,586.854166,594.2783387,510.9753704,646.6912854,609.691938,538.4619709,556.233634,568.3696056,525.0027066,589.3244236,546.6156111
0.3,483.6714914,711.7818836,505.5144023,668.9349379,586.2916959,594.1699823,510.1421037,645.9473353,609.2381267,537.9836316,556.1022929,568.0623531,524.7187576,589.4053646,546.2427209
0.3,483.2528092,711.6822214,505.4347821,668.7662644,585.7809288,594.2683694,509.2827742,645.1508647,608.9076361,537.4802188,555.9496074,567.7924771,524.4347968,589.4855013,545.8340142
0.3,482.8367246,711.5879479,505.3735599,668.6191316,585.3059749,594.3944502,508.4008198,644.2934558,608.6044498,536.9490583,555.764729,567.5514104,524.1510348,589.5638509,545.402162
0.3,482.6211236,711.5027791,505.6511812,668.5117053,584.8458297,594.5020941,507.4988301,643.3852471,608.3833582,536.404126,555.5674457,567.2854054,523.8679034,589.7496292,544.9890071
0.3,482.379813,711.4307868,505.9805781,668.3892931,584.3766145,594.5902537,506.5786519,642.4126406,608.0772748,535.8496051,555.3587378,567.0085255,523.5859704,589.9360187,544.6030539
0.3,482.1946234,711.3691731,506.3622189,668.2580028,583.5511012,594.6494586,505.6415371,641.3922418,607.7122426,535.2929977,555.13861,566.7318094,523.3057402,590.1186583,544.2136728
0.3,482.0511114,711.3613814,506.7949507,668.1080008,582.6422626,594.700966,504.6879868,640.3557837,607.3392884,534.8862577,554.9055266,566.4821476,523.0274652,590.2502935,543.8164068
0.3,481.9113616,711.3900859,507.2774053,667.9175497,581.651362,594.7352848,503.7180535,639.5676433,607.0448067,534.4859434,554.6566258,566.2397824,522.7681672,590.3750631,543.4196192
0.3,481.7862586,711.4216152,507.8080108,667.7983669,580.9551083,594.7505405,502.7329443,639.0247807,606.7443255,534.0702831,554.3107109,566.0163477,522.5117534,590.540466,543.0187672
0.3,481.6765525,711.4230582,508.3845779,667.6781859,580.1236257,594.7515926,501.8527225,638.4902007,606.4357914,533.6703518,553.535843,565.8256323,522.2590277,590.6246389,542.6150725
0.3,481.5172955,711.4294859,508.9717553,667.6534195,579.3623914,594.6821686,501.0251182,637.9771851,606.117782,533.2946666,552.6421552,565.7091007,522.0109653,590.6961987,542.2506182
0.3,481.4541017,711.4417542,509.5464922,667.6155476,578.6267483,594.588025,500.1454334,637.5424906,605.788649,532.9641971,551.6309399,565.5114009,521.7683679,590.7566291,541.8807169
0.3,481.3789976,711.4622516,510.1323207,667.561285,577.9066011,594.1749402,499.2436722,637.1558515,605.3283849,532.6522573,550.6107506,565.3046354,521.5221672,590.8020487,541.5172911
0.3,481.2990057,711.485787,510.7162735,667.4975969,577.2144687,593.7595773,498.3444815,636.834528,604.8230888,532.3617231,549.5399727,565.1273535,521.2714246,590.8289603,541.0820304
0.3,481.2065791,711.5029939,511.2845972,667.4374365,576.560643,593.4403139,497.4897799,636.6916298,604.3010539,532.0879119,548.3946731,564.9608201,521.0120554,590.8343631,540.6249254
0.3,481.1433866,711.5064079,511.8241113,667.3697427,575.9523172,593.2431315,496.6973632,636.5749042,603.7818705,531.8303795,547.1810167,564.8082953,520.7531518,590.8163496,540.1632079
0.3,481.1264377,711.4531825,512.3202096,667.3232974,575.393541,593.0750386,495.962558,636.5244294,603.2909859,531.5851346,545.9003853,564.6654987,520.4942045,590.7747299,539.6615425
0.3,481.0634684,711.3984609,512.7587311,667.1699094,574.8854866,592.925419,495.3338438,636.4629073,602.9031007,531.4801608,544.4271938,564.5247702,520.2347827,590.7114057,539.1711692
0.3,480.9894508,711.3271783,513.1281977,666.9981617,574.4285536,592.8089304,494.7725432,636.3194682,602.5038127,531.4289915,542.8620609,564.3836349,519.974396,590.5999886,538.734715
0.3,480.8887964,711.2292391,513.4204598,665.697529,574.0401201,592.7186484,494.2597232,636.2209911,602.1018621,531.2288617,541.2349908,564.2316121,519.7123414,590.4475552,538.4372018
0.3,480.72438,711.1776247,513.6315444,665.5352542,574.3212196,592.6525683,497.3330682,636.2005481,601.7349948,531.0002302,539.5450295,564.0559544,519.4475218,590.2841884,538.2188116
0.3,480.4618909,711.1086659,513.7590548,665.3428647,574.9396638,592.6136562,497.2304604,636.0235648,601.3601688,530.8238253,537.8320203,563.8780626,519.1786633,590.0513243,538.0321643
0.3,480.1250639,710.9716987,513.8024169,665.1345482,575.5767673,592.5821023,497.1124357,635.9563633,600.9819036,530.6782442,536.1655428,563.6837935,518.9047209,589.8187331,537.8546948
0.3,479.9712691,710.8362108,513.764647,664.9214883,576.2104467,592.4929234,496.9951254,635.8543529,600.6094577,530.5292261,534.402484,563.5380576,518.6250471,589.5983126,537.6207466
0.3,479.7804762,710.7031162,513.652482,664.6419742,576.7530977,592.3925361,496.8300657,635.7140772,600.2391006,530.3726212,532.5491348,563.4100868,518.3204321,589.4131975,537.4089454
0.3,479.544775,710.563665,513.4769293,664.295707,577.3231678,592.2682887,496.6582536,635.678586,599.8710427,530.203445,530.5858616,563.2911869,517.9909493,589.2367799,537.1752652
0.3,479.2591909,710.4283741,513.250736,663.9481489,577.8205294,592.1117605,496.4826755,635.628406,599.4907469,530.0172753,528.5910005,563.1902346,517.6341747,589.0852817,536.9666518
0.3,478.8846056,710.2976053,512.9504402,663.6150384,578.2409879,591.9985299,496.264194,635.6167335,599.0586049,529.8107338,526.5567571,563.0587223,517.2628632,589.0448678,536.826975
0.3,478.4116484,710.1308514,512.5759202,663.3925224,578.4281419,591.8472224,495.9840956,635.6229948,598.5577176,529.5819695,524.4998373,563.0318394,516.8686154,589.0175307,536.6906163
0.3,477.9258482,709.9024701,512.2017846,663.2363195,578.6856531,591.654209,495.7001555,635.746046,598.1068449,529.3318448,522.4665284,562.9890586,516.468937,589.0028646,536.5809379
0.3,477.4456216,709.6733714,511.8462175,663.0197647,583.8362657,591.4186529,495.4082652,635.6092516,597.7863053,529.1451585,520.5588014,562.9500458,516.0663701,589.0051872,536.439662
0.3,476.9906036,709.4477241,511.5255027,662.7437669,583.5204316,591.1413411,495.0625843,635.1043935,597.4005719,528.8413732,520.3169852,562.8877211,515.6602965,589.0233283,536.2868779
0.3,476.5801663,709.2284748,511.2524157,662.5165723,583.2745745,590.858785,494.7375822,634.3186264,597.0243978,528.4580217,520.128668,562.8030142,515.2310121,589.0547314,536.1363984
0.3,476.2307906,709.0316537,511.0383261,662.286806,583.2326167,590.5405555,494.3723579,633.2736092,596.6696837,528.0526905,519.9923638,562.6989193,514.8002883,589.0899458,535.9464705
0.3,475.950898,708.8526395,510.8937092,662.0574728,583.1460822,590.13022,505.0639365,632.3963311,596.2529424,527.7901579,519.8461509,562.5321851,514.3758956,589.1410203,535.749074
0.3,475.7414741,708.6300075,510.8285381,661.8301345,583.0170683,589.6755061,504.4888767,631.3706036,613.0810592,527.5894379,519.7347251,562.2917268,513.9562539,589.2673568,535.5393804
0.3,475.5978573,708.3583816,510.8509893,661.6091708,583.0388916,589.1952958,503.8434425,630.2607018,612.959617,527.3646507,519.6049034,562.0464562,513.5454331,589.3880709,535.2011941
0.3,475.5124023,708.0609131,511.1673937,661.4320257,582.9748957,588.694487,503.1742105,629.2287012,612.8451129,527.1150161,519.4897355,561.7960001,513.1448159,589.4709624,534.8688227
0.3,475.4411068,707.7565957,511.561247,661.2809671,582.9323848,588.1779719,502.4602789,628.2094573,612.7386057,526.8425266,519.3899908,561.5434335,512.78558,589.5407939,534.5466365
0.3,475.2947554,707.4488475,511.9810775,661.1143737,582.972541,587.6514609,501.6684128,627.7717483,612.5553345,526.5656948,519.2903707,561.2424688,512.4350485,589.6282869,534.2408939
0.3,475.1818319,707.1321681,512.4257032,660.9368989,582.9728591,587.0924667,500.8455782,627.7254758,612.2675426,526.2875412,519.033403,561.0250616,512.0885781,589.7759595,533.9413683
0.3,475.0529415,706.8249136,512.870082,660.8736142,583.0665249,586.5555206,500.085398,627.5215168,611.9999441,526.054648,518.6949271,560.8300518,511.7461536,590.7760199,533.63461
0.3,474.9960002,706.5232724,513.3141978,660.7866595,583.1460311,586.0329934,499.3545089,627.4764705,611.6430852,525.8684455,518.3209717,560.629044,511.4001484,590.8604155,533.3584342
0.3,474.8090338,706.2265584,513.7603179,660.6506538,583.1417801,585.5544561,498.5836914,627.445299,611.3385329,525.6879006,519.476952,560.406493,511.0448668,590.8830419,533.0963922
0.3,474.55404,705.9485791,514.2065968,660.5087983,582.9403959,585.243662,497.8871348,627.4214124,611.0148728,525.5212421,520.6671821,560.176198,510.6773737,590.9737246,532.8174584
0.3,474.226735,705.6802718,514.6136397,660.3626052,582.727232,584.8989714,497.2750978,627.3990884,610.5961368,525.3761402,521.9180046,559.9257189,510.2808021,591.0663575,532.4906742
0.3,473.8196534,705.4527043,515.051175,660.2128615,582.3041756,584.5276252,496.7519522,627.5899789,610.1288367,525.2589185,523.1244951,559.6795865,509.8537277,591.1563866,532.1155212
0.3,473.3301686,705.252226,515.4428749,660.0599365,581.7788032,584.0781884,496.3174292,627.8117936,609.620064,525.2001081,524.2612085,559.4871012,509.3765745,591.2575301,531.7110926
0.3,472.7593307,705.0701167,515.6730871,659.8315953,581.2879909,583.6268672,495.9061709,627.9499785,609.1174407,525.2065515,525.3110376,559.2865609,508.8627144,591.3575574,531.3539441
0.3,472.1107551,704.9098591,515.9015549,659.619939,580.7084077,583.370798,495.5616841,628.2595535,608.5688868,525.2249717,526.2674981,559.0976192,508.347158,591.4338553,531.0095187
0.3,471.3900403,704.7801531,516.0739454,659.5893775,580.0488449,583.207105,495.2737734,628.5991593,608.0443345,525.2679897,527.1290582,558.9027868,507.8575753,591.506415,530.6414955
0.3,470.6042223,704.6491833,516.0361646,659.5772993,579.4066297,583.0354552,495.0444297,628.952441,607.5472768,525.3052528,527.8978699,558.7291615,507.36873,591.5735735,530.2701902
0.3,469.8230133,704.5600915,516.0361646,659.5690138,578.807306,582.859573,494.58022,630.1002959,607.0803532,525.411221,528.5773152,558.5732776,506.8646563,591.5910704,529.8498547
0.3,469.0044691,704.5078002,516.0361646,659.4941743,578.2914813,582.6833022,494.1832036,631.0271536,606.6964915,525.5391383,529.1695154,558.4009066,506.3452566,591.5933903,529.3623106
0.3,468.1950117,704.4603824,516.0361646,659.354365,577.7658178,582.3961613,493.8172962,631.8634561,606.4075223,525.7801555,529.6749836,558.1958915,505.7932066,591.5943425,528.8579956
0.3,467.361921,704.4257636,516.0361646,659.1862878,577.2643366,582.0951897,493.4356884,632.5594109,606.3594081,526.0444441,530.007474,557.9875261,505.2429291,591.5200384,528.3374306
0.3,466.4375364,704.4019098,516.0361646,659.0930517,576.8040348,581.9454628,492.9751287,633.2210117,606.363696,526.3231134,529.9495649,557.7904612,504.6766388,591.4043902,527.8057669
0.3,465.5603605,704.3762342,515.948933,658.9989969,576.3826754,581.7869781,492.4296967,633.5001746,606.3688886,526.5519746,529.8635078,557.5842757,504.0787662,591.373327,527.238471
0.3,464.7584058,704.3570008,515.7563888,658.8727766,576.017458,581.6014996,491.8416721,633.6886549,606.3656537,526.7705248,529.7265585,557.3819427,503.435644,591.3425235,526.6819735
0.3,464.4327814,704.3386443,515.539506,658.7421948,575.5233797,581.3959772,491.2096977,633.7494044,606.3467777,526.9795537,529.6944311,557.171128,502.7746058,591.2478047,526.1102138
0.3,464.048541,704.3198271,515.3011148,658.6300627,575.0000346,581.0923331,490.5347104,633.6479764,606.1887607,527.1388184,529.6611235,557.0077942,502.1037326,591.1336294,525.6312563
0.3,463.6701658,704.2753842,515.0444254,658.4340773,574.4801206,580.7363853,489.8197048,630.9479167,605.9833119,527.1462354,529.7821042,556.8289264,501.4065251,590.9572824,525.1756209
0.3,463.2998417,704.2224048,514.7731011,658.2542506,573.9721084,580.4322478,489.0693775,630.7119741,605.7038275,527.1432502,529.7382978,556.6315318,500.6909295,590.6493563,524.6950855
0.3,462.9400559,704.1717872,514.3772486,658.1184285,573.4475289,580.1392135,488.2896886,630.480034,605.4106675,527.145945,529.7176691,556.4383921,499.9525156,590.3645792,524.2098452
0.3,462.5777875,704.1141171,513.8284598,658.0418635,572.8728586,579.8611482,487.4872003,630.2947979,605.1116555,527.0997869,529.8338496,556.2526929,499.1949889,590.053355,523.7230058
0.3,462.2310899,704.0561494,513.242215,657.9918119,572.1995549,579.5984231,489.439742,630.1882977,604.805336,527.0544129,529.9421031,556.0766554,498.3939617,589.762124,523.2392611
0.3,461.9283664,704.0026987,512.6217394,657.9137987,571.4959524,579.3363558,488.5568894,630.0986044,604.5897857,527.0094838,529.9394756,555.9117004,497.5716776,589.5043418,522.8654704
