0.3,444.8995681,583.7970935,550.4646228,548.777994,551.6416591,524.7853932,441.5610125,572.9476278,522.583958,557.6968506,538.4059611,509.4008256,523.6460372,549.8506167,434.7223694
0.3,447.8745417,585.8463873,552.2946601,547.9843849,555.585318,523.8117019,440.6750879,574.2512336,522.5098013,560.7060162,536.8995832,506.7001157,520.2404344,550.0914226,434.1070773
0.3,450.8452383,587.8863987,554.0644299,547.1411177,559.2238706,523.0704962,440.2809345,575.2781843,522.4080967,562.4724872,535.7859344,503.2415015,518.0863037,549.0897534,433.7274522
0.3,453.8631104,589.8211709,555.700303,546.4111744,562.53713,522.5633718,440.0392579,576.0717989,522.6969828,564.069195,534.4842327,499.4519003,513.9568025,547.6282198,433.9517015
0.3,456.866639,591.7499759,557.8335001,545.9060714,565.5100643,522.5578171,439.9694077,576.0189094,523.3774684,565.48557,533.2367905,495.728249,511.5677018,545.8253474,435.3637376
0.3,460.0149031,593.6719462,560.0830116,546.6231091,568.1375085,523.3861619,440.087883,576.0151685,524.1182491,565.6798364,531.7967408,492.3504991,509.8797522,541.5231096,436.8610748
0.3,463.2049316,595.5852418,562.3607493,546.4181401,569.2612371,524.5804741,440.5183391,576.7851697,525.0919962,566.1252007,530.1299259,489.1230217,508.0738134,526.2955193,438.4168472
0.3,468.117129,597.5876398,564.1491562,546.5549304,570.928567,525.9801083,441.1638048,577.8669837,526.0691157,565.5778193,528.9056463,488.9885637,507.2711046,500.9056856,439.9438597
0.3,472.962825,599.5641699,565.822919,547.0127116,572.5862619,527.500313,442.2038847,579.2108988,527.0591301,565.1795993,527.3393813,489.458098,506.828422,499.8275568,441.4814245
0.3,477.0609281,601.5090244,567.758905,547.7556836,574.2759608,529.2735979,443.6557542,580.8295536,527.7930183,565.0159455,526.5467974,489.2366093,507.2354067,500.1705667,443.4561024
0.3,480.4156488,603.4482248,569.5579539,548.7624774,576.1717946,530.8357465,445.1061368,582.7308595,528.5168267,564.99515,527.4515877,489.4993071,508.3802658,500.8631669,445.7702204
0.3,483.029419,605.3749766,571.5626504,550.0092018,577.912689,532.3354333,445.9434717,584.8482962,529.5789789,565.1219853,527.7591366,490.395102,509.4497736,501.7522763,448.0232713
0.3,484.8680812,607.2801737,573.5533627,551.4842726,579.4240966,533.6768979,446.9238354,587.4865621,530.7672426,565.419825,528.7611787,491.7524129,510.3473462,502.734069,450.3999208
0.3,485.851362,609.0475749,575.7262488,553.1939695,580.799425,534.8695178,448.1479699,590.0617038,532.0083159,566.2021514,530.4025844,493.3457646,511.1209964,503.7672412,452.5822906
0.3,485.9039283,610.8021583,577.9887221,555.067934,582.0270019,535.9741343,449.9015075,592.7272589,533.3005655,567.6065994,531.5879103,494.4659871,511.9129281,505.1430607,454.5682282
0.3,484.9126744,612.551911,580.3667112,557.1389105,583.0257353,537.1299184,451.7893408,595.3691149,534.5933482,569.0664361,533.2404158,495.5863438,512.7224734,506.5267929,456.7037038
0.3,482.5593121,614.1677847,582.8302009,559.2845888,584.1581552,538.3947889,453.8336253,598.2976854,534.7879236,570.5186849,535.8090595,496.7179211,513.61576,507.9841673,458.5861338
0.3,483.657555,615.721274,585.366523,561.5760973,585.3326207,539.7820122,456.0481978,600.9411179,536.1464498,572.0176742,540.0738734,497.8686001,514.5558893,509.744552,460.200362
0.3,486.242644,617.2103468,587.8842576,564.0290362,586.2758947,541.2966541,458.4308697,603.4837869,537.5694994,573.6511088,544.8553761,499.1890418,515.4029705,511.5129394,461.6407054
0.3,488.8215951,618.634365,590.3547116,566.4963267,587.0484638,542.9369916,460.9520493,605.9994665,539.0418717,575.3558941,550.0817647,500.6588876,516.5168727,513.4639722,462.9101487
0.3,491.3899579,620.0108991,592.7575288,568.9118891,587.6557652,544.7694465,463.5528353,608.6137025,540.4994641,577.194339,555.4516822,502.5788458,517.5642422,515.4551519,464.1569196
0.3,493.9364401,621.3471197,595.0763088,571.3427122,588.3384121,546.7321895,466.7452496,611.0756307,542.0149196,579.0421869,560.975908,504.8520563,518.5044281,517.2643579,465.4849931
0.3,496.455339,622.6307038,597.2691935,573.7764671,589.1375137,548.6375027,469.9727121,613.2887482,543.6220947,580.8817214,563.9574935,507.1042688,519.3696716,519.0592373,467.2445529
0.3,498.9499808,623.8307692,599.4267381,576.2025548,590.0468972,550.472119,473.1744834,615.4895024,545.2843187,582.6749146,566.7125634,509.3036565,520.4412251,520.834472,469.4235764
0.3,501.431107,624.9961924,601.491609,578.6115915,591.0792306,552.2973666,476.2901366,617.5149865,547.0084955,584.3928024,569.4508735,511.3401648,521.5197185,522.5858568,471.6410114
0.3,503.9113262,626.1769457,603.2377503,580.9948365,591.6577264,554.0935336,479.2690522,620.1738929,548.7569031,586.3456425,571.894745,513.4882773,522.4898955,524.2177078,473.7047417
0.3,506.397762,626.9427336,604.9769678,583.3440558,593.313235,555.8756873,482.0867378,622.8209235,550.6513826,588.5890018,574.0319408,515.435616,523.4675725,525.8594458,475.6859939
0.3,508.8832321,627.6934238,606.440931,585.6524192,594.9349076,557.5726554,484.7259832,625.3937496,552.6380576,590.8942818,576.0318761,517.0047394,524.4677276,527.3776521,477.6138393
0.3,510.2371681,628.3307206,607.8905473,587.8826645,596.4966222,559.2437405,487.252261,627.1249567,554.710199,593.0994108,577.8737093,518.5744486,525.5218223,528.8432795,479.5085014
0.3,512.6079359,629.4869365,609.3331889,589.9620408,597.9871173,560.8637887,489.7040418,628.7816437,556.8717441,595.1318897,579.7197741,520.1559038,526.5858672,530.3166576,481.2712853
0.3,519.3089482,630.6528699,610.7751926,592.0654992,599.400091,562.4541055,492.091568,630.3749737,559.090091,597.113758,582.3055936,521.7501522,527.800514,532.2817584,482.9857199
0.3,525.1164357,631.7800202,612.2208383,594.145909,600.7336803,564.0249811,494.4109894,631.9159689,561.359538,599.0289365,584.7986236,523.5451298,529.250065,534.3061965,484.6866275
0.3,530.0891179,632.7769442,613.7740759,596.1624957,601.9994267,565.5880839,496.6148086,633.4153152,563.6936081,600.8838143,587.1629428,525.3157112,530.7424567,536.3246812,486.4529157
0.3,534.3364866,633.8131191,615.3150868,598.2183989,603.2194326,567.195375,498.7572394,634.8836634,566.0951427,602.7409506,589.3403856,527.0989906,532.2695357,538.3173005,488.2810345
0.3,537.990299,634.8909446,616.8404885,600.2914195,604.3370404,568.7886947,500.8569439,636.332049,568.5422055,604.6226403,589.5737875,528.8853535,533.8073913,540.2439222,490.1606969
0.3,541.1878827,636.0337456,618.3813028,602.3785574,605.4021439,570.3660295,502.9141416,637.8172156,570.9839625,606.5346907,588.9240785,530.6594608,535.3683942,542.0803355,492.063702
0.3,544.06569,637.2139481,619.8695347,604.4848589,606.4183455,571.935672,504.9281662,639.3395982,573.4088571,608.3969933,588.0555799,532.4008932,536.9539032,543.8092849,494.2168525
0.3,546.7553685,638.4285576,621.2646263,606.6140194,607.376837,573.6118106,506.83289,640.8553832,575.8096707,610.2739418,587.0498219,533.712317,538.5673445,545.4296287,496.6549708
0.3,549.3141846,639.6802393,622.4773976,608.7685224,611.513176,575.2341975,508.6654166,642.2865121,578.1793868,612.1559679,586.0047916,534.945365,540.2128304,546.9687356,499.0054383
0.3,551.7917465,640.963023,623.5183663,610.9488032,615.546675,577.1234322,510.4358841,643.9788709,580.5036965,614.0293425,585.0214877,536.0439138,541.879735,548.4711652,501.6618054
0.3,554.195323,642.2184276,624.4727413,613.1524627,616.4390086,579.0911111,512.1483118,644.160579,582.7546352,615.8779365,584.1980039,537.1022375,543.6031718,549.9503286,504.3544968
0.3,556.3314049,644.0078174,625.3872689,615.373636,617.3678564,581.0680997,513.8072782,643.7557409,584.9358175,617.6868174,583.9230447,538.1493814,545.3631436,551.4200245,507.0544118
0.3,558.2701558,646.18545,626.3403408,617.603256,618.2965753,583.0802643,515.4172799,642.8914973,587.0412022,619.4453594,585.2964157,539.1699401,547.1570045,552.8924319,509.7344238
0.3,560.0656745,648.3336098,627.3863024,619.8297421,619.230061,585.1124318,516.9824639,641.5294511,589.0684193,621.1488065,587.1422037,540.0980278,548.9814131,554.4036623,512.3725761
0.3,561.7972231,650.4564864,628.472959,622.0391348,620.1739606,587.1453388,518.507215,639.8053508,591.018256,622.7904593,588.9445945,540.9978855,550.8319677,556.024297,514.9529584
0.3,562.9706056,652.5393041,629.6100119,624.2156787,621.1341425,589.1566201,519.9967595,638.0204506,592.8941914,624.3464354,590.6330001,541.8732821,552.7026299,557.7399104,517.4637187
0.3,563.8929872,654.6383341,630.7980558,626.42338,622.1161983,591.1220808,521.4568782,639.7473137,594.7019197,625.8668782,592.2748855,542.7252357,554.5859069,559.4869804,519.8948641
0.3,564.846509,656.7184832,632.0440265,628.57736,623.1251519,593.0176327,522.8941541,641.5888945,596.4482135,627.3631654,593.8833775,543.5539051,556.4729823,561.2399553,522.2371307
0.3,565.8270035,658.7788987,633.3270739,630.6646505,624.1645684,594.7171423,524.3165453,643.5164832,598.1400591,628.8462671,595.4591711,544.358608,558.3538698,563.0270625,524.4813449
0.3,566.9511362,660.8209238,634.6299167,632.6761604,625.2352695,596.2889429,525.7331587,645.3739574,599.7840548,630.3257789,597.0037134,545.303098,560.21883,564.8442262,526.6185888
0.3,567.9982077,662.8694262,636.7937626,634.6071362,626.3344357,597.7597126,527.1541873,647.3028874,601.3824785,631.8099938,598.5246971,546.1381675,562.0605571,566.6822407,528.6102635
0.3,569.1438802,664.9208358,637.7757676,636.407639,627.4555391,599.1327285,528.5903881,649.390274,602.8559271,633.305971,600.0412093,546.919205,563.8742981,568.5274472,530.3997375
0.3,570.261342,666.9722368,638.7642368,638.0760692,627.3640619,600.3919745,530.0515459,651.2842183,604.2933741,634.8478945,601.5832807,547.6454441,565.6572161,570.3638767,532.064317
0.3,571.2046294,669.027162,639.7511856,639.6889706,628.4997757,601.5424435,531.5446297,653.1868934,605.6988255,636.3973063,603.1801661,548.3180212,567.4081356,572.1760201,533.596237
0.3,572.0844367,671.0725607,640.7287935,641.2529538,629.6260418,602.5923819,533.0730704,655.1588657,607.0753129,637.9721022,605.5122829,548.939938,569.1270613,573.9510905,535.0514961
0.3,573.1023163,673.0979542,641.8121464,642.7754247,630.7320176,603.5519433,535.4861352,657.0691628,608.4250432,639.5732057,608.4472245,549.5160961,570.8143718,575.680296,536.4065767
0.3,574.0482281,675.035235,642.8783269,644.2641337,631.8087238,604.4314731,536.9441531,659.0621551,609.7495801,641.1971061,611.347169,550.0530419,572.4703997,577.348315,537.6993703
0.3,574.9769074,677.065429,643.9198501,645.7263224,632.8501844,605.2498954,538.4289386,661.0507358,611.0496758,642.8343719,614.2542829,550.5586055,574.0957365,579.0491798,538.9616393
0.3,575.9768625,678.9837826,644.9313519,647.1610248,633.8536514,606.0059172,539.941888,664.045632,612.3250157,644.4337783,617.1698357,551.0415596,575.6195117,580.7098511,540.1729967
0.3,576.8039776,680.8458189,645.9099079,648.5462448,634.818238,606.7075957,541.483114,667.8450579,613.5749379,645.9938483,620.0876745,551.5110303,577.1068336,582.3045695,541.3918635
0.3,577.6161523,682.6229817,646.8549541,649.9242236,635.7436545,607.3623573,543.0515405,671.5168275,614.8094068,647.5239689,622.9848836,551.975766,578.5595826,583.8226607,542.596525
0.3,578.4157482,684.3359226,647.848987,651.2974893,636.6299055,607.9393433,544.6446652,675.4127183,616.0073499,649.0147209,625.6929541,552.4497277,579.974131,585.3047395,543.8147648
0.3,579.206265,685.9737686,648.8387313,652.66798,637.477583,608.4421064,546.218552,677.8132795,617.1701032,650.4476527,627.3147154,553.0610999,581.3447627,586.7539136,545.0565382
0.3,579.9911647,687.5282215,649.8244446,654.0370132,638.2879048,608.8247979,547.8842464,680.1874298,618.3099328,651.7826905,628.7704223,553.6792571,582.6641731,588.1745057,546.2973729
0.3,580.7727275,688.992602,650.7267183,655.4056443,639.0621726,609.2247829,549.5141751,682.4868065,619.4057448,653.0732963,630.2051553,554.2730198,583.9247941,589.5711653,547.529506
0.3,581.5034248,690.3605489,651.5751064,656.7642385,640.4956752,609.6261483,551.1372709,684.6656835,620.486268,654.3394483,631.6331333,554.7891153,585.0942998,590.9470689,548.757871
0.3,582.0889467,691.4594461,652.4420464,658.0750684,641.8782051,610.044844,552.7425811,686.6857062,621.5530523,655.5626076,632.9932154,555.3160804,586.1951054,592.302664,549.9668935
0.3,582.7944043,692.2381852,653.3399311,659.3845865,643.1988118,610.4410011,554.2772091,688.5197359,622.6081396,656.7362661,634.3178496,555.8783638,587.2248381,593.3797961,551.150316
0.3,583.4544831,692.9657098,654.2772019,660.6470921,644.4516285,610.8289022,555.774025,689.588484,623.7246324,657.7903224,635.5724137,556.4487383,587.9544705,594.4173944,552.3029578
0.3,584.0051113,693.6666917,655.2558132,661.9200938,645.4457478,611.2172505,557.2270442,690.5164846,624.8311058,658.793451,636.5360744,557.0055629,588.6546052,595.4599124,553.3981426
0.3,584.4931954,694.3324991,656.2581032,663.2046786,646.3841766,611.6386606,558.6330095,691.3255593,625.9302486,659.7428464,637.4668807,557.5457282,589.3255235,596.4911351,554.4534514
0.3,584.9452018,694.9049919,657.2609765,664.5006103,647.2698883,612.0919523,559.9909411,692.0442974,627.0247986,660.6466203,638.4098852,558.0679673,589.9676365,597.5199727,555.4821234
0.3,585.3616996,695.462683,658.2637838,665.8063163,648.1079636,612.5665935,561.3012434,692.7049774,628.1169656,661.5106712,639.3443747,558.5729317,590.5814938,598.4922993,556.495081
0.3,585.7411601,695.9982501,659.449349,667.0698674,648.9042748,613.0575294,562.5651968,693.339828,629.2209183,662.2933468,640.266668,559.0629196,591.167644,599.4293701,557.4948621
0.3,586.0374133,696.517353,660.7245127,668.3289528,649.6647797,613.5702183,563.7850611,693.9581711,630.3135309,663.0351948,641.2183771,559.5414058,591.7264144,600.3495383,558.4805139
0.3,586.3056843,697.0166479,661.9372918,669.5809974,650.3956874,614.0549638,564.9643026,693.0125371,631.408193,663.7268252,642.0016041,560.012346,592.2576358,601.2610424,559.4513503
0.3,586.5502874,697.5076274,663.059627,670.8223529,651.1039721,614.2783997,566.0911083,691.8891698,632.5053143,664.3852546,642.7629561,560.4793507,592.7136688,602.1697645,560.4072139
0.3,586.7769759,697.9765936,664.0184715,672.0497642,651.796871,614.394207,567.0776916,690.6354568,633.6044714,664.9608801,643.7132647,560.8916473,593.1375814,603.0805653,561.3484383
0.3,586.990264,698.4165396,664.8747806,673.2608284,652.4806311,614.4796851,568.0555452,689.3201854,634.7042473,665.5056561,644.571703,561.2927529,593.5495608,603.9970639,562.2755446
0.3,587.188841,698.4448529,665.6573592,674.4460971,653.0850296,614.5972585,568.9853635,688.0302225,635.8025445,666.0191973,645.5378592,561.6987367,593.9498404,604.9217959,563.1888846
0.3,587.3562204,698.4914951,666.4087491,675.6206945,653.5611985,614.810683,569.8771259,686.8036297,636.9196605,666.49415,646.6529851,562.1277656,594.4363058,605.7820561,564.0812723
0.3,587.5320281,698.5590848,667.0897943,676.7866694,650.1422771,615.0763646,570.7937755,685.2784473,638.0916441,666.8872323,647.6913263,562.5574337,594.8171756,606.6438062,564.9255304
0.3,587.5291547,698.6602959,667.5969794,677.9331654,650.606756,615.3912571,571.6598143,685.5363081,639.2540142,667.2697919,648.7438861,562.9871208,595.1913142,607.4847211,565.7660318
0.3,587.5533328,698.7829709,668.0347663,679.0562223,651.0412962,615.7909436,572.4864309,685.8205971,640.4013761,667.6449061,650.056489,563.4235928,595.5362177,608.31118,566.5921989
0.3,587.7870775,699.1475705,668.3508066,680.1517677,651.4678817,616.2540241,573.253813,686.1867477,641.5297332,668.0411612,651.2705028,563.8644329,595.8614041,609.1345985,567.3796685
0.3,588.0234796,699.5624073,668.5990789,681.2293975,651.8478357,616.7479074,573.978121,687.120704,642.6108988,668.5150402,652.3810042,564.3014921,596.1824156,609.9500982,568.1478557
0.3,588.2553388,699.9737192,668.8515487,682.2859779,652.1027263,617.2601055,574.6559299,688.0288718,643.6490032,669.0104241,653.6421249,564.7318386,596.4496301,610.7693146,568.9132453
0.3,588.4848646,700.3788382,669.1100324,683.3191397,652.5010818,617.7277151,575.2887485,688.8183343,644.6488106,669.5016857,654.9963957,565.1515273,596.686757,611.5966316,569.6606928
0.3,588.7217102,700.7739828,669.3759762,684.3282307,652.7240589,618.1544196,575.8747394,689.4441976,645.6327459,669.9568395,655.9167112,565.552658,596.9130146,612.4346137,570.388904
0.3,588.9646533,701.1085285,669.6501376,685.3122641,652.8813045,618.5789971,576.4161442,690.0447992,646.5653906,670.4054153,656.923106,565.9268668,597.1223779,613.2749378,571.095924
0.3,589.2051419,701.397032,669.9155717,686.2703834,652.9204595,618.9591959,576.9194637,690.6223246,647.4399329,670.8613324,658.05834,566.2664132,597.3321725,614.0829447,571.7790607
0.3,589.4392068,701.6499596,670.1811465,687.2032899,652.8506614,619.2791594,577.3893535,691.180193,648.2537473,671.3030685,659.0147873,566.5654757,597.536681,614.8878516,572.4352654
0.3,589.6533699,701.8703583,670.5068101,688.1136401,652.5883788,619.5343862,577.8292325,691.7237546,649.1130587,671.748284,659.903289,566.8209573,597.7489863,615.7070282,573.0615819
0.3,589.856792,702.0803702,670.8473699,689.0053898,652.2962585,619.7790052,578.1844314,692.2594194,649.958123,672.1713836,660.6878982,567.0328102,598.0863184,616.5388852,573.6559745
0.3,590.0031916,702.2814259,671.1572583,689.883439,652.3065227,620.0154444,578.4701259,693.7333913,650.8137946,672.5792656,661.4845029,567.194133,598.3991399,617.3839039,574.2178361
0.3,590.131731,702.475113,671.3606793,690.7530565,652.3065227,620.2483594,578.7377759,695.1833641,651.6572801,672.9228448,662.1258043,567.3186083,598.7129755,618.1719039,574.7480759
0.3,590.2729177,702.6629432,671.5725904,691.5183299,652.3065227,620.4851653,578.9557901,696.6014514,652.4977234,673.2067211,662.7957411,567.41238,599.0163476,618.9100495,575.2489441
0.3,587.9261648,702.9693648,671.5957485,692.2590513,652.3065227,620.6937081,579.1615093,698.1925181,653.3327025,673.5126663,663.3883658,567.466011,599.3000472,619.6078734,575.7233221
0.3,588.1536561,703.2765318,671.6004989,692.9944083,652.2179553,620.9072851,579.3536932,699.7399754,654.1586242,673.8211366,663.8751882,567.4829179,599.5933932,620.3342296,576.1739492
0.3,588.3629069,703.5759361,671.6015879,693.6863656,652.1181095,621.1617986,579.537435,701.2451225,654.961093,674.1673439,664.5104607,567.4916087,599.8864073,621.035066,576.6471648
0.3,588.5560599,703.8684454,671.5801437,694.3382346,652.0076722,621.5280676,579.7121557,702.3129503,655.7514844,674.6076513,664.9701846,567.4937874,600.2045114,621.6768136,577.107002
0.3,588.6535679,704.1557011,671.4867194,694.9856216,651.8871281,621.9197467,579.9033017,702.645481,656.5181811,674.8930153,665.5164402,567.4934313,600.5372861,622.3263619,577.5525463
0.3,588.7470252,704.3647586,671.3000539,695.6320191,651.7568969,622.317423,580.1083806,702.9433585,657.2307656,675.2043011,665.9556121,567.4941254,600.8794416,622.9430353,577.9819287
0.3,588.8000896,704.5788876,671.1241273,696.2847792,651.617823,622.6901541,580.3163772,703.2134225,657.9155578,675.5290428,666.4582859,567.4991835,601.2273358,623.4630893,578.3930896
0.3,588.9000259,704.8017127,670.9596003,696.9476263,651.2363651,623.0437013,580.5286201,703.4635159,658.5705459,675.8817461,666.9473634,567.5116403,601.591145,623.9485385,578.7846473
0.3,588.9442801,705.0191265,670.8173167,697.6225187,650.8132512,623.2909954,580.7455682,703.7031589,659.1514921,676.2768365,667.3644572,567.5339505,601.9558255,624.4223517,579.1564274
0.3,588.9713562,705.2498696,670.7446225,698.3094659,650.9682024,623.5398942,580.8346634,704.3643856,659.7677776,676.6945307,667.8490827,567.5679034,602.3208609,624.8849018,579.5096247
0.3,588.9905425,705.4978899,670.6317689,699.0068575,651.4892531,623.7984391,580.9386186,704.9778422,660.3540044,677.1618008,668.4577991,567.6153086,602.6620162,625.3347549,579.8465835
0.3,589.0036603,705.7928996,670.5136839,699.6800051,652.032771,624.0502475,581.0397597,705.603411,660.9096859,677.6170443,669.0793008,567.7275663,602.9758618,625.7691002,580.1702547
0.3,589.0413661,706.103713,670.4002144,700.3095835,652.5335269,624.2772206,581.1534343,706.2414359,661.3449687,678.072144,669.7781517,567.8644275,603.2454493,626.184554,580.4854211
0.3,588.9987729,706.4279713,670.2927781,700.9863295,652.9633364,624.4346085,581.2825692,706.8921568,661.6858507,678.488829,670.5200111,568.0027572,603.4964078,626.6288885,580.7994999
0.3,588.9456346,706.7560852,670.2204229,701.6339727,653.3062712,624.5963114,581.4122494,707.5450239,661.9696932,678.8106557,671.2951453,568.1486497,603.7330962,627.011802,581.1010103
0.3,588.8738074,707.0862801,670.1277896,702.2760455,653.6184791,624.7996927,581.5585349,708.1551607,662.2283702,679.1207665,672.0794046,568.2938169,603.9521002,627.3496994,581.4066128
0.3,588.7525752,707.395344,670.1044784,702.9097444,653.8491191,625.0181923,581.6720413,708.8202104,662.3983205,679.4225961,672.8446583,568.4377284,604.1583052,627.6982509,581.7095412
0.3,588.5580366,707.7060929,670.0130475,703.5337511,653.7353026,625.2374515,581.7971931,709.3248576,662.5250025,679.7488201,673.625326,568.5655706,604.3505706,627.9996185,582.0044474
0.3,588.307414,708.0157253,669.9539106,704.1477408,653.6298335,625.4665356,581.936072,709.8420697,662.6747051,680.0576065,674.3984044,568.6746772,604.484672,628.272345,582.3018059
0.3,588.064614,708.3198184,669.8932573,704.7416836,653.3125422,625.6965718,582.083297,710.375724,662.8441717,680.3474059,675.1180479,568.7888045,604.5887168,628.4654051,582.5587159
0.3,587.7886962,708.6128995,669.8585371,705.3168859,653.1414163,625.9509398,582.2346698,710.9134832,663.0777658,680.6158752,675.6635053,568.9080372,604.7011926,628.6284253,582.8099115
0.3,587.4362126,708.8896295,669.835908,705.8926351,652.8157423,626.2132359,582.365674,711.5323982,663.3047579,680.9215871,675.8695439,569.0318169,604.838534,628.7722235,583.0343763
0.3,587.059602,709.1318134,669.7993549,706.4699001,652.6104178,626.4962584,582.5051636,712.5595929,663.5183315,681.1630147,676.4201385,569.1589153,604.9849452,628.9028945,583.254454
0.3,586.6578063,709.3511324,669.6722902,707.0494054,652.171868,626.7858642,582.8174374,713.7084568,663.7741383,681.3282986,677.2556669,569.214971,605.1578195,629.107468,583.4809921
0.3,586.2424516,709.5752297,669.5245736,707.6309844,652.1199906,627.0956817,583.0281193,714.3412136,664.0531482,681.5150985,677.6119572,569.3103211,605.3592069,629.2769288,583.7143902
0.3,585.7415728,709.7800121,669.3439387,708.2687581,651.723147,627.4277462,583.245954,714.659298,664.3296961,681.6813774,677.9268138,569.4036103,605.5914331,629.417716,583.9439536
0.3,585.2106401,709.9701583,669.211504,708.8624346,651.6406823,627.7659353,583.4531141,715.0878755,664.6171308,681.794263,678.1988256,569.4596161,605.87969,629.5216873,584.1570111
0.3,584.6770913,710.1427175,669.0260204,709.4396109,651.5380003,628.0811673,583.6329908,715.3361518,664.8999138,681.8825825,678.4381419,569.5012531,606.1758277,629.5880988,584.3738595
0.3,584.1439091,710.2972688,668.7805565,709.9989498,651.5053541,628.3913852,583.7765444,715.514398,665.1823563,681.947259,678.6105456,569.5472912,606.4859302,629.6570144,584.5997606
0.3,583.8496881,710.4372089,668.4981401,710.5475173,651.4231965,628.724212,583.8880905,715.9665564,665.4328001,681.946437,679.3266153,569.6289293,606.7967364,629.7419901,584.7926648
0.3,583.6719665,710.5951571,668.2288427,711.0745769,651.3257885,629.075329,583.9886798,716.2224986,665.6432095,681.9698304,679.2972163,569.6690122,607.1255472,629.8507453,585.183646
0.3,583.4408122,710.7451986,667.9402398,711.5863312,651.2466376,629.4226259,584.0894293,716.4885915,665.8291249,681.9827887,679.1522389,569.7502111,607.461084,629.9061924,585.3770228
0.3,583.2016488,710.892166,667.6423577,712.0880581,651.1180884,629.7373452,584.1753799,716.6653257,665.9845908,681.9874435,678.8718292,569.8280664,607.7927214,629.9392044,585.5810559
0.3,582.9128044,711.0442013,667.3868498,712.5709111,649.8349545,630.074625,584.2342654,716.8255155,666.1768972,681.9825251,678.4609519,569.9151614,608.1100757,629.97014,585.7841586
0.3,582.6353959,711.1787654,667.1349551,713.0408176,648.6662052,630.4060488,584.2688248,716.6930535,666.3587569,681.9676852,678.3649768,570.0391436,608.4545183,629.9819315,585.9939605
0.3,582.359489,711.2892281,666.8919076,713.4607073,647.6228954,630.7246088,584.284851,716.5600754,666.5377077,682.0156829,678.2986214,570.1454069,608.7690847,630.0403774,586.2185758
0.3,582.0913357,711.4027635,666.5673764,713.8681126,647.335628,631.0283512,584.2656277,716.4344402,666.7082923,682.0773456,678.2464486,570.2316885,609.0824885,630.0747804,586.4389068
0.3,581.8428916,711.5188893,666.2393486,714.2618637,647.0514275,631.3150877,584.2158459,716.3283009,666.8104702,682.1383346,678.2102098,570.3462004,609.3050245,630.1479086,586.6443108
0.3,581.6131753,711.6418194,665.9754489,714.6409595,646.85147,631.5865121,584.195805,716.2577171,666.9242648,682.1963081,678.1623103,570.3992409,609.5029023,630.2193121,586.825768
0.3,581.3941894,711.7608876,665.7698495,714.9885403,646.991205,631.6701196,584.1728745,716.0612739,667.0429856,682.1021763,678.1241548,570.4358691,609.6324286,630.2815308,586.999346
0.3,581.2105406,711.8858119,665.5840698,715.3059755,647.1562778,631.7176392,584.1234744,715.6217347,667.1712626,681.9690716,678.0941508,570.4637753,609.7319821,630.3655987,587.1671278
0.3,581.1471702,712.0119793,665.416533,715.5884447,647.3364642,631.762958,584.0344172,715.2622141,667.2511678,681.8550169,678.0483382,570.4872939,609.8507354,630.4650275,587.3258947
0.3,581.3088088,712.1655287,665.2726494,715.8659596,647.5247601,631.8103177,583.938697,715.4448845,667.2951612,681.6914801,678.0232906,570.5073647,609.9626903,630.6193453,587.4882981
0.3,581.4393235,712.2951637,665.18532,716.132603,647.71335,631.8632667,583.8320895,715.4449672,667.306783,681.5915213,677.965502,570.5644182,610.0788109,630.7982454,587.6640682
0.3,581.5301236,712.4255736,665.1055865,716.3781026,647.8893186,631.949092,583.7228626,715.4466102,667.3400373,681.5093317,678.15908,570.6510115,610.1328075,631.008305,587.8234551
0.3,581.5037579,712.5572392,665.0545193,716.6353878,648.0373309,632.1179479,583.6209044,715.4398221,667.3599018,681.4479566,677.7173607,570.7558175,610.1492401,631.2505205,587.9817328
0.3,581.4828313,712.6826182,665.0179889,716.9095196,648.141261,632.3258142,583.5192034,715.4134536,667.3983526,681.407969,677.6350319,570.8608737,610.1479201,631.5184304,588.1318199
0.3,581.4593886,712.8120521,664.9403248,717.1303931,648.1856672,632.5031038,583.4435347,715.3589551,667.441675,681.3851766,677.6490216,570.9418073,610.1570749,631.7739439,588.3231265
0.3,581.4522953,712.9467948,664.9097796,717.3092046,648.637867,632.7248872,583.387741,715.2699825,667.4829132,681.333094,677.6670264,570.971744,610.145909,632.0323438,588.5349771
0.3,581.4465047,713.0862109,664.9346904,717.4719725,655.6867409,632.9163469,583.32654,715.1371414,667.44138,681.2849345,677.6888004,570.998473,610.0883172,632.2589926,588.7542656
0.3,581.4416504,713.2293204,665.0676939,717.6264071,655.6944009,633.1466446,583.2930442,714.8527335,667.4257174,681.2400287,677.6575022,570.9883918,609.9547091,632.3757557,589.0022525
0.3,581.5155834,713.3808373,665.200967,717.7643168,655.6954048,633.2426403,583.0277714,714.5211898,667.4413361,681.1913893,677.7696766,570.9589004,609.8179117,632.4554561,589.2490373
0.3,581.5989227,713.5366247,665.3193749,717.872776,655.6994394,633.2863783,583.117615,714.0177978,667.4439007,680.9510279,677.8982467,570.9241777,609.657543,632.5198664,589.4981892
0.3,581.6935724,713.6919568,665.4431503,717.9651639,655.7062325,633.3622264,583.2350782,713.5951279,667.4712982,680.6886435,678.2298864,570.8845339,609.4946885,632.5881042,589.7431488
0.3,581.7823238,713.8436944,665.524658,718.0325944,655.7128145,633.4228971,583.380581,713.0970996,667.4603545,680.3656182,678.2598689,570.8406002,609.3067748,632.649108,589.9773663
0.3,581.8712139,713.9856857,665.6895748,718.0716936,655.6965814,633.5105585,583.542997,712.8105862,667.4140602,680.0022691,678.2331084,570.7931763,609.1330195,632.7305488,590.191772
0.3,581.9376296,714.124577,665.8666802,718.1267635,655.6613627,633.5902455,583.7197746,712.4044858,667.3306255,679.6399866,678.0812807,570.7615174,608.9871686,632.8396691,590.4106476
0.3,581.8650547,714.2592876,666.0876013,718.1832876,655.6079142,633.744515,583.9065829,711.8733802,667.1965065,679.2813025,677.4062478,570.7261181,608.9335749,632.9635267,590.6462635
0.3,581.7341992,714.3608841,666.3245602,718.3521078,655.5371398,633.9047735,584.0210647,711.247392,667.0560698,678.8979344,676.5055208,570.6863635,608.9237809,633.0288132,590.8539614
0.3,581.6210117,714.4434599,666.5152849,718.5207506,655.4512168,633.9561287,584.2112928,711.039106,666.8622997,678.5022535,675.6646988,570.6417992,608.950251,633.1104865,591.0844992
0.3,581.4506608,714.5210477,666.6939764,718.7171723,655.3527545,633.9214622,584.450162,710.7450106,666.6386441,678.0054361,674.8602532,570.5699666,609.0013181,633.1776587,591.2925899
0.3,581.1861733,714.5935793,666.8630752,718.9335368,655.2398546,633.8600709,584.9184177,710.2652083,666.3685836,677.4832881,674.2538078,570.4874527,609.0729189,633.2508215,591.4885196
0.3,580.8997946,714.6581865,667.1783706,719.1601069,654.744283,633.8066748,585.1365578,709.726064,666.0980151,676.9630995,674.1940016,570.4013223,609.1748937,633.3239519,591.6595994
0.3,580.4720821,714.7245235,667.4018737,719.3795148,654.5924385,633.7449888,585.3484785,709.1067283,665.827077,676.404632,674.1873645,570.2632442,609.2849278,633.3814404,591.8241838
0.3,580.2293522,714.7890882,667.4593093,719.6133903,654.3941798,633.5815151,585.5676658,708.1787977,665.5549371,675.8196798,674.4107155,570.1233504,609.3996712,633.4333891,591.9485673
0.3,580.1412803,714.853709,667.4593604,719.8061613,654.2025799,633.3945315,585.7493578,707.2488918,665.288927,675.2141568,674.7217576,570.0125352,609.5158729,633.4436033,592.075236
0.3,580.0917062,714.920009,667.4132757,719.9468024,654.0177782,633.189403,585.9223122,706.3127906,665.0243845,674.6302045,675.0061583,569.9122041,609.6062361,633.3528997,592.1855035
0.3,580.0627807,714.9969483,667.3048078,720.0660733,653.8400636,632.9730464,586.0728774,705.1962314,664.7700317,673.9688437,675.2379587,569.8198957,609.6633773,633.2598565,592.2980696
0.3,579.6421887,715.0563566,667.1579766,720.1784398,653.6698008,632.7748776,586.1983411,704.0469207,664.4716627,673.2920807,675.4143499,569.7644035,609.7066444,633.1677315,592.3691456
0.3,579.2136609,715.1181671,667.0045124,720.2883729,653.5067122,632.5763327,586.2005976,702.887012,664.1788808,672.5994442,675.5042552,569.7399787,609.7354085,633.0574955,592.4520843
0.3,578.7914512,715.1806307,666.8557493,720.4525162,653.3501932,632.4983928,586.2010856,701.73529,663.8928707,671.9217828,675.5626965,569.7383272,609.7500609,632.9526224,592.5358617
0.3,578.3739218,715.2393953,666.7228543,720.6307222,653.20028,632.4132845,586.1995467,700.375964,663.5939004,671.2469007,675.46641,569.7558773,609.7519424,632.8519987,592.6312254
0.3,578.1327165,715.2920756,666.6115714,720.8078854,653.0580513,632.3293424,586.1778421,698.2161113,663.2720693,670.5770012,675.3123683,569.8270043,609.7427567,632.7771091,592.7269559
0.3,577.890065,715.3647775,666.5228625,720.9949594,652.9248624,632.3636174,586.2149991,696.2345343,662.9545851,669.9409354,675.1149064,569.9070907,609.6987064,632.725524,592.8105958
0.3,577.6431458,715.4397577,666.4540494,721.1740137,652.8012241,632.4235922,586.259232,694.476314,662.6472279,669.3581097,676.2824073,569.9944445,609.6838503,632.6982892,592.8896131
0.3,577.3375813,715.5219392,666.3993441,721.3583283,653.6249084,632.346156,586.3077993,692.9626685,662.348716,668.8196684,676.2398469,570.0941248,609.6853838,632.6666052,592.9357539
0.3,577.01291,715.5518007,666.3555815,721.5287451,654.4691666,632.3237994,586.4090182,691.6791935,662.0317986,668.284033,676.1461331,570.1943953,609.6952074,632.6191206,592.969636
0.3,576.6686772,715.5311375,666.2410175,721.7040703,655.0979923,632.1936543,586.5582964,690.6392895,661.7190256,667.7381437,676.0199392,570.2968652,609.7009218,632.5662,592.9595631
0.3,576.3058976,715.5179322,666.1197319,721.8169976,654.9684914,632.1573997,586.642733,689.8125321,661.4184294,667.2060291,675.9265918,570.4415724,609.6204726,632.4337699,592.9291578
0.3,575.9273273,715.512324,665.9787504,721.9156276,654.8476459,632.0215939,586.6672262,689.1879684,661.1294003,666.6737953,675.8088696,570.5827015,609.5373325,632.2914979,592.8804771
0.3,575.5373476,715.5141393,665.7571062,721.996923,654.7794518,631.9932958,586.6500666,688.7170431,660.8508381,666.1470294,675.412511,570.7185203,609.4501181,632.134131,592.826521
0.3,575.1407479,715.5338499,665.5256455,722.0626673,654.716209,631.9730691,586.55773,688.3804676,660.5817584,665.631427,675.0368782,570.845517,609.3526996,631.9471839,592.7532983
0.3,574.741643,715.5674986,665.3139783,722.1141126,654.6568607,631.9338143,586.3817489,688.0891378,660.3214536,665.1164437,674.6790386,570.9208828,609.2208804,631.7409197,592.6854835
0.3,574.3433822,715.6260968,665.1450264,722.1555928,654.6000116,631.9763766,586.1455646,687.6063015,660.0695731,664.6394323,674.3423829,570.9932235,609.0790874,631.5215205,592.6213088
0.3,574.0147674,715.707248,664.9881904,722.1857441,654.5435312,632.0190971,585.8936553,686.7398783,659.8262372,664.1642568,674.0391672,571.0599664,608.929611,631.2875339,592.567138
0.3,573.7475231,715.804851,664.820369,722.2279617,654.4855262,631.89728,585.6882961,685.3764179,659.6115679,663.7429675,672.3742485,571.1158232,608.768683,631.0407412,592.5179518
0.3,573.3727566,715.9273638,664.6524115,722.2712311,654.4250181,631.6842315,585.4636276,684.235295,659.3984627,663.3346797,672.0240977,571.1501827,608.5828411,630.8029763,592.5080382
0.3,573.1172024,716.0680607,664.4594116,722.2721818,654.3615198,631.476468,585.2257563,683.4554004,659.1819553,662.93011,671.6024563,571.1342833,608.3695611,630.5835695,592.5034731
0.3,573.1334631,716.2169849,664.2120962,722.2340617,654.2938884,631.3016398,584.9889005,682.5966145,658.9797149,662.4763567,671.1333462,571.0883915,608.1434371,630.3737284,592.4837791
0.3,573.1339876,716.3602252,663.9071848,722.1844435,654.2201467,631.1357037,584.8324615,681.667555,658.8089051,662.0101385,670.6769617,571.0415478,607.9113279,630.1721252,592.4584489
0.3,573.1116852,716.5129387,663.4966435,722.1701678,654.0271418,631.0075302,584.6869675,680.6753949,658.5685983,661.543169,670.2025167,570.9946571,607.5529891,629.9766004,592.4281011
0.3,573.0632967,716.6711322,663.0528252,722.2197376,653.8171531,630.9580002,584.5400705,679.9855559,658.3110754,661.0757187,669.7387498,570.9499101,607.18007,629.7773857,592.3583285
0.3,572.9899147,716.8306899,662.5388417,722.2799431,653.6087072,630.9020643,584.2890694,679.3666943,658.0579907,660.6071215,669.2653058,570.9094202,606.806367,629.5926832,592.2772559
0.3,572.8958679,716.9800363,661.9306105,722.3368832,653.3763554,630.8012756,584.0375046,678.6818,657.8117089,660.1363505,668.7072593,570.8764787,606.4505368,629.4138478,592.1857773
0.3,572.7865629,717.1275998,661.474421,722.3920095,653.1132597,630.7144136,583.7304787,677.9306135,657.5405567,659.6624288,668.192692,570.7836444,606.1067444,629.2570537,592.0664687
0.3,572.4324441,717.2633272,660.9817208,722.4522194,652.8194143,630.6415562,583.4454749,677.1140468,657.2823276,659.1840013,667.6827629,570.6712526,605.7744766,629.108844,591.935636
0.3,572.0735643,717.3558748,660.4857963,722.521804,652.4985477,630.6318683,583.1796284,676.2346136,657.024644,658.6996811,667.1742812,570.5549321,605.4630009,629.0212369,591.7995961
0.3,571.7669938,717.4372617,660.0073402,722.6113264,652.1564029,630.703418,582.9668801,675.291225,656.7607043,658.2090712,666.687094,570.4383957,605.1763091,628.9308422,591.6788562
0.3,571.4260625,717.5032192,659.5648254,722.7228186,651.7984097,630.8157611,582.7849713,674.6439004,656.4811232,657.7141684,665.9564804,570.325229,604.9098382,628.8532659,591.5762575
0.3,571.0552104,717.5557747,659.229103,722.8062904,651.4242589,630.9190987,582.6227459,674.1954107,656.1847927,657.0620857,665.161265,570.206507,604.6770948,628.7360542,591.4893546
0.3,571.0256825,717.5892499,658.9873747,722.8635231,651.0357001,630.9907856,582.4796011,673.8139401,655.8696091,656.3656024,664.3957043,570.0678016,604.4752363,628.6274693,591.4164851
0.3,571.0340505,717.5262995,658.7129616,722.898495,650.6488696,631.0473529,582.352066,673.4379034,655.5241157,655.65103,663.8959402,569.9762698,604.2994718,628.5221888,591.3335455
0.3,571.0780792,717.4427712,658.3491669,722.85642,650.2691612,631.0707705,582.2379,673.0169444,655.1700595,654.9216334,663.2339411,569.9128258,604.1142837,628.419191,591.2483483
0.3,571.1533239,717.3637994,657.9392171,722.738965,649.899824,631.0578049,582.1304001,673.5969653,654.7944063,654.1977323,662.7245257,569.8462418,603.9423943,628.2997314,591.18785
0.3,571.0862965,717.2876831,657.5122773,722.6896387,649.5424297,631.0348277,582.0276069,674.5495818,654.3699195,653.4912348,662.1390259,569.7520829,603.7764813,628.1731524,591.1118405
0.3,571.0408866,717.2121553,657.0825085,722.6306992,649.1978495,631.0102423,581.9143404,675.2052582,653.9270882,652.7986242,661.6710478,569.7355941,603.6168217,628.0115708,591.0352702
0.3,571.0097263,717.1452611,656.6834632,722.5586415,648.8661543,630.9890917,581.7762859,675.5284885,653.4631604,652.1265062,661.1848203,569.7176808,603.4569183,627.8576213,590.9413983
0.3,570.6761811,717.0997841,656.3343496,722.4757361,648.5440529,630.9738065,581.5846656,675.5284885,652.9664694,651.4902376,660.66332,569.6962601,603.2931746,627.7270907,590.8482698
0.3,570.097112,717.0663316,655.9838504,722.4062535,648.2163873,630.9676304,581.3379632,675.5284885,652.4548674,650.9485243,660.2952928,569.6714072,603.0716645,627.605881,590.7470226
0.3,569.4188688,717.02868,655.6305278,722.3308138,647.8920229,631.0596415,581.0381556,675.5284885,651.9339769,650.4309742,659.9298265,569.6358275,602.8257076,627.514056,590.6430596
0.3,568.730939,717.0132105,655.2706765,722.2512052,647.5675145,631.1809141,580.7200107,675.5284885,651.4061002,650.0404691,659.5455364,569.5982984,602.57796,627.4551419,590.5383663
0.3,568.0207023,717.0077971,654.9094651,722.1298047,647.239548,631.2863734,580.4537227,675.5284885,650.8778807,649.6549497,659.2605917,569.5600045,602.3399369,627.4696359,590.4274733
0.3,567.2450578,717.0328844,654.5644689,721.9687388,646.8804359,631.4023027,580.1742224,675.4777759,650.3715815,649.2749707,658.9923616,569.522238,602.098447,627.5166334,590.3315735
0.3,566.3932896,717.041558,654.1600538,721.7962258,646.5044976,631.4794326,579.8832805,675.3931468,649.9029083,648.8955455,658.7194551,569.5227672,601.8613515,627.5853267,590.2456463
0.3,565.4596594,717.120105,653.7387619,721.5794083,646.1067489,631.4682148,579.4912892,675.3152813,649.4283533,648.511399,658.2379671,569.5561051,601.5791838,627.6790571,590.1656625
0.3,564.5796817,717.2196524,653.2805885,721.3524142,645.6832323,631.3829159,579.0812984,675.7731402,648.9549383,648.1185891,657.7692468,569.6083716,601.2633263,627.8117108,590.1288322
0.3,563.7177345,717.3311803,652.8554263,721.1129381,645.2311952,631.3100111,578.6599603,676.4089746,648.4939241,647.7041963,657.301463,569.6047272,600.9118261,627.9252791,590.1030281
0.3,562.5946979,717.4264157,652.3842928,720.8289776,644.7484259,631.2781187,578.2562053,676.9630924,648.0430299,647.2631423,656.8128989,569.5933173,600.5697894,627.9816735,590.0861731
0.3,561.5055823,717.527013,651.770154,720.5140899,644.2335472,631.2620222,577.8530872,676.9759258,647.6143512,646.7825268,656.3752629,569.6534374,600.2246731,628.0578521,590.0981731
0.3,560.4462025,717.625826,651.1740722,720.1929967,643.6865639,631.2601662,577.4489718,676.4776932,647.2101031,646.277367,655.9437723,569.726023,599.8830422,628.109674,590.1037299
0.3,559.9327959,717.6552667,650.4992666,719.8769619,643.108942,631.261455,577.0613345,675.6594401,646.8302298,645.7388737,655.4995635,569.8044353,599.5265486,628.1763074,590.079948
0.3,559.6692228,717.6757045,649.8191715,719.5673149,642.5032765,631.2623422,576.6331473,674.8383547,646.4726482,645.2574869,655.0975959,569.9118455,599.1266176,628.2447985,590.0574163
0.3,559.4293147,717.6964353,649.145659,719.290653,641.872539,631.2393715,576.2188573,674.0533484,646.1337934,644.7550006,654.7951851,570.0412379,598.7104436,628.3420087,590.0332662
0.3,559.3022292,717.7103682,648.4592538,719.0117424,641.2211831,631.1167096,575.9252821,673.2670304,645.7979375,644.2836328,654.5586657,570.1375257,598.300498,628.5181436,589.9991724
0.3,559.2274449,717.7107025,647.8232728,718.7391875,640.5554896,631.0385463,575.7719103,672.49903,645.4389651,643.7871362,654.3552331,570.2370317,597.8789532,628.7096031,589.9680267
0.3,559.1527632,717.6950337,647.2933246,718.478676,639.8830999,630.9326619,575.6145124,671.8440021,645.1278763,643.2852329,654.1437291,570.330502,597.4146702,628.9094439,589.9407629
0.3,559.0696798,717.6554562,646.8199571,718.2317015,639.2120856,630.8887483,575.4892011,671.1407651,644.8298904,642.777033,653.8973192,570.4016999,596.9584341,629.1137794,589.9143593
0.3,558.9912795,717.6356628,646.3694653,718.0419585,638.5502991,630.7578957,575.3530016,670.6773975,644.5438158,642.2659171,653.6520052,570.4113614,596.5160147,629.3195734,589.8737282
0.3,558.9403181,717.6198989,645.9334468,717.8603039,637.9072482,630.6612932,575.2000439,670.286118,644.3005197,641.7554544,653.3829172,570.3976303,596.0912119,629.4901448,589.804871
0.3,558.8193142,717.5819379,645.4020413,717.6710664,637.2938939,630.5931342,575.0236417,669.9231781,644.0723575,641.2537226,653.1446158,570.3821413,595.6723175,629.6612454,589.6990965
0.3,558.7482372,717.5229556,644.9439355,717.4369044,636.7210152,630.5259379,574.8391953,669.5175848,643.8383474,640.7533282,652.886585,570.3681747,595.2511122,629.7783922,589.6002644
0.3,558.6689092,717.4765204,644.5068818,717.2263974,636.1970134,630.4456102,574.6394267,669.1062066,643.6055119,640.2431689,653.1557906,570.3524357,594.8471148,629.8652425,589.5407407
0.3,558.6229192,717.440804,644.075899,717.0916595,635.7269455,630.3782791,574.3175735,668.6290682,643.3694518,639.7192727,652.8954414,570.335132,594.4633575,629.9047568,589.5019263
0.3,559.0106567,717.3815117,643.8171349,716.9620034,635.3142349,630.2662655,573.9807535,668.2126885,643.13175,639.1779303,652.6397799,570.3175649,594.092715,629.946501,589.4343235
0.3,559.3856929,717.3247768,643.5769407,716.8296874,634.9601256,630.1491149,573.6298184,667.8488786,642.8300067,638.5963222,652.3917296,570.3271515,593.7251709,629.9808364,589.330878
0.3,559.7191474,717.262915,643.4057989,716.7250417,634.6624336,630.0225703,573.2700103,667.4418473,642.5174613,637.9811567,652.2701472,570.3249975,593.3441826,630.0063261,589.2175406
0.3,559.7491647,717.2051955,643.2565133,716.6228184,634.4139967,629.8965297,573.0437788,667.0175606,642.2487155,637.3138666,652.1917106,570.3459737,592.9559929,630.0184606,589.1052736
0.3,559.6969793,717.1542045,643.1221266,716.5125591,634.2058928,629.7762579,572.8182872,666.5816845,642.0051659,636.6194427,652.1365486,570.3700068,592.5602854,630.0069053,588.9900942
0.3,559.649462,717.0536482,643.1688351,716.4003899,634.0235713,629.6664454,572.6199955,666.40259,641.7843539,635.9112994,652.054822,570.3939058,592.1560715,629.9617678,588.8697255
0.3,559.5693247,716.9705203,643.2541394,716.2870947,633.8517193,629.5505391,572.4208106,666.1764616,641.5728978,635.1925422,651.9711613,570.3513294,591.7478722,629.8843018,588.7261779
0.3,559.4541855,716.8952914,643.3608479,716.2235659,633.6854604,629.35966,572.1306314,666.3226438,641.4155658,634.4663074,651.8615987,570.3065842,591.3315964,629.801679,588.5850186
0.3,559.3296335,716.8340659,643.4723027,716.12447,633.5311154,629.2187044,571.8464774,666.4226417,641.2757789,633.6577948,651.7770331,570.2630195,590.9035243,629.7052431,588.4484017
0.3,559.1446739,716.7809758,643.575667,716.0525769,633.3837642,629.0211961,571.5778681,666.4727403,641.1302224,632.8523005,651.6505743,570.2166998,590.4705212,629.5989427,588.307237
0.3,558.704155,716.7388979,643.7114672,715.9982498,633.2414218,628.7684337,571.3236073,666.4799075,640.9939986,632.0512922,651.629336,570.1595505,590.0346296,629.4463484,588.1639515
0.3,558.164107,716.7382471,643.8230676,716.0591208,633.1042631,628.6344121,571.0815803,666.2970628,640.8501428,631.2559541,651.5291013,570.1128115,589.5979967,629.2949642,588.0153767
0.3,557.5587571,716.769024,643.9316226,716.048419,632.9961641,628.5502924,570.8550566,666.0901774,640.5821788,630.4681994,651.3917688,570.1012638,589.162831,629.1800185,587.8670423
0.3,556.9010709,716.8060121,644.1740449,716.0184426,632.8921967,628.5824142,570.6425996,665.8685066,640.2470039,629.7235125,651.270248,570.038973,588.7306919,629.0989019,587.7161009
0.3,556.2056045,716.8165518,644.393625,715.981742,632.7714145,628.4805181,570.4458118,665.6440106,640.0263965,629.0808366,651.0663625,569.9451761,588.3015176,629.027067,587.5608203
0.3,555.4878649,716.7916309,644.5885795,715.9383968,632.6448357,628.3313517,570.2651602,665.4281668,639.8350644,628.4279262,650.8456371,569.8309243,587.873235,628.9698367,587.4028351
0.3,554.4684116,716.757817,644.7639176,715.8806601,632.4901299,628.1693391,570.0746405,665.2295283,639.6752704,627.7221375,650.6246307,569.7333215,587.4421839,628.9288288,587.2420198
0.3,553.4124647,716.7047927,644.8380073,715.776556,632.3264782,628.0223701,569.8555269,665.2678545,639.5228907,627.013339,650.4067617,569.613596,587.0060966,628.926369,587.0767123
0.3,552.3671481,716.6497326,644.8344183,715.6752267,632.1442466,628.0715236,569.6281209,665.2217575,639.2922193,626.3088547,650.314279,569.4889736,586.5535227,628.9248741,586.9027164
0.3,551.3523019,716.5954729,644.8754073,715.5779285,631.9346789,628.1214645,569.3467905,665.2553879,639.0203739,625.616109,650.3306015,569.3570847,586.0804994,628.9254105,586.6873631
0.3,550.4187275,716.5494263,644.8669215,715.4855825,631.7032422,628.1506573,569.029861,665.3694401,638.7597987,624.8166494,650.3668306,569.2312488,585.5818594,628.9038547,586.4622326
0.3,549.5557056,716.5113629,644.7235566,715.3679384,631.4750753,628.0504427,568.6942965,665.6019275,638.4769997,623.9685928,650.4184982,569.1051751,585.0579003,628.8888059,586.2137804
0.3,548.7739561,716.4782631,644.5499564,715.258753,631.2388547,627.8261267,568.3641164,665.9435372,638.1786413,623.1210085,650.4985579,568.979381,584.505487,628.8651872,585.8344949
0.3,548.1487222,716.4718783,644.3560625,715.143857,631.0000475,627.5899667,568.0371933,666.4493603,638.0249526,622.2816988,650.705713,568.8223094,583.9252507,628.850501,585.585007
0.3,547.6543011,716.4646175,644.1423721,714.9689414,630.770427,627.4790955,567.6636509,666.8314907,637.8731242,621.4586098,650.8847432,568.5936244,583.3124938,628.8308236,585.3268826
0.3,547.1885211,716.441662,643.925277,714.7258259,630.5455901,627.5916436,567.2924197,667.2954704,637.7123193,620.6848642,650.8754807,568.3626997,582.6721522,628.8840748,585.0637079
0.3,546.7468539,716.4189121,643.7029196,714.4821802,630.3356524,627.7312091,566.9283098,667.7907305,637.605687,619.9304613,650.9027933,568.1563275,582.0072274,628.9487209,584.7853944
0.3,546.324633,716.337524,643.4876908,714.254577,630.1389238,627.8638877,566.5721959,668.2244637,637.4921734,619.2023228,650.844945,567.9605013,581.3213492,629.011523,584.4663895
0.3,546.1297977,716.2550373,643.2702221,714.0468459,629.9731485,627.986654,566.2420011,668.5859409,637.353272,618.5050807,650.7698522,567.7438426,580.6182085,629.0648606,584.1222452
0.3,545.9289354,716.1742817,643.0627251,713.7934389,629.802551,628.0982269,565.9240168,668.9218075,637.0987731,617.8508299,650.6974561,567.5396316,579.9009613,629.167552,583.769748
0.3,545.6995512,716.0965504,642.7485508,713.5474847,629.5821781,628.2406202,565.5021582,668.8140087,636.8659864,617.3994997,650.6096528,567.349454,579.1906253,629.2576876,583.4329567
0.3,545.3269364,715.998248,642.5266795,713.3094138,629.3394881,628.4705143,565.0698512,668.5538875,636.524605,617.0047642,650.5208437,567.1745038,578.4716645,629.3379386,583.1162075
0.3,544.9996284,715.9042385,642.2071981,713.083024,629.0728809,628.7352028,564.653404,668.4344962,636.1734423,616.6087645,650.4700894,567.0156907,577.7561691,629.3574495,582.8314328
0.3,544.6479762,715.8168555,641.8799204,712.8659955,628.7804733,628.9391743,564.2614471,668.3007438,635.7968807,616.2047236,650.412067,566.874875,577.0310292,629.354855,582.6088162
0.3,544.2911846,715.7372076,641.5266524,712.6541807,628.4607272,629.1314457,563.8734495,668.2165456,635.397475,615.7997793,650.3806161,566.7510708,576.2968099,629.3158675,582.403272
0.3,543.9299024,715.6657384,641.2996396,712.4551866,628.0993302,629.3109673,563.4815462,668.2310331,635.0125438,615.3854816,650.3509332,566.6808568,575.5645981,629.2684702,582.1750374
0.3,543.5928423,715.66428,641.0694634,712.247963,627.6936802,629.4788023,563.0673743,668.1504689,634.6312315,614.9780052,650.393726,566.6561914,574.829404,629.2010692,581.9335708
0.3,543.2553325,715.6583528,640.8317277,712.0121665,627.2648495,629.7426112,562.6525262,668.1286732,634.2621499,614.5752066,650.4417811,566.5810903,574.1043801,629.1393878,581.697879
0.3,542.8710064,715.6528883,640.5846362,711.8043601,626.8181321,629.8662453,562.2502223,667.920687,633.9314306,614.1248427,650.4506109,566.5108256,573.3810804,629.0763992,581.4870494
0.3,542.4674058,715.645828,640.3389243,711.6222604,626.3599503,630.0119874,561.8690011,667.8030305,633.5543623,613.6749829,650.4614751,566.4322402,572.6675527,628.9992992,581.2927808
0.3,542.1669847,715.6223013,640.0913159,711.4954007,625.8979835,630.1292574,561.4996869,667.699499,633.0838776,613.2294473,650.333809,566.3142222,571.9597328,628.9175987,581.1061557
0.3,541.9169701,715.5872856,639.8439676,711.3942107,625.5089435,630.2230363,561.1411206,667.6052631,632.6034356,612.7107508,650.1268101,566.2019016,571.2557502,628.8431175,580.9184714
0.3,541.6418484,715.5511527,639.5888336,711.3392849,625.1641874,630.3400486,560.7718055,667.5161972,632.1861249,612.278236,649.8948181,566.1258871,570.701536,628.7581331,580.7378841
0.3,541.1319865,715.5135004,639.3061867,711.3033219,624.8760369,630.3209665,560.3698756,667.3953738,631.7881062,611.8264747,649.5973856,566.0341908,570.2805791,628.6357005,580.56944
0.3,540.5433046,715.4738549,638.8645752,711.2735115,624.6557943,630.2908234,560.0518065,667.2689291,631.3637809,611.3904525,648.9848464,565.9558912,569.8486248,628.5475775,580.3774209
0.3,539.9679846,715.4197193,638.4932202,711.2573373,624.5556905,630.2653791,559.7840956,666.9007454,631.0727508,610.9354167,647.9372062,565.8734712,569.3915331,628.4877707,580.1785751
0.3,539.4029166,715.3721538,638.1363439,711.2571829,624.5717369,630.1944137,559.4598856,666.4922234,630.7579531,610.4559275,646.7747423,565.7988378,579.5847921,628.4451253,580.009412
0.3,538.8376888,715.3091592,637.8835434,711.2574805,624.6531872,630.0994365,559.0564578,666.0119148,630.4717211,609.9483923,645.5735873,565.7323735,579.2105604,628.4265201,579.8595873
0.3,538.2539918,715.2611403,637.6246307,711.2476535,624.7958208,629.9251342,558.6479072,665.5808094,630.1902358,609.4100109,644.3677777,565.6984076,578.8170161,628.3736656,579.732283
0.3,537.6590082,715.2086712,637.472613,711.2285204,624.9947268,629.7354582,558.1926458,665.1030348,629.9328906,608.8392687,643.1841026,565.6435901,578.4174618,628.325666,579.6210564
0.3,537.0352972,715.1623679,637.3158136,711.1426591,625.2448407,629.5767164,557.7156737,664.1618036,629.6599186,608.2365247,642.0503686,565.5896433,578.0137694,628.2797789,579.5168333
0.3,536.3703603,715.1297788,637.0945706,711.0457387,625.540048,629.4635598,557.2124987,663.0776417,629.4161362,607.6039369,640.9855315,565.5199819,577.6074259,628.2640263,579.3921877
0.3,535.5494771,715.0763458,636.7974862,710.9142043,625.8806466,629.3880457,556.6853222,661.9515347,629.0844942,606.9449275,640.3716367,565.4065069,577.0762997,628.2543534,579.2695024
0.3,534.5418193,714.9966624,636.4831988,710.7691316,626.2716438,629.3132609,556.1272936,660.8117188,628.7481064,606.2639504,639.9599452,565.3278938,576.5441095,628.2338735,579.1568536
0.3,533.4188005,714.9157393,636.1482896,710.6241479,626.6748656,629.2519016,555.559651,659.6882887,628.3712434,605.419308,639.5633346,565.1882355,576.0172617,628.2191137,579.0418784
0.3,532.0965014,714.8353331,635.8238082,710.4677095,627.0814143,629.253368,554.9913479,658.6396351,628.0397382,604.5439883,639.1858789,565.0331231,575.4956553,628.2003324,578.9316847
0.3,530.6076456,714.7751385,635.4886665,710.3062861,627.5649277,629.294059,554.4297882,657.7469633,627.7062118,603.6542513,638.94008,564.8930804,574.9789348,628.223896,578.8253633
0.3,529.0404504,714.7112744,635.1332248,710.1599335,627.5346374,629.3334688,553.9610244,656.8777953,627.3687714,602.7989221,638.7192332,564.7681258,574.4667123,628.2881484,578.721439
0.3,527.383605,714.6443237,634.9419075,710.0359837,627.5459988,629.2904701,553.5073584,656.0711296,627.0396561,601.9607566,638.5113215,564.6566934,573.9585365,628.4095299,578.6199048
0.3,525.6583924,714.5414103,634.7281057,709.9167827,627.5599908,629.2565389,553.0798212,655.2817387,626.7217776,601.1540706,638.2236753,564.5561637,573.4536323,628.5634554,578.5339704
0.3,523.8902611,714.4326235,634.4228634,709.8154885,627.5560192,629.1648426,552.6116886,654.5744358,626.3984235,600.3916724,637.9345071,564.464017,572.91667,628.7221953,578.4533701
0.3,522.1167113,714.322258,634.0709433,709.7499478,627.5342077,629.1054156,552.149794,654.0138271,626.0951505,599.7277283,637.6460463,564.3727454,572.378766,628.8181338,578.3595961
0.3,520.3812738,714.2092624,633.7284228,709.6779093,627.5149002,629.0139553,551.708717,653.5269061,625.7954692,599.1395897,637.3562829,564.2905755,571.8397312,628.8761445,578.2470221
0.3,518.7164662,714.0940621,633.4342931,709.6147333,627.4785079,628.8731708,551.289629,653.0271897,625.5011079,598.600156,637.0559064,564.2044573,571.2996761,628.936639,578.1236805
0.3,517.1238437,714.0070317,633.1170064,709.5487736,627.4215356,628.7732988,550.8994858,652.5780467,625.2136537,598.1107074,636.7264727,564.0874453,570.7598007,628.9849652,577.9975428
0.3,515.622855,713.9010346,632.7813201,709.4816471,627.3673496,628.6544274,550.5341697,652.1445195,624.8146025,597.7515974,636.9201445,563.9845845,570.2225631,629.0369705,577.8665388
0.3,514.5232091,713.7966969,632.4693937,709.4302403,627.2874858,628.5208763,550.142217,651.7606019,624.4190066,597.4233779,637.1581445,563.8796337,569.6912216,629.1133941,577.7096267
0.3,513.4326389,713.6926774,632.1060582,709.3883158,627.214964,628.4100373,549.7334594,651.3869154,624.132038,597.1264394,637.4421748,563.7674786,569.1694374,629.1974862,577.5429046
0.3,512.4052907,713.613937,631.710827,709.3700797,627.1273425,628.2461984,549.3460836,650.8217867,623.8364272,596.8360599,637.7676537,563.5854742,568.6606454,629.2883623,577.3730546
0.3,511.409659,713.5465609,631.2941697,709.3496099,626.722111,628.1127373,548.9585692,650.1158094,623.5252682,596.55602,638.2867682,563.3503716,568.1672402,629.3843639,577.2199131
0.3,510.2986841,713.4860042,630.8914943,709.3659363,626.3315415,627.9557434,548.5707437,649.3332164,623.2140277,596.2591834,638.2580212,563.1221297,567.6901631,629.4831734,577.0590353
0.3,509.024625,713.4226388,630.5201934,709.3802596,625.9598346,627.8595383,548.1833086,648.4928659,622.894865,595.9794476,638.2079284,562.9155449,567.2291683,629.5766226,576.8791092
0.3,507.5333759,713.3553071,630.1937579,709.3901977,625.5990385,627.7663346,547.7965822,647.6141039,622.5828087,595.6710412,638.1313245,562.755255,566.7830881,629.6393126,576.701329
0.3,505.7224927,713.2829491,629.6010659,709.417888,625.1830062,627.6463177,547.4102967,646.571002,622.2393968,595.3417446,638.0249713,562.5952248,566.3591087,629.6972151,576.5090505
0.3,503.4972706,713.204529,628.800107,709.4445093,624.7714215,627.4740511,547.024398,645.2886196,621.9382592,595.0046186,638.5231532,562.456548,565.94346,629.6809913,576.2971949
0.3,500.7589269,713.1188725,627.9451746,709.4719406,624.3638199,627.2924528,546.6393563,643.9931279,621.6068783,594.6597966,638.2365453,562.3432442,565.5319874,629.6581063,576.0288684
0.3,497.4547094,712.9872987,627.0604029,709.4299725,623.9580055,627.0870821,546.2556685,642.703483,621.2820609,594.3373185,637.9789625,562.307063,565.1199645,629.6414587,575.7287754
0.3,493.837569,712.8528777,626.1549855,709.3147671,623.5506542,626.8606333,545.8737543,641.4598493,620.9735737,593.98268,637.7038683,562.2678703,564.7025539,629.614386,575.3727698
0.3,490.527189,712.7151252,625.2301519,709.1771962,623.1392106,626.5808595,545.4940692,640.2868246,620.6622389,593.6652133,637.4640474,562.1640279,564.2754275,629.6002325,574.9658339
0.3,487.5353469,712.5181094,624.3525352,709.035622,622.7222265,626.3031683,545.0783185,639.1382045,620.3732656,593.3180585,637.2445636,562.058407,563.8354745,629.6128469,574.51507
0.3,510.5193697,712.3281503,623.4627742,708.8922588,622.2987666,626.0510795,544.9280747,638.0616368,620.0967353,592.9859294,637.0492399,561.9454873,563.3809988,629.6253441,574.0103871
0.3,509.9204375,712.1091539,622.5707075,708.7631646,621.867748,625.8292512,544.9317978,637.0714077,619.8337239,592.6709246,636.8380168,561.8310358,562.9116429,629.6349225,573.4968166
0.3,509.3800064,711.8990147,621.6919937,708.6354502,621.4286712,625.6055002,544.9916917,636.6315906,619.5314963,592.365156,636.6172469,561.725152,562.4283904,629.6359402,572.9613619
0.3,508.8905764,711.7087089,620.8837229,708.4773551,620.9935221,625.3657183,544.8467293,636.2016765,619.184773,592.0673077,636.3355149,561.6435163,561.9333782,629.630938,572.4084356
0.3,508.4300234,711.5005685,620.1918591,708.317993,620.5942106,625.1461567,544.6744246,635.7833256,618.832445,591.7853039,636.075387,561.5620944,561.4295444,629.5155534,571.843606
0.3,507.8669025,711.3035922,619.5870069,708.1675046,620.1620369,624.8872138,544.4914939,635.3772956,618.477577,591.4807163,635.7590138,561.4947601,560.9251721,629.3833525,571.2733283
0.3,507.1144016,711.0985212,618.9650366,708.0204374,619.6817292,624.6446036,544.2878835,634.8475904,618.1455029,591.1680156,635.5262035,561.40877,560.4254164,629.2478184,570.7043894
0.3,506.2949623,710.8886416,618.4693145,707.8764652,619.1936931,624.4407674,544.0518918,634.2303155,617.8258208,590.8366074,635.2496185,561.2380051,559.929131,629.1167171,570.1543108
0.3,505.4465684,710.6657121,618.0233608,707.6691619,618.6912733,624.2607092,543.7712045,633.238521,617.5034082,590.4763549,635.0456853,561.0478558,559.4388253,628.9720435,569.6201469
0.3,504.5586065,710.4450548,617.5374559,707.4048744,618.1754133,624.110389,543.4009186,632.2341367,617.1590913,590.1201734,634.8521509,560.8599309,558.9557567,628.8907676,569.1058903
0.3,528.1655187,710.1607163,617.0891834,707.1142901,617.6664773,623.9599816,542.8730535,631.2336306,616.780007,589.7714702,634.6496076,560.6603883,558.4798605,628.8397907,568.6130044
0.3,527.4629154,709.8671067,616.5181665,706.8235851,617.1592133,623.8054277,542.3164419,630.2270273,616.5174334,589.4325274,634.4640437,560.432922,558.0096776,628.7988359,568.1937626
0.3,526.7373145,709.57311,615.9614459,706.5414753,616.6658153,623.6425392,541.7078961,629.3941033,616.2371765,589.1046924,634.2870302,560.1815216,557.5425397,628.7118875,567.8021041
0.3,525.54068,709.275444,615.4187806,706.2867895,616.2013537,623.5171851,541.0705525,628.5665677,615.9490014,588.7845724,634.0966243,559.9190469,557.0643543,628.6198026,567.4239258
0.3,524.0884701,708.9830371,614.8783233,706.0274501,615.7450427,623.351815,540.4205782,627.7759795,615.6634699,588.4717089,633.8423313,559.645317,556.5741034,628.5256421,567.0681421
0.3,522.5057637,708.6898861,614.3436825,705.7836916,615.2936609,623.1409958,539.7457003,627.329521,615.3656842,588.1623674,633.6003067,559.3856266,556.0853462,628.4450543,566.7305578
0.3,520.8445402,708.3992854,613.817991,705.6406575,614.8838329,622.915275,539.0318765,626.9339936,615.0580058,587.8735908,633.3803449,559.1094415,555.5979542,628.3977563,566.402907
0.3,519.24703,708.1183883,613.4718809,705.5058032,614.4894689,622.655521,538.2797085,626.5881607,614.7428494,587.5751333,633.0755218,558.8333764,555.1118353,628.3513554,566.0955721
0.3,517.6024243,707.8525218,613.1404863,705.4036177,614.0944645,622.3324076,537.5159249,626.321571,614.422491,587.2060023,632.7629899,558.5665874,554.6268341,628.2942946,565.8061185
0.3,516.044753,707.5747572,612.9898557,705.3072205,613.7326892,622.0102545,536.7360217,626.2543275,614.0987353,586.8342078,632.4445836,558.302047,554.1425665,628.1565587,565.530108
0.3,514.6100911,707.2816002,612.8663446,705.2063043,613.3835881,621.654802,535.8916431,626.1941347,613.7725008,586.4902865,632.1987324,557.9742736,553.658409,627.9702921,565.260207
0.3,513.3165664,707.004956,612.8345523,705.0896752,613.0561201,621.2847217,534.9885707,626.1430538,613.3318039,586.1576771,631.9143679,557.6226931,553.173562,627.7765238,564.9851608
0.3,512.1639527,706.753198,612.761253,704.9678562,612.7027786,620.9275381,533.9759755,626.1017867,612.8943806,585.8196361,631.5088912,557.2768853,552.6866951,627.5844918,564.7014733
0.3,511.2494134,706.4966036,612.6293806,704.8187866,612.3175179,620.6074635,532.8946578,626.0689819,612.5240748,585.4686027,631.1925985,556.9398205,552.1956836,627.3641193,564.4224444
0.3,510.4290115,706.2442369,612.303558,704.6724918,611.9185485,620.31024,531.7795905,626.1050221,612.1546586,585.106216,630.8101401,556.6144395,551.6978002,627.139464,564.1739102
0.3,509.6742126,705.9879617,611.8116883,704.5417528,611.5004646,620.0411458,542.5368977,626.2460429,611.7887415,584.7377545,630.4076985,556.3029347,551.2017072,626.9210458,563.9140253
0.3,508.9599252,705.7256025,611.2946953,704.3835355,611.0636264,619.7593307,541.9784096,626.3840167,611.4232935,584.3207865,630.1275981,555.9944156,550.6764405,626.7129026,563.648336
0.3,508.4186735,705.4667508,610.7733775,704.1996299,610.6017871,619.4875549,541.3887043,626.5106329,611.0356612,583.8275572,629.823423,555.7090331,550.133578,626.5188975,563.3785085
0.3,507.9801014,705.19509,610.2223019,704.0446197,610.1222044,619.2239396,540.7834565,626.6197401,610.6624115,583.3215232,629.5459534,555.438793,549.5715721,626.329917,563.0949069
0.3,507.5038531,704.9045855,609.7073429,703.8925272,609.6130615,618.9384124,540.155346,626.7056981,610.2821619,582.8040431,629.1962326,555.2007032,548.9891313,626.1734686,562.7774071
0.3,507.3742159,704.6178535,609.1780485,703.7464154,609.0782665,618.6679419,539.5244166,626.774028,609.8951606,582.2011117,628.8638645,554.9565132,548.3852662,626.022206,562.4515001
0.3,507.2667532,704.3665527,608.7174348,703.6453168,608.517608,618.4127006,538.8811723,627.0070045,609.502619,581.4770218,628.4242521,554.6851157,547.7596272,625.8892184,562.1206988
0.3,507.2069962,704.1289542,608.2823624,703.5139333,607.9325391,618.1877428,538.2560438,627.178501,609.106322,580.690214,627.9943709,554.4061679,547.1126404,625.7943811,561.7830237
0.3,507.1815669,703.9019763,607.8556435,703.3306149,607.3253907,617.9900558,537.6516627,627.2792923,608.6985241,579.8593783,627.6365728,554.1244011,546.4451386,625.7042714,561.3544448
0.3,507.16602,703.7447323,607.4364499,703.1561463,606.6979729,617.7992133,537.0995083,627.2350514,608.2250488,578.9981346,627.354529,553.8424858,545.7580234,625.6449424,560.8457631
0.3,507.1658973,703.6126529,607.0101016,702.9738169,606.0509629,617.5921773,536.6318409,627.1641454,607.7936743,578.0924873,627.0134463,553.5593441,545.0523208,625.6463462,560.3114
0.3,507.2456722,703.4935918,606.6094336,702.7577002,605.3849257,617.4141867,536.197094,627.0758439,607.3682528,577.156926,626.6890179,553.3098682,544.3283063,625.6511151,559.7042727
0.3,507.3103052,703.3923941,606.1580879,702.5314249,604.6606854,617.3527942,535.8123929,626.9770433,606.8946407,576.2082768,626.3335546,553.0558353,543.5921357,625.6556407,559.055861
0.3,507.3574155,703.2886565,605.6189392,702.2930431,603.9162528,617.2842171,535.4605614,626.8723724,606.4386605,575.2625562,625.995803,552.7912663,542.8485067,625.6562008,558.3618154
0.3,507.3902853,703.1872761,605.1705008,702.0445401,603.1662978,617.2025568,535.1632657,626.7649486,605.9685638,574.338536,625.6554955,552.51267,542.0866791,625.649281,557.6210118
0.3,507.0112075,703.0879113,604.6654882,701.8185921,602.4128891,617.1161394,534.8450488,626.6558905,605.5094739,573.5614879,625.3055067,552.224388,541.3041139,625.6371028,556.839286
0.3,506.9106019,702.9888866,604.1051304,701.6351815,601.658329,617.0016489,534.4247444,626.4401152,605.0752961,572.8491331,624.9110919,551.9285172,540.4648222,625.5712595,573.6533934
0.3,507.3371796,702.8863074,603.5035655,701.4664321,600.9064769,616.8606395,534.01525,626.1855535,604.6623647,572.2239847,624.4947028,551.6169764,539.594197,625.4535715,573.3616671
0.3,507.8182265,702.7847072,602.8389359,701.2821841,600.1622885,616.7184247,533.6032201,625.9815466,604.2709252,571.6425491,624.1222286,551.2753779,538.6890149,625.2556958,573.0867732
0.3,508.4431433,702.699449,602.1788987,701.0358868,599.5151059,616.5762368,533.1969,625.7809682,603.9154061,571.1221089,623.6671653,550.9346386,550.5428271,625.0762455,572.8219874
0.3,509.0687717,702.6124462,601.4664879,700.7443301,598.8646373,616.4624842,532.7724141,625.6590443,603.5599016,570.6609692,623.2830017,550.5998717,550.2453794,624.9645692,572.5694119
0.3,509.6537098,702.5203768,600.6900108,700.4625635,598.2154627,616.3171589,532.3453074,625.4092758,603.2029656,570.2472215,622.8914276,550.2828321,549.9395609,624.8592148,572.3259676
0.3,510.1541225,702.4097864,599.8926535,700.2221533,597.5727685,616.1587362,531.9200541,625.1344277,602.9959429,569.89127,622.4770104,549.9772114,549.6219354,624.811699,572.1162656
0.3,510.5439252,702.2968231,599.0727184,699.9532104,596.94157,616.0022542,531.439727,624.8684216,602.6851143,569.5698484,622.1325994,549.7442568,549.2891985,624.7800577,571.917987
0.3,510.8213059,702.1813759,598.2373393,699.6818747,596.3260838,615.899845,530.9341658,624.6205053,602.2572598,569.2700734,621.7885925,549.5713455,548.9384242,624.775646,571.7293162
0.3,511.0071005,702.0639662,597.4069166,699.4203318,595.6824157,615.8964215,530.4305233,624.3913684,601.8238573,568.9956453,621.4489589,549.3280845,548.5670612,624.7672078,571.54195
0.3,511.1341865,701.9574249,596.6584686,699.2402421,595.0498029,615.9677896,529.8703823,624.186433,601.413906,568.6887607,621.0780513,549.0935851,548.1726989,624.7377048,571.3566933
0.3,510.3615881,701.8173308,595.9882782,699.066856,594.4376724,616.0274923,529.2601979,623.9920858,600.9870011,568.4145813,620.9072294,548.8674312,547.7534108,624.6994225,571.1724864
0.3,509.5711646,701.6321728,595.2926978,698.9124418,593.848596,616.0493489,528.6497131,623.8201329,600.5396096,568.2165106,620.6993134,548.6633052,547.2502969,624.6714134,570.9768028
0.3,509.3777027,701.4442665,594.6581157,698.838194,593.2843051,616.0556191,528.0816818,623.4625063,610.5628619,568.0149641,620.4827666,548.4675269,546.6978376,624.6678764,570.7748611
0.3,509.3521824,701.2546623,594.0496533,698.7904814,592.7464935,616.0898533,527.5306677,623.1019942,610.3903383,567.8065865,620.2353004,548.2751851,546.1080399,624.6778397,570.5642717
0.3,509.4942026,701.0648829,593.4282078,698.7335568,592.2479053,616.1252617,526.9957873,622.7353079,610.2170384,567.601191,619.9765911,548.0845639,545.4805201,624.6823528,570.3419668
0.3,509.8442344,700.8762256,592.8353864,698.6888348,591.8107324,616.1326809,526.481228,622.365014,610.0427803,567.3921231,619.728554,547.8901609,544.8143976,624.7134624,570.1044845
0.3,509.7626422,700.6892517,592.2340951,698.573074,591.4024081,616.0621783,525.9638046,621.889756,609.867208,567.1719276,619.3546751,547.6962162,544.1081499,624.7470085,569.8463836
0.3,509.902101,700.5037576,591.6703633,698.4789205,591.0219133,615.9828883,525.4432756,621.4297996,609.6901937,566.9260123,619.0050334,547.4971127,546.4256142,624.7490178,569.5703277
0.3,510.0437011,700.3197553,591.0879175,698.4085426,590.6681983,615.9167798,524.9408653,620.9156204,609.5120365,566.6351579,618.7226733,547.2398945,545.8168331,624.6961428,569.2928944
0.3,510.1773522,700.1375702,590.5607043,698.3137052,590.3412628,615.8522786,524.43054,620.4599049,609.2412669,566.2927037,618.4457762,546.9783697,545.1992852,624.5923757,568.998051
0.3,510.2420499,699.9572516,590.092196,698.2078331,590.0503359,615.7828167,523.9052532,619.9863543,608.9679631,565.9215023,618.0993045,546.652852,544.5733839,624.4725806,568.7018214
0.3,510.3308781,699.7782005,589.7098586,698.0802065,589.7787437,615.7186148,523.3661897,619.4159523,608.7478529,565.5216654,617.7463179,546.308823,543.9389009,624.3488994,568.4199522
0.3,510.4226331,699.5871549,589.3268321,697.9989572,589.5227332,615.6479092,522.7374786,618.6479507,608.5218473,565.0946744,617.6049658,545.9634092,543.294166,624.2267797,568.1512978
0.3,510.52603,699.3758762,589.0209299,697.8874941,589.2785449,615.55328,521.9584025,617.7465685,608.3005392,564.6440786,617.454115,545.6152312,542.6362015,624.1382458,567.8776415
0.3,510.5656674,699.1375033,588.8210033,697.7667773,589.0428001,615.4407988,521.1759003,616.7575692,608.1107895,564.1753794,617.3393972,545.2627139,541.9332489,624.019415,567.6024562
0.3,510.5276029,698.8932102,588.6504273,697.659946,588.8120188,615.3186257,520.3552189,615.6564556,607.9466353,563.6955507,617.2146805,544.9085519,541.0562164,623.9237565,567.3256583
0.3,510.4341583,698.6434591,588.5117149,697.5626256,588.5491222,615.1856533,519.4840505,614.5096341,607.7776323,563.2125896,617.0684047,544.5476335,540.1523427,623.8538542,567.0760392
0.3,510.0334173,698.3880742,588.4088589,697.4464923,588.2815425,615.0414345,518.5374885,613.2898951,607.6220407,562.7347006,616.8858853,544.1856876,539.222415,623.7704717,566.8203287
0.3,509.2731401,698.1272024,588.3435264,697.3345847,588.0179589,614.8004124,517.5190225,612.0517332,607.4322787,562.2696453,616.5728622,543.813414,538.2692007,623.6703707,566.5584762
0.3,508.1804143,697.8691913,588.4011656,697.1876876,587.7569832,614.4979869,524.3647824,610.5060114,607.2617071,561.8271908,616.14613,543.4203735,537.2953843,623.5767131,566.2904281
0.3,507.114744,697.6200666,588.3879123,697.0421992,587.4907209,614.1955839,523.6137917,608.9848865,607.0648185,561.4207174,615.7139772,542.9935292,536.3020401,623.4446489,566.0359001
0.3,506.7248454,697.3739405,588.1840053,696.8993094,587.2233058,613.8852811,522.8248104,607.5135481,606.8754407,561.0458367,615.3000795,542.5449807,535.2893514,623.206718,565.7776796
0.3,506.8597621,697.142519,588.1823083,696.7168867,586.9525554,613.6185546,521.9937614,606.2257997,606.675118,560.7112078,614.9118457,542.074137,534.2576604,622.9697525,565.5143313
0.3,506.9983458,696.9143451,588.1845225,696.5610491,586.6651671,613.3407195,521.1467761,605.0078264,606.4287941,560.4273467,614.5549646,541.5843201,533.2080538,622.7623568,565.2438403
0.3,507.1849441,696.6907904,588.1972999,696.369472,586.3560558,613.0782985,520.2845013,603.9650547,606.1357021,570.5675206,614.2618154,541.0994171,532.1428363,622.5085636,564.9661613
0.3,507.4681493,696.4818959,588.2263438,696.1713972,586.0131797,612.5643828,519.4155858,603.0615808,605.7779717,570.559274,614.0010657,540.6381796,539.1014694,622.244877,564.6748805
0.3,507.8286961,696.3085908,588.4597123,695.9631936,585.6263325,612.068975,518.5293095,602.3008342,605.3893422,570.6602419,613.7278313,540.1833993,538.5501997,621.9791447,564.3708838
0.3,508.1807892,696.1450661,588.6936228,695.8166393,585.1869239,611.6303486,517.6647843,601.7597821,604.9609989,570.8833335,613.5061719,539.7050483,538.022841,621.7205031,564.0477941
0.3,508.5252174,695.9885361,588.9187232,695.6864545,584.688505,611.2254282,516.8550895,601.3973018,604.5009055,571.229884,613.2806069,539.211545,537.5188534,621.4950438,563.7269007
0.3,508.8615728,695.8359377,589.123726,695.6169294,584.0903797,610.8356294,516.0485296,601.1236521,603.9593043,571.6843453,613.0877126,538.7144752,537.0356195,621.2983922,563.4089599
0.3,509.1360118,695.6765574,589.1816192,695.549347,583.4217659,610.4882968,515.2511,600.9036527,603.3250223,572.2106012,612.8931174,538.2143983,536.5688632,621.1552139,563.0868103
0.3,509.4403894,695.4934796,589.2512482,695.4134137,582.6843601,610.1012963,514.4862006,600.6422884,602.5646224,572.75351,612.527234,537.7117412,536.1129671,621.1132236,562.760325
0.3,509.7143141,695.3390437,589.3500639,695.2791616,581.8634114,609.727982,513.7284379,600.0583653,601.7270182,573.2583996,612.139323,537.2064262,535.6617405,621.0920956,562.4289574
0.3,509.9836208,695.1882419,589.2752715,695.1310394,580.978548,609.3604258,512.9661971,599.3888817,600.8681053,573.652935,611.7416589,536.6943343,535.2084068,621.0042902,562.0917358
0.3,511.2381287,695.0438631,589.1223967,694.9626956,580.0397341,608.9952416,512.2183056,598.6174268,599.9992699,573.0766409,611.3255146,536.1748443,534.7455497,620.9310509,561.7520174
0.3,512.4770346,694.8974605,589.0546535,694.768528,579.0561857,608.6548138,511.4859565,597.7683973,599.1303178,572.5408471,610.9100682,535.5667002,534.2656362,620.8487739,561.3987723
0.3,513.1612044,694.7469996,589.0617493,694.5342968,578.0376113,608.2697537,510.7753906,596.8102195,598.2686628,572.1210291,610.5163611,534.8503136,533.7615476,620.8029475,561.0302932
0.3,513.6576721,694.5778064,589.0747987,694.2831897,576.9935375,607.875712,510.067028,595.5887289,598.2038882,571.7206241,610.1310076,534.1092607,533.227426,620.768349,560.6055289
0.3,514.0271165,694.3965003,589.119196,694.0151085,575.9323759,607.415318,509.3895636,594.2649119,597.3326041,571.3352839,609.6784515,533.3390086,532.6591101,620.7170165,560.1720138
0.3,514.2561867,694.1848083,589.3698065,693.7465859,574.8609068,606.8995275,508.7189907,592.8832596,596.4824418,570.9600702,609.2356422,532.5390558,532.054449,620.6769082,559.7368906
0.3,514.3659469,693.9639353,589.5825503,693.4648238,573.7846753,606.3776645,508.1069706,591.5137273,595.6493544,570.5896003,608.7741784,531.7065103,531.4131325,620.6423658,559.2974522
0.3,514.3691769,693.7338963,589.7688404,693.1880811,572.7081803,605.8633828,507.4875645,590.3336297,594.8255366,570.2185771,608.3226888,530.846068,530.735762,620.6412453,558.850142
0.3,514.1882903,693.4883439,589.5729843,692.8911065,571.6350211,605.3599754,506.8015887,589.1094253,593.9998101,569.8338662,607.8986036,529.9558742,530.0236955,620.6439857,558.3949485
0.3,513.7382307,693.1739102,589.3144225,692.5391664,570.5677328,604.8705966,506.0702461,587.8155575,593.1581811,569.4277831,607.4499209,529.0556914,529.2787297,620.6325703,557.9240059
0.3,513.2639774,692.8475659,589.0837444,692.1930424,569.508086,604.3976715,505.2767941,586.4533637,592.2900938,569.0111917,607.0528669,528.1406236,528.5031062,620.6653838,557.4473029
0.3,512.7785322,692.5091673,588.8811278,691.8860878,568.4317296,603.9427494,504.3753479,586.8243241,591.392878,568.5827832,606.6547032,527.2201952,527.6997549,620.6936104,556.9592858
0.3,512.2745054,692.1601651,588.592441,691.583115,567.3641288,603.5061185,503.4237358,585.9289868,590.4228421,567.8780974,606.2224752,526.3043859,526.8726031,620.7214058,556.4668394
0.3,511.773744,691.8028181,588.0959076,691.2419651,566.3093409,603.0423721,502.4216905,584.9770031,589.3590084,567.017709,605.7775989,525.3975613,526.1770707,620.7555559,555.9559372
0.3,511.1642542,691.4393138,587.710643,691.0085069,565.2688643,602.5303555,501.3707865,583.9919113,588.1898061,566.0726628,605.3123457,524.5450316,525.3762978,620.806795,555.4311879
0.3,510.2957989,691.0709797,587.3456912,690.7698862,564.243614,602.0386237,500.276098,582.9414072,586.8962209,565.1394938,604.8782395,523.7107875,524.5671617,620.8490219,554.9002147
0.3,509.4457977,690.6983318,586.9042737,690.5283392,563.2339308,601.5740205,499.145997,581.7595894,585.4651938,564.1446829,604.4598685,522.8988479,523.7735246,620.8725737,554.3542511
0.3,508.6284545,690.2978963,586.4724993,690.2405146,562.2391183,601.0810578,510.026254,566.527399,583.860732,563.0625385,604.0539078,522.110489,522.8433773,620.8277068,553.818884
0.3,507.8562802,689.8847647,586.0259375,689.9445817,561.2568694,600.6010461,509.0355428,566.2619302,582.1227488,561.8858515,603.7549665,521.3483387,521.9550772,620.7849319,553.2793482
0.3,507.5109817,689.4665205,585.5490661,689.6358288,560.2836878,600.1323795,508.0404694,566.2002652,580.265627,560.5795308,603.4726225,520.6162999,521.028289,620.7436981,552.7471399
0.3,507.1836049,689.063264,585.0739449,689.3173779,559.3158193,599.6724436,507.0467679,566.2804582,578.3117634,533.9850634,603.1955524,519.9106174,519.9818096,620.7395652,552.2174782
0.3,506.5753839,688.6501912,584.4433084,688.9928648,558.3497765,599.2177467,506.0547627,566.3497592,576.2890897,533.2994522,602.8247507,519.2296417,518.9555763,620.747724,551.6855485
0.3,505.5804968,688.2293441,584.1115531,688.6661999,557.3824526,598.7640888,505.0038064,566.4126538,574.2270812,532.5883125,602.4832522,518.5738582,517.9228803,620.7470728,551.1869788
0.3,504.504456,687.7950793,583.7287133,688.3898967,556.4115205,598.2845592,503.8874692,566.4753694,581.5704098,531.8504366,602.1814304,517.9367413,516.8071426,620.7373111,550.6849319
0.3,503.6139844,687.3600874,583.3177935,688.1248421,555.4362237,597.8562674,508.8477418,566.5453598,580.3960759,531.071316,601.8986349,517.3163486,515.6659338,620.6641055,550.1607604
0.3,502.5247144,686.9267175,582.8172585,687.8833279,554.4577093,597.4213683,508.0889476,566.6297322,579.1536681,530.2120828,601.7169378,516.7365275,514.4965716,620.5370247,549.6259477
0.3,501.4963651,686.4968813,582.2002825,687.6525467,553.4782043,596.9649681,507.3548022,566.734032,577.8380728,529.2609103,601.5087853,516.1587199,513.297917,620.4106529,549.0500629
0.3,500.5376758,686.0724066,581.4567192,687.4482823,552.4996267,596.4847578,506.635626,566.8610359,576.4467922,528.24794,601.3024568,515.628996,512.0886198,620.3215649,548.449235
0.3,499.4301492,685.6540724,580.6467662,687.1962489,551.5235981,595.9807982,505.9780272,567.0846584,574.9808728,527.2015414,601.0733486,516.6535015,510.8637991,620.2507998,547.8341029
0.3,498.1639504,685.2057766,579.635778,686.956926,550.5520255,595.4549345,505.3261889,567.3324188,573.4443006,526.1257368,600.822596,516.332518,509.6074403,620.1556992,547.2061692
0.3,497.0661155,684.7626347,578.8577329,686.7333822,549.5876294,594.9187745,504.8287372,567.6948984,571.8077913,525.0674307,600.5728604,516.0229052,508.1411423,620.1038756,546.5667888
0.3,507.2392117,684.3152053,578.0551483,686.5684612,548.6329047,594.3915848,504.1413152,568.1967842,570.0991258,524.0559774,600.3098,515.7032407,506.6490237,620.0577659,545.9164689
0.3,506.8602921,683.8834277,577.2337764,686.4272227,547.6887176,593.8126795,503.5176262,568.9062945,568.3297271,523.1577016,600.0595451,515.3721191,505.1298304,620.0335783,545.2391103
0.3,506.4198214,683.4605608,576.397356,686.2905781,546.7551617,593.1769315,502.8586172,569.6142346,566.5024237,522.2859433,599.7865759,514.9850887,503.5817114,620.1210653,544.555319
0.3,506.0714718,683.0480131,576.154468,686.1744303,545.8328396,592.5200143,502.0876865,570.2355495,564.6200589,521.4443963,599.4869883,514.5637047,528.8886888,620.2079449,558.7131489
0.3,505.7409439,682.6356621,575.9571243,686.0689805,544.9232534,591.833315,501.4402663,570.703353,580.0672351,520.6347738,599.0345561,525.562657,528.0212151,620.2141998,558.2132598
0.3,505.2755791,682.2239051,575.761439,685.9647895,544.0274703,591.0928836,500.5628802,571.1404317,579.2259876,519.8567147,598.633397,525.15893,527.0934778,620.2313206,557.7135907
0.3,504.9160157,681.8095199,575.5701711,685.8571291,543.1908473,590.370082,499.80145,571.537257,578.3737272,519.1081854,598.31993,524.7388795,526.1059577,620.261351,557.2127592
0.3,504.19061,681.3900695,575.5590264,685.7332464,542.365225,589.5866948,498.8446451,571.8866326,577.5082658,518.3858843,598.0242368,524.3077741,525.0582737,620.2997329,556.7100716
0.3,503.2328808,680.9631904,575.498396,685.6071098,541.5040398,588.7880999,497.9126103,572.0720662,576.6271185,517.6859071,597.6802881,523.8714055,523.9484249,620.3463024,556.20425
0.3,502.2739662,680.5270216,575.2754241,685.4213681,540.6395343,587.9788012,496.9660396,572.1927602,575.7138445,517.0046408,597.2387762,523.4354581,522.7732848,620.3943822,555.6936341
0.3,501.3517571,680.0803303,574.8263332,685.1616684,539.74555,587.1306218,495.8533165,572.2757402,574.7306998,516.4411129,596.6795714,523.00526,521.5286103,620.4809688,555.1761075
0.3,500.6891546,679.6228562,574.46508,684.8975429,538.8168841,586.2674862,493.676906,572.3283542,573.7270986,515.8862038,596.1092732,522.5858208,520.2103429,620.5427077,554.6494659
0.3,500.4499932,679.1211362,574.1264322,684.6177416,537.8526937,585.4277316,492.5705882,572.3593869,572.6985931,515.3376358,595.5341407,522.1815101,518.812792,620.5978748,554.1117187
0.3,500.2234225,678.5976628,573.7337362,684.3112351,536.8828116,584.5820994,491.4303147,572.3778446,571.6404646,514.850818,594.9612647,521.7957763,525.4636467,620.6291976,553.5611463
0.3,499.9919033,678.0687161,573.1889088,683.9795612,535.8737173,583.7096941,505.6684369,572.3953843,570.5493677,514.3624026,594.3957373,521.4308959,524.8785616,620.6447579,552.9316809
0.3,499.3986311,677.5410138,572.576423,683.6416761,534.8144219,582.8223481,504.9701892,572.4189519,569.4247792,513.8174849,593.8402955,521.0851771,524.2649488,620.6647346,552.2719888
0.3,498.7634113,677.0119539,578.5546101,683.2343817,533.7243798,581.9249392,504.2306622,572.2488508,568.2701782,513.2700009,593.2864289,520.7242916,523.6120755,620.6423888,551.5858772
0.3,498.0971416,676.5275689,578.2750388,682.8256174,532.4592462,581.0126945,503.4466151,572.07862,567.0805244,512.7196151,592.6668145,520.3040038,522.9753293,620.5297921,550.877001
0.3,497.4093801,676.037083,578.211065,682.48858,531.0523478,580.0790233,502.6146298,571.9179443,565.8468818,512.1672429,592.0681958,519.902114,522.2879623,620.4331074,550.1503159
0.3,496.7663572,675.5368915,578.3046306,682.1712657,529.5091346,579.060315,501.7289321,571.7749829,564.5940962,511.6150284,591.4957178,519.5255562,521.5811751,620.330528,549.4116209
0.3,496.1854393,675.0100964,578.3497267,681.8955597,527.8199484,583.6350089,500.7556716,571.6545253,563.3322439,511.1449497,590.9475506,519.1637718,520.846346,620.2417377,548.6748178
0.3,495.5884078,674.4536575,578.2107152,681.6252307,525.9746444,582.8195325,499.5644286,571.3071253,562.0715188,510.7071424,590.422233,518.8080405,520.0222069,620.1543856,547.9371313
0.3,494.9760556,673.8666261,578.0030458,681.3426116,523.963888,588.3903453,498.277932,570.932779,560.7720467,510.2955559,589.8511422,518.4449286,519.1788241,620.0109601,547.2126173
